loc_valid,lat,lng,fix,date_valid,year,month,day,time_valid,hour,minute,second,subseconds,speed_valid,speed,course_valid,course,alt_valid,altitude,sats,hdop,stats_valid,stats_invalid,updated
1,32.9905000,-106.9750000,3,1,2026,8,18,1,12,0,0,0,1,0.0000,1,90.00,1,1401.00,11,0.9,1,0,1
1,32.9905000,-106.9750000,3,1,2026,8,18,1,12,0,0,1,1,0.0000,1,90.00,1,1401.00,11,0.9,2,0,1
1,32.9905000,-106.9750000,3,1,2026,8,18,1,12,0,0,2,1,0.0000,1,90.00,1,1401.00,11,0.9,3,0,1
1,32.9905000,-106.9750000,3,1,2026,8,18,1,12,0,0,3,1,0.0000,1,90.00,1,1401.00,11,0.9,4,0,1
1,32.9905000,-106.9750000,3,1,2026,8,18,1,12,0,0,4,1,0.0000,1,90.00,1,1401.00,11,0.9,5,0,1
1,32.9905000,-106.9750000,3,1,2026,8,18,1,12,0,0,5,1,0.0000,1,90.00,1,1401.00,11,0.9,6,0,1
1,32.9905000,-106.9750000,3,1,2026,8,18,1,12,0,0,6,1,0.0000,1,90.00,1,1401.00,11,0.9,7,0,1
1,32.9905000,-106.9750000,3,1,2026,8,18,1,12,0,0,7,1,0.0000,1,90.00,1,1401.00,11,0.9,8,0,1
1,32.9905000,-106.9750000,3,1,2026,8,18,1,12,0,0,8,1,0.0000,1,90.00,1,1401.00,11,0.9,9,0,1
1,32.9905000,-106.9750000,3,1,2026,8,18,1,12,0,0,9,1,0.0000,1,90.00,1,1401.00,11,0.9,10,0,1
1,32.9905000,-106.9750000,3,1,2026,8,18,1,12,0,0,10,1,0.0000,1,90.00,1,1401.00,11,0.9,11,0,1
1,32.9905000,-106.9750000,3,1,2026,8,18,1,12,0,0,11,1,0.0000,1,90.00,1,1401.00,11,0.9,12,0,1
1,32.9905000,-106.9750000,3,1,2026,8,18,1,12,0,0,12,1,0.0000,1,90.00,1,1401.00,11,0.9,13,0,1
1,32.9905000,-106.9750000,3,1,2026,8,18,1,12,0,0,13,1,0.0000,1,90.00,1,1401.00,11,0.9,14,0,1
1,32.9905000,-106.9750000,3,1,2026,8,18,1,12,0,0,14,1,0.0000,1,90.00,1,1401.00,11,0.9,15,0,1
1,32.9905000,-106.9750000,3,1,2026,8,18,1,12,0,0,15,1,0.0000,1,90.00,1,1401.00,11,0.9,16,0,1
1,32.9905000,-106.9750000,3,1,2026,8,18,1,12,0,0,16,1,0.0000,1,90.00,1,1401.00,11,0.9,17,0,1
1,32.9905000,-106.9750000,3,1,2026,8,18,1,12,0,0,17,1,0.0000,1,90.00,1,1401.00,11,0.9,18,0,1
1,32.9905000,-106.9750000,3,1,2026,8,18,1,12,0,0,18,1,0.0000,1,90.00,1,1401.00,11,0.9,19,0,1
1,32.9905000,-106.9750000,3,1,2026,8,18,1,12,0,0,19,1,0.0000,1,90.00,1,1401.00,11,0.9,20,0,1
1,32.9905000,-106.9750000,3,1,2026,8,18,1,12,0,0,20,1,0.0000,1,90.00,1,1401.00,11,0.9,21,0,1
1,32.9905000,-106.9750000,3,1,2026,8,18,1,12,0,0,21,1,0.0000,1,90.00,1,1401.00,11,0.9,22,0,1
1,32.9905000,-106.9750000,3,1,2026,8,18,1,12,0,0,22,1,0.0000,1,90.00,1,1401.00,11,0.9,23,0,1
1,32.9905000,-106.9750000,3,1,2026,8,18,1,12,0,0,23,1,0.0000,1,90.00,1,1401.00,11,0.9,24,0,1
1,32.9905000,-106.9750000,3,1,2026,8,18,1,12,0,0,24,1,0.0000,1,90.00,1,1401.00,11,0.9,25,0,1
1,32.9905000,-106.9750000,3,1,2026,8,18,1,12,0,0,25,1,0.0000,1,90.00,1,1401.00,11,0.9,26,0,1
1,32.9905000,-106.9750000,3,1,2026,8,18,1,12,0,0,26,1,0.0000,1,90.00,1,1401.00,11,0.9,27,0,1
1,32.9905000,-106.9750000,3,1,2026,8,18,1,12,0,0,27,1,0.0000,1,90.00,1,1401.00,11,0.9,28,0,1
1,32.9905000,-106.9750000,3,1,2026,8,18,1,12,0,0,28,1,0.0000,1,90.00,1,1401.00,11,0.9,29,0,1
1,32.9905000,-106.9750000,3,1,2026,8,18,1,12,0,0,29,1,0.0000,1,90.00,1,1401.00,11,0.9,30,0,1
1,32.9905000,-106.9750000,3,1,2026,8,18,1,12,0,0,30,1,0.0000,1,90.00,1,1401.00,11,0.9,31,0,1
1,32.9905000,-106.9750000,3,1,2026,8,18,1,12,0,0,31,1,0.0000,1,90.00,1,1401.00,11,0.9,32,0,1
1,32.9905000,-106.9750000,3,1,2026,8,18,1,12,0,0,32,1,0.0000,1,90.00,1,1401.00,11,0.9,33,0,1
1,32.9905000,-106.9750000,3,1,2026,8,18,1,12,0,0,33,1,0.0000,1,90.00,1,1401.00,11,0.9,34,0,1
1,32.9905000,-106.9750000,3,1,2026,8,18,1,12,0,0,34,1,0.0000,1,90.00,1,1401.00,11,0.9,35,0,1
1,32.9905000,-106.9750000,3,1,2026,8,18,1,12,0,0,35,1,0.0000,1,90.00,1,1401.00,11,0.9,36,0,1
1,32.9905000,-106.9750000,3,1,2026,8,18,1,12,0,0,36,1,0.0000,1,90.00,1,1401.00,11,0.9,37,0,1
1,32.9905000,-106.9750000,3,1,2026,8,18,1,12,0,0,37,1,0.0000,1,90.00,1,1401.00,11,0.9,38,0,1
1,32.9905000,-106.9750000,3,1,2026,8,18,1,12,0,0,38,1,0.0000,1,90.00,1,1401.00,11,0.9,39,0,1
1,32.9905000,-106.9750000,3,1,2026,8,18,1,12,0,0,39,1,0.0000,1,90.00,1,1401.00,11,0.9,40,0,1
1,32.9905000,-106.9750000,3,1,2026,8,18,1,12,0,0,40,1,0.0000,1,90.00,1,1401.00,11,0.9,41,0,1
1,32.9905000,-106.9750000,3,1,2026,8,18,1,12,0,0,41,1,0.0000,1,90.00,1,1401.00,11,0.9,42,0,1
1,32.9905000,-106.9750000,3,1,2026,8,18,1,12,0,0,42,1,0.0000,1,90.00,1,1401.00,11,0.9,43,0,1
1,32.9905000,-106.9750000,3,1,2026,8,18,1,12,0,0,43,1,0.0000,1,90.00,1,1401.00,11,0.9,44,0,1
1,32.9905000,-106.9750000,3,1,2026,8,18,1,12,0,0,44,1,0.0000,1,90.00,1,1401.00,11,0.9,45,0,1
1,32.9905000,-106.9750000,3,1,2026,8,18,1,12,0,0,45,1,0.0000,1,90.00,1,1401.00,11,0.9,46,0,1
1,32.9905000,-106.9750000,3,1,2026,8,18,1,12,0,0,46,1,0.0000,1,90.00,1,1401.00,11,0.9,47,0,1
1,32.9905000,-106.9750000,3,1,2026,8,18,1,12,0,0,47,1,0.0000,1,90.00,1,1401.00,11,0.9,48,0,1
1,32.9905000,-106.9750000,3,1,2026,8,18,1,12,0,0,48,1,0.0000,1,90.00,1,1401.00,11,0.9,49,0,1
1,32.9905000,-106.9750000,3,1,2026,8,18,1,12,0,0,49,1,0.0000,1,90.00,1,1401.00,11,0.9,50,0,1
1,32.9905000,-106.9750000,3,1,2026,8,18,1,12,0,0,50,1,0.0000,1,90.00,1,1401.00,11,0.9,51,0,1
1,32.9905000,-106.9750000,3,1,2026,8,18,1,12,0,0,51,1,0.0000,1,90.00,1,1401.00,11,0.9,52,0,1
1,32.9905000,-106.9750000,3,1,2026,8,18,1,12,0,0,52,1,0.0000,1,90.00,1,1401.00,11,0.9,53,0,1
1,32.9905000,-106.9750000,3,1,2026,8,18,1,12,0,0,53,1,0.0000,1,90.00,1,1401.00,11,0.9,54,0,1
1,32.9905000,-106.9750000,3,1,2026,8,18,1,12,0,0,54,1,0.0000,1,90.00,1,1401.00,11,0.9,55,0,1
1,32.9905000,-106.9750000,3,1,2026,8,18,1,12,0,0,55,1,0.0000,1,90.00,1,1401.00,11,0.9,56,0,1
1,32.9905000,-106.9750000,3,1,2026,8,18,1,12,0,0,56,1,0.0000,1,90.00,1,1401.00,11,0.9,57,0,1
1,32.9905000,-106.9750000,3,1,2026,8,18,1,12,0,0,57,1,0.0000,1,90.00,1,1401.00,11,0.9,58,0,1
1,32.9905000,-106.9750000,3,1,2026,8,18,1,12,0,0,58,1,0.0000,1,90.00,1,1401.00,11,0.9,59,0,1
1,32.9905000,-106.9750000,3,1,2026,8,18,1,12,0,0,59,1,0.0000,1,90.00,1,1401.00,11,0.9,60,0,1
1,32.9905000,-106.9750000,3,1,2026,8,18,1,12,0,0,60,1,0.0000,1,90.00,1,1401.00,11,0.9,61,0,1
1,32.9905000,-106.9750000,3,1,2026,8,18,1,12,0,0,61,1,0.0000,1,90.00,1,1401.00,11,0.9,62,0,1
1,32.9905000,-106.9750000,3,1,2026,8,18,1,12,0,0,62,1,0.0000,1,90.00,1,1401.00,11,0.9,63,0,1
1,32.9905000,-106.9750000,3,1,2026,8,18,1,12,0,0,63,1,0.0000,1,90.00,1,1401.00,11,0.9,64,0,1
1,32.9905000,-106.9750000,3,1,2026,8,18,1,12,0,0,64,1,0.0000,1,90.00,1,1401.00,11,0.9,65,0,1
1,32.9905000,-106.9750000,3,1,2026,8,18,1,12,0,0,65,1,0.0000,1,90.00,1,1401.00,11,0.9,66,0,1
1,32.9905000,-106.9750000,3,1,2026,8,18,1,12,0,0,66,1,0.0000,1,90.00,1,1401.00,11,0.9,67,0,1
1,32.9905000,-106.9750000,3,1,2026,8,18,1,12,0,0,67,1,0.0000,1,90.00,1,1401.00,11,0.9,68,0,1
1,32.9905000,-106.9750000,3,1,2026,8,18,1,12,0,0,68,1,0.0000,1,90.00,1,1401.00,11,0.9,69,0,1
1,32.9905000,-106.9750000,3,1,2026,8,18,1,12,0,0,69,1,0.0000,1,90.00,1,1401.00,11,0.9,70,0,1
1,32.9905000,-106.9750000,3,1,2026,8,18,1,12,0,0,70,1,0.0000,1,90.00,1,1401.00,11,0.9,71,0,1
1,32.9905000,-106.9750000,3,1,2026,8,18,1,12,0,0,71,1,0.0000,1,90.00,1,1401.00,11,0.9,72,0,1
1,32.9905000,-106.9750000,3,1,2026,8,18,1,12,0,0,72,1,0.0000,1,90.00,1,1401.00,11,0.9,73,0,1
1,32.9905000,-106.9750000,3,1,2026,8,18,1,12,0,0,73,1,0.0000,1,90.00,1,1401.00,11,0.9,74,0,1
1,32.9905000,-106.9750000,3,1,2026,8,18,1,12,0,0,74,1,0.0000,1,90.00,1,1401.00,11,0.9,75,0,1
1,32.9905000,-106.9750000,3,1,2026,8,18,1,12,0,0,75,1,0.0000,1,90.00,1,1401.00,11,0.9,76,0,1
1,32.9905000,-106.9750000,3,1,2026,8,18,1,12,0,0,76,1,0.0000,1,90.00,1,1401.00,11,0.9,77,0,1
1,32.9905000,-106.9750000,3,1,2026,8,18,1,12,0,0,77,1,0.0000,1,90.00,1,1401.00,11,0.9,78,0,1
1,32.9905000,-106.9750000,3,1,2026,8,18,1,12,0,0,78,1,0.0000,1,90.00,1,1401.00,11,0.9,79,0,1
1,32.9905000,-106.9750000,3,1,2026,8,18,1,12,0,0,79,1,0.0000,1,90.00,1,1401.00,11,0.9,80,0,1
1,32.9905000,-106.9750000,3,1,2026,8,18,1,12,0,0,80,1,0.0000,1,90.00,1,1401.00,11,0.9,81,0,1
1,32.9905000,-106.9750000,3,1,2026,8,18,1,12,0,0,81,1,0.0000,1,90.00,1,1401.00,11,0.9,82,0,1
1,32.9905000,-106.9750000,3,1,2026,8,18,1,12,0,0,82,1,0.0000,1,90.00,1,1401.00,11,0.9,83,0,1
1,32.9905000,-106.9750000,3,1,2026,8,18,1,12,0,0,83,1,0.0000,1,90.00,1,1401.00,11,0.9,84,0,1
1,32.9905000,-106.9750000,3,1,2026,8,18,1,12,0,0,84,1,0.0000,1,90.00,1,1401.00,11,0.9,85,0,1
1,32.9905000,-106.9750000,3,1,2026,8,18,1,12,0,0,85,1,0.0000,1,90.00,1,1401.00,11,0.9,86,0,1
1,32.9905000,-106.9750000,3,1,2026,8,18,1,12,0,0,86,1,0.0000,1,90.00,1,1401.00,11,0.9,87,0,1
1,32.9905000,-106.9750000,3,1,2026,8,18,1,12,0,0,87,1,0.0000,1,90.00,1,1401.00,11,0.9,88,0,1
1,32.9905000,-106.9750000,3,1,2026,8,18,1,12,0,0,88,1,0.0000,1,90.00,1,1401.00,11,0.9,89,0,1
1,32.9905000,-106.9750000,3,1,2026,8,18,1,12,0,0,89,1,0.0000,1,90.00,1,1401.00,11,0.9,90,0,1
1,32.9905000,-106.9750000,3,1,2026,8,18,1,12,0,0,90,1,0.0000,1,90.00,1,1401.00,11,0.9,91,0,1
1,32.9905000,-106.9750000,3,1,2026,8,18,1,12,0,0,91,1,0.0000,1,90.00,1,1401.00,11,0.9,92,0,1
1,32.9905000,-106.9750000,3,1,2026,8,18,1,12,0,0,92,1,0.0000,1,90.00,1,1401.00,11,0.9,93,0,1
1,32.9905000,-106.9750000,3,1,2026,8,18,1,12,0,0,93,1,0.0000,1,90.00,1,1401.00,11,0.9,94,0,1
1,32.9905000,-106.9750000,3,1,2026,8,18,1,12,0,0,94,1,0.0000,1,90.00,1,1401.00,11,0.9,95,0,1
1,32.9905000,-106.9750000,3,1,2026,8,18,1,12,0,0,95,1,0.0000,1,90.00,1,1401.00,11,0.9,96,0,1
1,32.9905000,-106.9750000,3,1,2026,8,18,1,12,0,0,96,1,0.0000,1,90.00,1,1401.00,11,0.9,97,0,1
1,32.9905000,-106.9750000,3,1,2026,8,18,1,12,0,0,97,1,0.0000,1,90.00,1,1401.00,11,0.9,98,0,1
1,32.9905000,-106.9750000,3,1,2026,8,18,1,12,0,0,98,1,0.0000,1,90.00,1,1401.00,11,0.9,99,0,1
1,32.9905000,-106.9750000,3,1,2026,8,18,1,12,0,0,99,1,0.0000,1,90.00,1,1401.00,11,0.9,100,0,1
1,32.9905000,-106.9750000,3,1,2026,8,18,1,12,0,1,0,1,0.0000,1,90.00,1,1401.00,11,0.9,101,0,1
1,32.9905000,-106.9750000,3,1,2026,8,18,1,12,0,1,1,1,0.0000,1,90.00,1,1401.00,11,0.9,102,0,1
1,32.9905000,-106.9750000,3,1,2026,8,18,1,12,0,1,2,1,0.0000,1,90.00,1,1401.00,11,0.9,103,0,1
1,32.9905000,-106.9750000,3,1,2026,8,18,1,12,0,1,3,1,0.0000,1,90.00,1,1401.00,11,0.9,104,0,1
1,32.9905000,-106.9750000,3,1,2026,8,18,1,12,0,1,4,1,0.0000,1,90.00,1,1401.00,11,0.9,105,0,1
1,32.9905000,-106.9750000,3,1,2026,8,18,1,12,0,1,5,1,0.0000,1,90.00,1,1401.00,11,0.9,106,0,1
1,32.9905000,-106.9750000,3,1,2026,8,18,1,12,0,1,6,1,0.0000,1,90.00,1,1401.00,11,0.9,107,0,1
1,32.9905000,-106.9750000,3,1,2026,8,18,1,12,0,1,7,1,0.0000,1,90.00,1,1401.00,11,0.9,108,0,1
1,32.9905000,-106.9750000,3,1,2026,8,18,1,12,0,1,8,1,0.0000,1,90.00,1,1401.00,11,0.9,109,0,1
1,32.9905000,-106.9750000,3,1,2026,8,18,1,12,0,1,9,1,0.0000,1,90.00,1,1401.00,11,0.9,110,0,1
1,32.9905000,-106.9750000,3,1,2026,8,18,1,12,0,1,10,1,0.0000,1,90.00,1,1401.00,11,0.9,111,0,1
1,32.9905000,-106.9750000,3,1,2026,8,18,1,12,0,1,11,1,0.0000,1,90.00,1,1401.00,11,0.9,112,0,1
1,32.9905000,-106.9750000,3,1,2026,8,18,1,12,0,1,12,1,0.0000,1,90.00,1,1401.00,11,0.9,113,0,1
1,32.9905000,-106.9750000,3,1,2026,8,18,1,12,0,1,13,1,0.0000,1,90.00,1,1401.00,11,0.9,114,0,1
1,32.9905000,-106.9750000,3,1,2026,8,18,1,12,0,1,14,1,0.0000,1,90.00,1,1401.00,11,0.9,115,0,1
1,32.9905000,-106.9750000,3,1,2026,8,18,1,12,0,1,15,1,0.0000,1,90.00,1,1401.00,11,0.9,116,0,1
1,32.9905000,-106.9750000,3,1,2026,8,18,1,12,0,1,16,1,0.0000,1,90.00,1,1401.00,11,0.9,117,0,1
1,32.9905000,-106.9750000,3,1,2026,8,18,1,12,0,1,17,1,0.0000,1,90.00,1,1401.00,11,0.9,118,0,1
1,32.9905000,-106.9750000,3,1,2026,8,18,1,12,0,1,18,1,0.0000,1,90.00,1,1401.00,11,0.9,119,0,1
1,32.9905000,-106.9750000,3,1,2026,8,18,1,12,0,1,19,1,0.0000,1,90.00,1,1401.00,11,0.9,120,0,1
1,32.9905000,-106.9750000,3,1,2026,8,18,1,12,0,1,20,1,0.0000,1,90.00,1,1401.00,11,0.9,121,0,1
1,32.9905000,-106.9750000,3,1,2026,8,18,1,12,0,1,21,1,0.0000,1,90.00,1,1401.00,11,0.9,122,0,1
1,32.9905000,-106.9750000,3,1,2026,8,18,1,12,0,1,22,1,0.0000,1,90.00,1,1401.00,11,0.9,123,0,1
1,32.9905000,-106.9750000,3,1,2026,8,18,1,12,0,1,23,1,0.0000,1,90.00,1,1401.00,11,0.9,124,0,1
1,32.9905000,-106.9750000,3,1,2026,8,18,1,12,0,1,24,1,0.0000,1,90.00,1,1401.00,11,0.9,125,0,1
1,32.9905000,-106.9750000,3,1,2026,8,18,1,12,0,1,25,1,0.0000,1,90.00,1,1401.00,11,0.9,126,0,1
1,32.9905000,-106.9750000,3,1,2026,8,18,1,12,0,1,26,1,0.0000,1,90.00,1,1401.00,11,0.9,127,0,1
1,32.9905000,-106.9750000,3,1,2026,8,18,1,12,0,1,27,1,0.0000,1,90.00,1,1401.00,11,0.9,128,0,1
1,32.9905000,-106.9750000,3,1,2026,8,18,1,12,0,1,28,1,0.0000,1,90.00,1,1401.00,11,0.9,129,0,1
1,32.9905000,-106.9750000,3,1,2026,8,18,1,12,0,1,29,1,0.0000,1,90.00,1,1401.00,11,0.9,130,0,1
1,32.9905000,-106.9750000,3,1,2026,8,18,1,12,0,1,30,1,0.0000,1,90.00,1,1401.00,11,0.9,131,0,1
1,32.9905000,-106.9750000,3,1,2026,8,18,1,12,0,1,31,1,0.0000,1,90.00,1,1401.00,11,0.9,132,0,1
1,32.9905000,-106.9750000,3,1,2026,8,18,1,12,0,1,32,1,0.0000,1,90.00,1,1401.00,11,0.9,133,0,1
1,32.9905000,-106.9750000,3,1,2026,8,18,1,12,0,1,33,1,0.0000,1,90.00,1,1401.00,11,0.9,134,0,1
1,32.9905000,-106.9750000,3,1,2026,8,18,1,12,0,1,34,1,0.0000,1,90.00,1,1401.00,11,0.9,135,0,1
1,32.9905000,-106.9750000,3,1,2026,8,18,1,12,0,1,35,1,0.0000,1,90.00,1,1401.00,11,0.9,136,0,1
1,32.9905000,-106.9750000,3,1,2026,8,18,1,12,0,1,36,1,0.0000,1,90.00,1,1401.00,11,0.9,137,0,1
1,32.9905000,-106.9750000,3,1,2026,8,18,1,12,0,1,37,1,0.0000,1,90.00,1,1401.00,11,0.9,138,0,1
1,32.9905000,-106.9750000,3,1,2026,8,18,1,12,0,1,38,1,0.0000,1,90.00,1,1401.00,11,0.9,139,0,1
1,32.9905000,-106.9750000,3,1,2026,8,18,1,12,0,1,39,1,0.0000,1,90.00,1,1401.00,11,0.9,140,0,1
1,32.9905000,-106.9750000,3,1,2026,8,18,1,12,0,1,40,1,0.0000,1,90.00,1,1401.00,11,0.9,141,0,1
1,32.9905000,-106.9750000,3,1,2026,8,18,1,12,0,1,41,1,0.0000,1,90.00,1,1401.00,11,0.9,142,0,1
1,32.9905000,-106.9750000,3,1,2026,8,18,1,12,0,1,42,1,0.0000,1,90.00,1,1401.00,11,0.9,143,0,1
1,32.9905000,-106.9750000,3,1,2026,8,18,1,12,0,1,43,1,0.0000,1,90.00,1,1401.00,11,0.9,144,0,1
1,32.9905000,-106.9750000,3,1,2026,8,18,1,12,0,1,44,1,0.0000,1,90.00,1,1401.00,11,0.9,145,0,1
1,32.9905000,-106.9750000,3,1,2026,8,18,1,12,0,1,45,1,0.0000,1,90.00,1,1401.00,11,0.9,146,0,1
1,32.9905000,-106.9750000,3,1,2026,8,18,1,12,0,1,46,1,0.0000,1,90.00,1,1401.00,11,0.9,147,0,1
1,32.9905000,-106.9750000,3,1,2026,8,18,1,12,0,1,47,1,0.0000,1,90.00,1,1401.00,11,0.9,148,0,1
1,32.9905000,-106.9750000,3,1,2026,8,18,1,12,0,1,48,1,0.0000,1,90.00,1,1401.00,11,0.9,149,0,1
1,32.9905000,-106.9750000,3,1,2026,8,18,1,12,0,1,49,1,0.0000,1,90.00,1,1401.00,11,0.9,150,0,1
1,32.9905000,-106.9750000,3,1,2026,8,18,1,12,0,1,50,1,0.0000,1,90.00,1,1401.00,11,0.9,151,0,1
1,32.9905000,-106.9750000,3,1,2026,8,18,1,12,0,1,51,1,0.0000,1,90.00,1,1401.00,11,0.9,152,0,1
1,32.9905000,-106.9750000,3,1,2026,8,18,1,12,0,1,52,1,0.0000,1,90.00,1,1401.00,11,0.9,153,0,1
1,32.9905000,-106.9750000,3,1,2026,8,18,1,12,0,1,53,1,0.0000,1,90.00,1,1401.00,11,0.9,154,0,1
1,32.9905000,-106.9750000,3,1,2026,8,18,1,12,0,1,54,1,0.0000,1,90.00,1,1401.00,11,0.9,155,0,1
1,32.9905000,-106.9750000,3,1,2026,8,18,1,12,0,1,55,1,0.0000,1,90.00,1,1401.00,11,0.9,156,0,1
1,32.9905000,-106.9750000,3,1,2026,8,18,1,12,0,1,56,1,0.0000,1,90.00,1,1401.00,11,0.9,157,0,1
1,32.9905000,-106.9750000,3,1,2026,8,18,1,12,0,1,57,1,0.0000,1,90.00,1,1401.00,11,0.9,158,0,1
1,32.9905000,-106.9750000,3,1,2026,8,18,1,12,0,1,58,1,0.0000,1,90.00,1,1401.00,11,0.9,159,0,1
1,32.9905000,-106.9750000,3,1,2026,8,18,1,12,0,1,59,1,0.0000,1,90.00,1,1401.00,11,0.9,160,0,1
1,32.9905000,-106.9750000,3,1,2026,8,18,1,12,0,1,60,1,0.0000,1,90.00,1,1401.00,11,0.9,161,0,1
1,32.9905000,-106.9750000,3,1,2026,8,18,1,12,0,1,61,1,0.0000,1,90.00,1,1401.00,11,0.9,162,0,1
1,32.9905000,-106.9750000,3,1,2026,8,18,1,12,0,1,62,1,0.0000,1,90.00,1,1401.00,11,0.9,163,0,1
1,32.9905000,-106.9750000,3,1,2026,8,18,1,12,0,1,63,1,0.0000,1,90.00,1,1401.00,11,0.9,164,0,1
1,32.9905000,-106.9750000,3,1,2026,8,18,1,12,0,1,64,1,0.0000,1,90.00,1,1401.00,11,0.9,165,0,1
1,32.9905000,-106.9750000,3,1,2026,8,18,1,12,0,1,65,1,0.0000,1,90.00,1,1401.00,11,0.9,166,0,1
1,32.9905000,-106.9750000,3,1,2026,8,18,1,12,0,1,66,1,0.0000,1,90.00,1,1401.00,11,0.9,167,0,1
1,32.9905000,-106.9750000,3,1,2026,8,18,1,12,0,1,67,1,0.0000,1,90.00,1,1401.00,11,0.9,168,0,1
1,32.9905000,-106.9750000,3,1,2026,8,18,1,12,0,1,68,1,0.0000,1,90.00,1,1401.00,11,0.9,169,0,1
1,32.9905000,-106.9750000,3,1,2026,8,18,1,12,0,1,69,1,0.0000,1,90.00,1,1401.00,11,0.9,170,0,1
1,32.9905000,-106.9750000,3,1,2026,8,18,1,12,0,1,70,1,0.0000,1,90.00,1,1401.00,11,0.9,171,0,1
1,32.9905000,-106.9750000,3,1,2026,8,18,1,12,0,1,71,1,0.0000,1,90.00,1,1401.00,11,0.9,172,0,1
1,32.9905000,-106.9750000,3,1,2026,8,18,1,12,0,1,72,1,0.0000,1,90.00,1,1401.00,11,0.9,173,0,1
1,32.9905000,-106.9750000,3,1,2026,8,18,1,12,0,1,73,1,0.0000,1,90.00,1,1401.00,11,0.9,174,0,1
1,32.9905000,-106.9750000,3,1,2026,8,18,1,12,0,1,74,1,0.0000,1,90.00,1,1401.00,11,0.9,175,0,1
1,32.9905000,-106.9750000,3,1,2026,8,18,1,12,0,1,75,1,0.0000,1,90.00,1,1401.00,11,0.9,176,0,1
1,32.9905000,-106.9750000,3,1,2026,8,18,1,12,0,1,76,1,0.0000,1,90.00,1,1401.00,11,0.9,177,0,1
1,32.9905000,-106.9750000,3,1,2026,8,18,1,12,0,1,77,1,0.0000,1,90.00,1,1401.00,11,0.9,178,0,1
1,32.9905000,-106.9750000,3,1,2026,8,18,1,12,0,1,78,1,0.0000,1,90.00,1,1401.00,11,0.9,179,0,1
1,32.9905000,-106.9750000,3,1,2026,8,18,1,12,0,1,79,1,0.0000,1,90.00,1,1401.00,11,0.9,180,0,1
1,32.9905000,-106.9750000,3,1,2026,8,18,1,12,0,1,80,1,0.0000,1,90.00,1,1401.00,11,0.9,181,0,1
1,32.9905000,-106.9750000,3,1,2026,8,18,1,12,0,1,81,1,0.0000,1,90.00,1,1401.00,11,0.9,182,0,1
1,32.9905000,-106.9750000,3,1,2026,8,18,1,12,0,1,82,1,0.0000,1,90.00,1,1401.00,11,0.9,183,0,1
1,32.9905000,-106.9750000,3,1,2026,8,18,1,12,0,1,83,1,0.0000,1,90.00,1,1401.00,11,0.9,184,0,1
1,32.9905000,-106.9750000,3,1,2026,8,18,1,12,0,1,84,1,0.0000,1,90.00,1,1401.00,11,0.9,185,0,1
1,32.9905000,-106.9750000,3,1,2026,8,18,1,12,0,1,85,1,0.0000,1,90.00,1,1401.00,11,0.9,186,0,1
1,32.9905000,-106.9750000,3,1,2026,8,18,1,12,0,1,86,1,0.0000,1,90.00,1,1401.00,11,0.9,187,0,1
1,32.9905000,-106.9750000,3,1,2026,8,18,1,12,0,1,87,1,0.0000,1,90.00,1,1401.00,11,0.9,188,0,1
1,32.9905000,-106.9750000,3,1,2026,8,18,1,12,0,1,88,1,0.0000,1,90.00,1,1401.00,11,0.9,189,0,1
1,32.9905000,-106.9750000,3,1,2026,8,18,1,12,0,1,89,1,0.0000,1,90.00,1,1401.00,11,0.9,190,0,1
1,32.9905000,-106.9750000,3,1,2026,8,18,1,12,0,1,90,1,0.0000,1,90.00,1,1401.00,11,0.9,191,0,1
1,32.9905000,-106.9750000,3,1,2026,8,18,1,12,0,1,91,1,0.0000,1,90.00,1,1401.00,11,0.9,192,0,1
1,32.9905000,-106.9750000,3,1,2026,8,18,1,12,0,1,92,1,0.0000,1,90.00,1,1401.00,11,0.9,193,0,1
1,32.9905000,-106.9750000,3,1,2026,8,18,1,12,0,1,93,1,0.0000,1,90.00,1,1401.00,11,0.9,194,0,1
1,32.9905000,-106.9750000,3,1,2026,8,18,1,12,0,1,94,1,0.0000,1,90.00,1,1401.00,11,0.9,195,0,1
1,32.9905000,-106.9750000,3,1,2026,8,18,1,12,0,1,95,1,0.0000,1,90.00,1,1401.00,11,0.9,196,0,1
1,32.9905000,-106.9750000,3,1,2026,8,18,1,12,0,1,96,1,0.0000,1,90.00,1,1401.00,11,0.9,197,0,1
1,32.9905000,-106.9750000,3,1,2026,8,18,1,12,0,1,97,1,0.0000,1,90.00,1,1401.00,11,0.9,198,0,1
1,32.9905000,-106.9750000,3,1,2026,8,18,1,12,0,1,98,1,0.0000,1,90.00,1,1401.00,11,0.9,199,0,1
1,32.9905000,-106.9750000,3,1,2026,8,18,1,12,0,1,99,1,0.0000,1,90.00,1,1401.00,11,0.9,200,0,1
1,32.9905000,-106.9750000,3,1,2026,8,18,1,12,0,2,0,1,0.0000,1,90.00,1,1401.00,11,0.9,201,0,1
1,32.9905000,-106.9750000,3,1,2026,8,18,1,12,0,2,1,1,0.0000,1,90.00,1,1401.00,11,0.9,202,0,1
1,32.9905000,-106.9750000,3,1,2026,8,18,1,12,0,2,2,1,0.0000,1,90.00,1,1401.00,11,0.9,203,0,1
1,32.9905000,-106.9750000,3,1,2026,8,18,1,12,0,2,3,1,0.0000,1,90.00,1,1401.00,11,0.9,204,0,1
1,32.9905000,-106.9750000,3,1,2026,8,18,1,12,0,2,4,1,0.0000,1,90.00,1,1401.00,11,0.9,205,0,1
1,32.9905000,-106.9750000,3,1,2026,8,18,1,12,0,2,5,1,0.0000,1,90.00,1,1401.00,11,0.9,206,0,1
1,32.9905000,-106.9750000,3,1,2026,8,18,1,12,0,2,6,1,0.0000,1,90.00,1,1401.00,11,0.9,207,0,1
1,32.9905000,-106.9750000,3,1,2026,8,18,1,12,0,2,7,1,0.0000,1,90.00,1,1401.00,11,0.9,208,0,1
1,32.9905000,-106.9750000,3,1,2026,8,18,1,12,0,2,8,1,0.0000,1,90.00,1,1401.00,11,0.9,209,0,1
1,32.9905000,-106.9750000,3,1,2026,8,18,1,12,0,2,9,1,0.0000,1,90.00,1,1401.00,11,0.9,210,0,1
1,32.9905000,-106.9750000,3,1,2026,8,18,1,12,0,2,10,1,0.0000,1,90.00,1,1401.00,11,0.9,211,0,1
1,32.9905000,-106.9750000,3,1,2026,8,18,1,12,0,2,11,1,0.0000,1,90.00,1,1401.00,11,0.9,212,0,1
1,32.9905000,-106.9750000,3,1,2026,8,18,1,12,0,2,12,1,0.0000,1,90.00,1,1401.00,11,0.9,213,0,1
1,32.9905000,-106.9750000,3,1,2026,8,18,1,12,0,2,13,1,0.0000,1,90.00,1,1401.00,11,0.9,214,0,1
1,32.9905000,-106.9750000,3,1,2026,8,18,1,12,0,2,14,1,0.0000,1,90.00,1,1401.00,11,0.9,215,0,1
1,32.9905000,-106.9750000,3,1,2026,8,18,1,12,0,2,15,1,0.0000,1,90.00,1,1401.00,11,0.9,216,0,1
1,32.9905000,-106.9750000,3,1,2026,8,18,1,12,0,2,16,1,0.0000,1,90.00,1,1401.00,11,0.9,217,0,1
1,32.9905000,-106.9750000,3,1,2026,8,18,1,12,0,2,17,1,0.0000,1,90.00,1,1401.00,11,0.9,218,0,1
1,32.9905000,-106.9750000,3,1,2026,8,18,1,12,0,2,18,1,0.0000,1,90.00,1,1401.00,11,0.9,219,0,1
1,32.9905000,-106.9750000,3,1,2026,8,18,1,12,0,2,19,1,0.0000,1,90.00,1,1401.00,11,0.9,220,0,1
1,32.9905000,-106.9750000,3,1,2026,8,18,1,12,0,2,20,1,0.0000,1,90.00,1,1401.00,11,0.9,221,0,1
1,32.9905000,-106.9750000,3,1,2026,8,18,1,12,0,2,21,1,0.0000,1,90.00,1,1401.00,11,0.9,222,0,1
1,32.9905000,-106.9750000,3,1,2026,8,18,1,12,0,2,22,1,0.0000,1,90.00,1,1401.00,11,0.9,223,0,1
1,32.9905000,-106.9750000,3,1,2026,8,18,1,12,0,2,23,1,0.0000,1,90.00,1,1401.00,11,0.9,224,0,1
1,32.9905000,-106.9750000,3,1,2026,8,18,1,12,0,2,24,1,0.0000,1,90.00,1,1401.00,11,0.9,225,0,1
1,32.9905000,-106.9750000,3,1,2026,8,18,1,12,0,2,25,1,0.0000,1,90.00,1,1401.00,11,0.9,226,0,1
1,32.9905000,-106.9750000,3,1,2026,8,18,1,12,0,2,26,1,0.0000,1,90.00,1,1401.00,11,0.9,227,0,1
1,32.9905000,-106.9750000,3,1,2026,8,18,1,12,0,2,27,1,0.0000,1,90.00,1,1401.00,11,0.9,228,0,1
1,32.9905000,-106.9750000,3,1,2026,8,18,1,12,0,2,28,1,0.0000,1,90.00,1,1401.00,11,0.9,229,0,1
1,32.9905000,-106.9750000,3,1,2026,8,18,1,12,0,2,29,1,0.0000,1,90.00,1,1401.00,11,0.9,230,0,1
1,32.9905000,-106.9750000,3,1,2026,8,18,1,12,0,2,30,1,0.0000,1,90.00,1,1401.00,11,0.9,231,0,1
1,32.9905000,-106.9750000,3,1,2026,8,18,1,12,0,2,31,1,0.0000,1,90.00,1,1401.00,11,0.9,232,0,1
1,32.9905000,-106.9750000,3,1,2026,8,18,1,12,0,2,32,1,0.0000,1,90.00,1,1401.00,11,0.9,233,0,1
1,32.9905000,-106.9750000,3,1,2026,8,18,1,12,0,2,33,1,0.0000,1,90.00,1,1401.00,11,0.9,234,0,1
1,32.9905000,-106.9750000,3,1,2026,8,18,1,12,0,2,34,1,0.0000,1,90.00,1,1401.00,11,0.9,235,0,1
1,32.9905000,-106.9750000,3,1,2026,8,18,1,12,0,2,35,1,0.0000,1,90.00,1,1401.00,11,0.9,236,0,1
1,32.9905000,-106.9750000,3,1,2026,8,18,1,12,0,2,36,1,0.0000,1,90.00,1,1401.00,11,0.9,237,0,1
1,32.9905000,-106.9750000,3,1,2026,8,18,1,12,0,2,37,1,0.0000,1,90.00,1,1401.00,11,0.9,238,0,1
1,32.9905000,-106.9750000,3,1,2026,8,18,1,12,0,2,38,1,0.0000,1,90.00,1,1401.00,11,0.9,239,0,1
1,32.9905000,-106.9750000,3,1,2026,8,18,1,12,0,2,39,1,0.0000,1,90.00,1,1401.00,11,0.9,240,0,1
1,32.9905000,-106.9750000,3,1,2026,8,18,1,12,0,2,40,1,0.0000,1,90.00,1,1401.00,11,0.9,241,0,1
1,32.9905000,-106.9750000,3,1,2026,8,18,1,12,0,2,41,1,0.0000,1,90.00,1,1401.00,11,0.9,242,0,1
1,32.9905000,-106.9750000,3,1,2026,8,18,1,12,0,2,42,1,0.0000,1,90.00,1,1401.00,11,0.9,243,0,1
1,32.9905000,-106.9750000,3,1,2026,8,18,1,12,0,2,43,1,0.0000,1,90.00,1,1401.00,11,0.9,244,0,1
1,32.9905000,-106.9750000,3,1,2026,8,18,1,12,0,2,44,1,0.0000,1,90.00,1,1401.00,11,0.9,245,0,1
1,32.9905000,-106.9750000,3,1,2026,8,18,1,12,0,2,45,1,0.0000,1,90.00,1,1401.00,11,0.9,246,0,1
1,32.9905000,-106.9750000,3,1,2026,8,18,1,12,0,2,46,1,0.0000,1,90.00,1,1401.00,11,0.9,247,0,1
1,32.9905000,-106.9750000,3,1,2026,8,18,1,12,0,2,47,1,0.0000,1,90.00,1,1401.00,11,0.9,248,0,1
1,32.9905000,-106.9750000,3,1,2026,8,18,1,12,0,2,48,1,0.0000,1,90.00,1,1401.00,11,0.9,249,0,1
1,32.9905000,-106.9750000,3,1,2026,8,18,1,12,0,2,49,1,0.0000,1,90.00,1,1401.00,11,0.9,250,0,1
1,32.9905000,-106.9750000,3,1,2026,8,18,1,12,0,2,50,1,0.0000,1,90.00,1,1401.00,11,0.9,251,0,1
1,32.9905000,-106.9750000,3,1,2026,8,18,1,12,0,2,51,1,0.0000,1,90.00,1,1401.00,11,0.9,252,0,1
1,32.9905000,-106.9750000,3,1,2026,8,18,1,12,0,2,52,1,0.0000,1,90.00,1,1401.00,11,0.9,253,0,1
1,32.9905000,-106.9750000,3,1,2026,8,18,1,12,0,2,53,1,0.0000,1,90.00,1,1401.00,11,0.9,254,0,1
1,32.9905000,-106.9750000,3,1,2026,8,18,1,12,0,2,54,1,0.0000,1,90.00,1,1401.00,11,0.9,255,0,1
1,32.9905000,-106.9750000,3,1,2026,8,18,1,12,0,2,55,1,0.0000,1,90.00,1,1401.00,11,0.9,256,0,1
1,32.9905000,-106.9750000,3,1,2026,8,18,1,12,0,2,56,1,0.0000,1,90.00,1,1401.00,11,0.9,257,0,1
1,32.9905000,-106.9750000,3,1,2026,8,18,1,12,0,2,57,1,0.0000,1,90.00,1,1401.00,11,0.9,258,0,1
1,32.9905000,-106.9750000,3,1,2026,8,18,1,12,0,2,58,1,0.0000,1,90.00,1,1401.00,11,0.9,259,0,1
1,32.9905000,-106.9750000,3,1,2026,8,18,1,12,0,2,59,1,0.0000,1,90.00,1,1401.00,11,0.9,260,0,1
1,32.9905000,-106.9750000,3,1,2026,8,18,1,12,0,2,60,1,0.0000,1,90.00,1,1401.00,11,0.9,261,0,1
1,32.9905000,-106.9750000,3,1,2026,8,18,1,12,0,2,61,1,0.0000,1,90.00,1,1401.00,11,0.9,262,0,1
1,32.9905000,-106.9750000,3,1,2026,8,18,1,12,0,2,62,1,0.0000,1,90.00,1,1401.00,11,0.9,263,0,1
1,32.9905000,-106.9750000,3,1,2026,8,18,1,12,0,2,63,1,0.0000,1,90.00,1,1401.00,11,0.9,264,0,1
1,32.9905000,-106.9750000,3,1,2026,8,18,1,12,0,2,64,1,0.0000,1,90.00,1,1401.00,11,0.9,265,0,1
1,32.9905000,-106.9750000,3,1,2026,8,18,1,12,0,2,65,1,0.0000,1,90.00,1,1401.00,11,0.9,266,0,1
1,32.9905000,-106.9750000,3,1,2026,8,18,1,12,0,2,66,1,0.0000,1,90.00,1,1401.00,11,0.9,267,0,1
1,32.9905000,-106.9750000,3,1,2026,8,18,1,12,0,2,67,1,0.0000,1,90.00,1,1401.00,11,0.9,268,0,1
1,32.9905000,-106.9750000,3,1,2026,8,18,1,12,0,2,68,1,0.0000,1,90.00,1,1401.00,11,0.9,269,0,1
1,32.9905000,-106.9750000,3,1,2026,8,18,1,12,0,2,69,1,0.0000,1,90.00,1,1401.00,11,0.9,270,0,1
1,32.9905000,-106.9750000,3,1,2026,8,18,1,12,0,2,70,1,0.0000,1,90.00,1,1401.00,11,0.9,271,0,1
1,32.9905000,-106.9750000,3,1,2026,8,18,1,12,0,2,71,1,0.0000,1,90.00,1,1401.00,11,0.9,272,0,1
1,32.9905000,-106.9750000,3,1,2026,8,18,1,12,0,2,72,1,0.0000,1,90.00,1,1401.00,11,0.9,273,0,1
1,32.9905000,-106.9750000,3,1,2026,8,18,1,12,0,2,73,1,0.0000,1,90.00,1,1401.00,11,0.9,274,0,1
1,32.9905000,-106.9750000,3,1,2026,8,18,1,12,0,2,74,1,0.0000,1,90.00,1,1401.00,11,0.9,275,0,1
1,32.9905000,-106.9750000,3,1,2026,8,18,1,12,0,2,75,1,0.0000,1,90.00,1,1401.00,11,0.9,276,0,1
1,32.9905000,-106.9750000,3,1,2026,8,18,1,12,0,2,76,1,0.0000,1,90.00,1,1401.00,11,0.9,277,0,1
1,32.9905000,-106.9750000,3,1,2026,8,18,1,12,0,2,77,1,0.0000,1,90.00,1,1401.00,11,0.9,278,0,1
1,32.9905000,-106.9750000,3,1,2026,8,18,1,12,0,2,78,1,0.0000,1,90.00,1,1401.00,11,0.9,279,0,1
1,32.9905000,-106.9750000,3,1,2026,8,18,1,12,0,2,79,1,0.0000,1,90.00,1,1401.00,11,0.9,280,0,1
1,32.9905000,-106.9750000,3,1,2026,8,18,1,12,0,2,80,1,0.0000,1,90.00,1,1401.00,11,0.9,281,0,1
1,32.9905000,-106.9750000,3,1,2026,8,18,1,12,0,2,81,1,0.0000,1,90.00,1,1401.00,11,0.9,282,0,1
1,32.9905000,-106.9750000,3,1,2026,8,18,1,12,0,2,82,1,0.0000,1,90.00,1,1401.00,11,0.9,283,0,1
1,32.9905000,-106.9750000,3,1,2026,8,18,1,12,0,2,83,1,0.0000,1,90.00,1,1401.00,11,0.9,284,0,1
1,32.9905000,-106.9750000,3,1,2026,8,18,1,12,0,2,84,1,0.0000,1,90.00,1,1401.00,11,0.9,285,0,1
1,32.9905000,-106.9750000,3,1,2026,8,18,1,12,0,2,85,1,0.0000,1,90.00,1,1401.00,11,0.9,286,0,1
1,32.9905000,-106.9750000,3,1,2026,8,18,1,12,0,2,86,1,0.0000,1,90.00,1,1401.00,11,0.9,287,0,1
1,32.9905000,-106.9750000,3,1,2026,8,18,1,12,0,2,87,1,0.0000,1,90.00,1,1401.00,11,0.9,288,0,1
1,32.9905000,-106.9750000,3,1,2026,8,18,1,12,0,2,88,1,0.0000,1,90.00,1,1401.00,11,0.9,289,0,1
1,32.9905000,-106.9750000,3,1,2026,8,18,1,12,0,2,89,1,0.0000,1,90.00,1,1401.00,11,0.9,290,0,1
1,32.9905000,-106.9750000,3,1,2026,8,18,1,12,0,2,90,1,0.0000,1,90.00,1,1401.00,11,0.9,291,0,1
1,32.9905000,-106.9750000,3,1,2026,8,18,1,12,0,2,91,1,0.0000,1,90.00,1,1401.00,11,0.9,292,0,1
1,32.9905000,-106.9750000,3,1,2026,8,18,1,12,0,2,92,1,0.0000,1,90.00,1,1401.00,11,0.9,293,0,1
1,32.9905000,-106.9750000,3,1,2026,8,18,1,12,0,2,93,1,0.0000,1,90.00,1,1401.00,11,0.9,294,0,1
1,32.9905000,-106.9750000,3,1,2026,8,18,1,12,0,2,94,1,0.0000,1,90.00,1,1401.00,11,0.9,295,0,1
1,32.9905000,-106.9750000,3,1,2026,8,18,1,12,0,2,95,1,0.0000,1,90.00,1,1401.00,11,0.9,296,0,1
1,32.9905000,-106.9750000,3,1,2026,8,18,1,12,0,2,96,1,0.0000,1,90.00,1,1401.00,11,0.9,297,0,1
1,32.9905000,-106.9750000,3,1,2026,8,18,1,12,0,2,97,1,0.0000,1,90.00,1,1401.00,11,0.9,298,0,1
1,32.9905000,-106.9750000,3,1,2026,8,18,1,12,0,2,98,1,0.0000,1,90.00,1,1401.00,11,0.9,299,0,1
1,32.9905000,-106.9750000,3,1,2026,8,18,1,12,0,2,99,1,0.0000,1,90.00,1,1401.00,11,0.9,300,0,1
1,32.9905000,-106.9750000,3,1,2026,8,18,1,12,0,3,0,1,0.0000,1,90.00,1,1401.00,11,0.9,301,0,1
1,32.9905000,-106.9750000,3,1,2026,8,18,1,12,0,3,1,1,0.0000,1,90.00,1,1401.00,11,0.9,302,0,1
1,32.9905000,-106.9750000,3,1,2026,8,18,1,12,0,3,2,1,0.0000,1,90.00,1,1401.00,11,0.9,303,0,1
1,32.9905000,-106.9750000,3,1,2026,8,18,1,12,0,3,3,1,0.0000,1,90.00,1,1401.00,11,0.9,304,0,1
1,32.9905000,-106.9750000,3,1,2026,8,18,1,12,0,3,4,1,0.0000,1,90.00,1,1401.00,11,0.9,305,0,1
1,32.9905000,-106.9750000,3,1,2026,8,18,1,12,0,3,5,1,0.0000,1,90.00,1,1401.00,11,0.9,306,0,1
1,32.9905000,-106.9750000,3,1,2026,8,18,1,12,0,3,6,1,0.0000,1,90.00,1,1401.00,11,0.9,307,0,1
1,32.9905000,-106.9750000,3,1,2026,8,18,1,12,0,3,7,1,0.0000,1,90.00,1,1401.00,11,0.9,308,0,1
1,32.9905000,-106.9750000,3,1,2026,8,18,1,12,0,3,8,1,0.0000,1,90.00,1,1401.00,11,0.9,309,0,1
1,32.9905000,-106.9750000,3,1,2026,8,18,1,12,0,3,9,1,0.0000,1,90.00,1,1401.00,11,0.9,310,0,1
1,32.9905000,-106.9750000,3,1,2026,8,18,1,12,0,3,10,1,0.0000,1,90.00,1,1401.00,11,0.9,311,0,1
1,32.9905000,-106.9750000,3,1,2026,8,18,1,12,0,3,11,1,0.0000,1,90.00,1,1401.00,11,0.9,312,0,1
1,32.9905000,-106.9750000,3,1,2026,8,18,1,12,0,3,12,1,0.0000,1,90.00,1,1401.00,11,0.9,313,0,1
1,32.9905000,-106.9750000,3,1,2026,8,18,1,12,0,3,13,1,0.0000,1,90.00,1,1401.00,11,0.9,314,0,1
1,32.9905000,-106.9750000,3,1,2026,8,18,1,12,0,3,14,1,0.0000,1,90.00,1,1401.00,11,0.9,315,0,1
1,32.9905000,-106.9750000,3,1,2026,8,18,1,12,0,3,15,1,0.0000,1,90.00,1,1401.00,11,0.9,316,0,1
1,32.9905000,-106.9750000,3,1,2026,8,18,1,12,0,3,16,1,0.0000,1,90.00,1,1401.00,11,0.9,317,0,1
1,32.9905000,-106.9750000,3,1,2026,8,18,1,12,0,3,17,1,0.0000,1,90.00,1,1401.00,11,0.9,318,0,1
1,32.9905000,-106.9750000,3,1,2026,8,18,1,12,0,3,18,1,0.0000,1,90.00,1,1401.00,11,0.9,319,0,1
1,32.9905000,-106.9750000,3,1,2026,8,18,1,12,0,3,19,1,0.0000,1,90.00,1,1401.00,11,0.9,320,0,1
1,32.9905000,-106.9750000,3,1,2026,8,18,1,12,0,3,20,1,0.0000,1,90.00,1,1401.00,11,0.9,321,0,1
1,32.9905000,-106.9750000,3,1,2026,8,18,1,12,0,3,21,1,0.0000,1,90.00,1,1401.00,11,0.9,322,0,1
1,32.9905000,-106.9750000,3,1,2026,8,18,1,12,0,3,22,1,0.0000,1,90.00,1,1401.00,11,0.9,323,0,1
1,32.9905000,-106.9750000,3,1,2026,8,18,1,12,0,3,23,1,0.0000,1,90.00,1,1401.00,11,0.9,324,0,1
1,32.9905000,-106.9750000,3,1,2026,8,18,1,12,0,3,24,1,0.0000,1,90.00,1,1401.00,11,0.9,325,0,1
1,32.9905000,-106.9750000,3,1,2026,8,18,1,12,0,3,25,1,0.0000,1,90.00,1,1401.00,11,0.9,326,0,1
1,32.9905000,-106.9750000,3,1,2026,8,18,1,12,0,3,26,1,0.0000,1,90.00,1,1401.00,11,0.9,327,0,1
1,32.9905000,-106.9750000,3,1,2026,8,18,1,12,0,3,27,1,0.0000,1,90.00,1,1401.00,11,0.9,328,0,1
1,32.9905000,-106.9750000,3,1,2026,8,18,1,12,0,3,28,1,0.0000,1,90.00,1,1401.00,11,0.9,329,0,1
1,32.9905000,-106.9750000,3,1,2026,8,18,1,12,0,3,29,1,0.0000,1,90.00,1,1401.00,11,0.9,330,0,1
1,32.9905000,-106.9750000,3,1,2026,8,18,1,12,0,3,30,1,0.0000,1,90.00,1,1401.00,11,0.9,331,0,1
1,32.9905000,-106.9750000,3,1,2026,8,18,1,12,0,3,31,1,0.0000,1,90.00,1,1401.00,11,0.9,332,0,1
1,32.9905000,-106.9750000,3,1,2026,8,18,1,12,0,3,32,1,0.0000,1,90.00,1,1401.00,11,0.9,333,0,1
1,32.9905000,-106.9750000,3,1,2026,8,18,1,12,0,3,33,1,0.0000,1,90.00,1,1401.00,11,0.9,334,0,1
1,32.9905000,-106.9750000,3,1,2026,8,18,1,12,0,3,34,1,0.0000,1,90.00,1,1401.00,11,0.9,335,0,1
1,32.9905000,-106.9750000,3,1,2026,8,18,1,12,0,3,35,1,0.0000,1,90.00,1,1401.00,11,0.9,336,0,1
1,32.9905000,-106.9750000,3,1,2026,8,18,1,12,0,3,36,1,0.0000,1,90.00,1,1401.00,11,0.9,337,0,1
1,32.9905000,-106.9750000,3,1,2026,8,18,1,12,0,3,37,1,0.0000,1,90.00,1,1401.00,11,0.9,338,0,1
1,32.9905000,-106.9750000,3,1,2026,8,18,1,12,0,3,38,1,0.0000,1,90.00,1,1401.00,11,0.9,339,0,1
1,32.9905000,-106.9750000,3,1,2026,8,18,1,12,0,3,39,1,0.0000,1,90.00,1,1401.00,11,0.9,340,0,1
1,32.9905000,-106.9750000,3,1,2026,8,18,1,12,0,3,40,1,0.0000,1,90.00,1,1401.00,11,0.9,341,0,1
1,32.9905000,-106.9750000,3,1,2026,8,18,1,12,0,3,41,1,0.0000,1,90.00,1,1401.00,11,0.9,342,0,1
1,32.9905000,-106.9750000,3,1,2026,8,18,1,12,0,3,42,1,0.0000,1,90.00,1,1401.00,11,0.9,343,0,1
1,32.9905000,-106.9750000,3,1,2026,8,18,1,12,0,3,43,1,0.0000,1,90.00,1,1401.00,11,0.9,344,0,1
1,32.9905000,-106.9750000,3,1,2026,8,18,1,12,0,3,44,1,0.0000,1,90.00,1,1401.00,11,0.9,345,0,1
1,32.9905000,-106.9750000,3,1,2026,8,18,1,12,0,3,45,1,0.0000,1,90.00,1,1401.00,11,0.9,346,0,1
1,32.9905000,-106.9750000,3,1,2026,8,18,1,12,0,3,46,1,0.0000,1,90.00,1,1401.00,11,0.9,347,0,1
1,32.9905000,-106.9750000,3,1,2026,8,18,1,12,0,3,47,1,0.0000,1,90.00,1,1401.00,11,0.9,348,0,1
1,32.9905000,-106.9750000,3,1,2026,8,18,1,12,0,3,48,1,0.0000,1,90.00,1,1401.00,11,0.9,349,0,1
1,32.9905000,-106.9750000,3,1,2026,8,18,1,12,0,3,49,1,0.0000,1,90.00,1,1401.00,11,0.9,350,0,1
1,32.9905000,-106.9750000,3,1,2026,8,18,1,12,0,3,50,1,0.0000,1,90.00,1,1401.00,11,0.9,351,0,1
1,32.9905000,-106.9750000,3,1,2026,8,18,1,12,0,3,51,1,0.0000,1,90.00,1,1401.00,11,0.9,352,0,1
1,32.9905000,-106.9750000,3,1,2026,8,18,1,12,0,3,52,1,0.0000,1,90.00,1,1401.00,11,0.9,353,0,1
1,32.9905000,-106.9750000,3,1,2026,8,18,1,12,0,3,53,1,0.0000,1,90.00,1,1401.00,11,0.9,354,0,1
1,32.9905000,-106.9750000,3,1,2026,8,18,1,12,0,3,54,1,0.0000,1,90.00,1,1401.00,11,0.9,355,0,1
1,32.9905000,-106.9750000,3,1,2026,8,18,1,12,0,3,55,1,0.0000,1,90.00,1,1401.00,11,0.9,356,0,1
1,32.9905000,-106.9750000,3,1,2026,8,18,1,12,0,3,56,1,0.0000,1,90.00,1,1401.00,11,0.9,357,0,1
1,32.9905000,-106.9750000,3,1,2026,8,18,1,12,0,3,57,1,0.0000,1,90.00,1,1401.00,11,0.9,358,0,1
1,32.9905000,-106.9750000,3,1,2026,8,18,1,12,0,3,58,1,0.0000,1,90.00,1,1401.00,11,0.9,359,0,1
1,32.9905000,-106.9750000,3,1,2026,8,18,1,12,0,3,59,1,0.0000,1,90.00,1,1401.00,11,0.9,360,0,1
1,32.9905000,-106.9750000,3,1,2026,8,18,1,12,0,3,60,1,0.0000,1,90.00,1,1401.00,11,0.9,361,0,1
1,32.9905000,-106.9750000,3,1,2026,8,18,1,12,0,3,61,1,0.0000,1,90.00,1,1401.00,11,0.9,362,0,1
1,32.9905000,-106.9750000,3,1,2026,8,18,1,12,0,3,62,1,0.0000,1,90.00,1,1401.00,11,0.9,363,0,1
1,32.9905000,-106.9750000,3,1,2026,8,18,1,12,0,3,63,1,0.0000,1,90.00,1,1401.00,11,0.9,364,0,1
1,32.9905000,-106.9750000,3,1,2026,8,18,1,12,0,3,64,1,0.0000,1,90.00,1,1401.00,11,0.9,365,0,1
1,32.9905000,-106.9750000,3,1,2026,8,18,1,12,0,3,65,1,0.0000,1,90.00,1,1401.00,11,0.9,366,0,1
1,32.9905000,-106.9750000,3,1,2026,8,18,1,12,0,3,66,1,0.0000,1,90.00,1,1401.00,11,0.9,367,0,1
1,32.9905000,-106.9750000,3,1,2026,8,18,1,12,0,3,67,1,0.0000,1,90.00,1,1401.00,11,0.9,368,0,1
1,32.9905000,-106.9750000,3,1,2026,8,18,1,12,0,3,68,1,0.0000,1,90.00,1,1401.00,11,0.9,369,0,1
1,32.9905000,-106.9750000,3,1,2026,8,18,1,12,0,3,69,1,0.0000,1,90.00,1,1401.00,11,0.9,370,0,1
1,32.9905000,-106.9750000,3,1,2026,8,18,1,12,0,3,70,1,0.0000,1,90.00,1,1401.00,11,0.9,371,0,1
1,32.9905000,-106.9750000,3,1,2026,8,18,1,12,0,3,71,1,0.0000,1,90.00,1,1401.00,11,0.9,372,0,1
1,32.9905000,-106.9750000,3,1,2026,8,18,1,12,0,3,72,1,0.0000,1,90.00,1,1401.00,11,0.9,373,0,1
1,32.9905000,-106.9750000,3,1,2026,8,18,1,12,0,3,73,1,0.0000,1,90.00,1,1401.00,11,0.9,374,0,1
1,32.9905000,-106.9750000,3,1,2026,8,18,1,12,0,3,74,1,0.0000,1,90.00,1,1401.00,11,0.9,375,0,1
1,32.9905000,-106.9750000,3,1,2026,8,18,1,12,0,3,75,1,0.0000,1,90.00,1,1401.00,11,0.9,376,0,1
1,32.9905000,-106.9750000,3,1,2026,8,18,1,12,0,3,76,1,0.0000,1,90.00,1,1401.00,11,0.9,377,0,1
1,32.9905000,-106.9750000,3,1,2026,8,18,1,12,0,3,77,1,0.0000,1,90.00,1,1401.00,11,0.9,378,0,1
1,32.9905000,-106.9750000,3,1,2026,8,18,1,12,0,3,78,1,0.0000,1,90.00,1,1401.00,11,0.9,379,0,1
1,32.9905000,-106.9750000,3,1,2026,8,18,1,12,0,3,79,1,0.0000,1,90.00,1,1401.00,11,0.9,380,0,1
1,32.9905000,-106.9750000,3,1,2026,8,18,1,12,0,3,80,1,0.0000,1,90.00,1,1401.00,11,0.9,381,0,1
1,32.9905000,-106.9750000,3,1,2026,8,18,1,12,0,3,81,1,0.0000,1,90.00,1,1401.00,11,0.9,382,0,1
1,32.9905000,-106.9750000,3,1,2026,8,18,1,12,0,3,82,1,0.0000,1,90.00,1,1401.00,11,0.9,383,0,1
1,32.9905000,-106.9750000,3,1,2026,8,18,1,12,0,3,83,1,0.0000,1,90.00,1,1401.00,11,0.9,384,0,1
1,32.9905000,-106.9750000,3,1,2026,8,18,1,12,0,3,84,1,0.0000,1,90.00,1,1401.00,11,0.9,385,0,1
1,32.9905000,-106.9750000,3,1,2026,8,18,1,12,0,3,85,1,0.0000,1,90.00,1,1401.00,11,0.9,386,0,1
1,32.9905000,-106.9750000,3,1,2026,8,18,1,12,0,3,86,1,0.0000,1,90.00,1,1401.00,11,0.9,387,0,1
1,32.9905000,-106.9750000,3,1,2026,8,18,1,12,0,3,87,1,0.0000,1,90.00,1,1401.00,11,0.9,388,0,1
1,32.9905000,-106.9750000,3,1,2026,8,18,1,12,0,3,88,1,0.0000,1,90.00,1,1401.00,11,0.9,389,0,1
1,32.9905000,-106.9750000,3,1,2026,8,18,1,12,0,3,89,1,0.0000,1,90.00,1,1401.00,11,0.9,390,0,1
1,32.9905000,-106.9750000,3,1,2026,8,18,1,12,0,3,90,1,0.0000,1,90.00,1,1401.00,11,0.9,391,0,1
1,32.9905000,-106.9750000,3,1,2026,8,18,1,12,0,3,91,1,0.0000,1,90.00,1,1401.00,11,0.9,392,0,1
1,32.9905000,-106.9750000,3,1,2026,8,18,1,12,0,3,92,1,0.0000,1,90.00,1,1401.00,11,0.9,393,0,1
1,32.9905000,-106.9750000,3,1,2026,8,18,1,12,0,3,93,1,0.0000,1,90.00,1,1401.00,11,0.9,394,0,1
1,32.9905000,-106.9750000,3,1,2026,8,18,1,12,0,3,94,1,0.0000,1,90.00,1,1401.00,11,0.9,395,0,1
1,32.9905000,-106.9750000,3,1,2026,8,18,1,12,0,3,95,1,0.0000,1,90.00,1,1401.00,11,0.9,396,0,1
1,32.9905000,-106.9750000,3,1,2026,8,18,1,12,0,3,96,1,0.0000,1,90.00,1,1401.00,11,0.9,397,0,1
1,32.9905000,-106.9750000,3,1,2026,8,18,1,12,0,3,97,1,0.0000,1,90.00,1,1401.00,11,0.9,398,0,1
1,32.9905000,-106.9750000,3,1,2026,8,18,1,12,0,3,98,1,0.0000,1,90.00,1,1401.00,11,0.9,399,0,1
1,32.9905000,-106.9750000,3,1,2026,8,18,1,12,0,3,99,1,0.0000,1,90.00,1,1401.00,11,0.9,400,0,1
1,32.9905000,-106.9750000,3,1,2026,8,18,1,12,0,4,0,1,0.0000,1,90.00,1,1401.00,11,0.9,401,0,1
1,32.9905000,-106.9750000,3,1,2026,8,18,1,12,0,4,1,1,0.0000,1,90.00,1,1401.00,11,0.9,402,0,1
1,32.9905000,-106.9750000,3,1,2026,8,18,1,12,0,4,2,1,0.0000,1,90.00,1,1401.00,11,0.9,403,0,1
1,32.9905000,-106.9750000,3,1,2026,8,18,1,12,0,4,3,1,0.0000,1,90.00,1,1401.00,11,0.9,404,0,1
1,32.9905000,-106.9750000,3,1,2026,8,18,1,12,0,4,4,1,0.0000,1,90.00,1,1401.00,11,0.9,405,0,1
1,32.9905000,-106.9750000,3,1,2026,8,18,1,12,0,4,5,1,0.0000,1,90.00,1,1401.00,11,0.9,406,0,1
1,32.9905000,-106.9750000,3,1,2026,8,18,1,12,0,4,6,1,0.0000,1,90.00,1,1401.00,11,0.9,407,0,1
1,32.9905000,-106.9750000,3,1,2026,8,18,1,12,0,4,7,1,0.0000,1,90.00,1,1401.00,11,0.9,408,0,1
1,32.9905000,-106.9750000,3,1,2026,8,18,1,12,0,4,8,1,0.0000,1,90.00,1,1401.00,11,0.9,409,0,1
1,32.9905000,-106.9750000,3,1,2026,8,18,1,12,0,4,9,1,0.0000,1,90.00,1,1401.00,11,0.9,410,0,1
1,32.9905000,-106.9750000,3,1,2026,8,18,1,12,0,4,10,1,0.0000,1,90.00,1,1401.00,11,0.9,411,0,1
1,32.9905000,-106.9750000,3,1,2026,8,18,1,12,0,4,11,1,0.0000,1,90.00,1,1401.00,11,0.9,412,0,1
1,32.9905000,-106.9750000,3,1,2026,8,18,1,12,0,4,12,1,0.0000,1,90.00,1,1401.00,11,0.9,413,0,1
1,32.9905000,-106.9750000,3,1,2026,8,18,1,12,0,4,13,1,0.0000,1,90.00,1,1401.00,11,0.9,414,0,1
1,32.9905000,-106.9750000,3,1,2026,8,18,1,12,0,4,14,1,0.0000,1,90.00,1,1401.00,11,0.9,415,0,1
1,32.9905000,-106.9750000,3,1,2026,8,18,1,12,0,4,15,1,0.0000,1,90.00,1,1401.00,11,0.9,416,0,1
1,32.9905000,-106.9750000,3,1,2026,8,18,1,12,0,4,16,1,0.0000,1,90.00,1,1401.00,11,0.9,417,0,1
1,32.9905000,-106.9750000,3,1,2026,8,18,1,12,0,4,17,1,0.0000,1,90.00,1,1401.00,11,0.9,418,0,1
1,32.9905000,-106.9750000,3,1,2026,8,18,1,12,0,4,18,1,0.0000,1,90.00,1,1401.00,11,0.9,419,0,1
1,32.9905000,-106.9750000,3,1,2026,8,18,1,12,0,4,19,1,0.0000,1,90.00,1,1401.00,11,0.9,420,0,1
1,32.9905000,-106.9750000,3,1,2026,8,18,1,12,0,4,20,1,0.0000,1,90.00,1,1401.00,11,0.9,421,0,1
1,32.9905000,-106.9750000,3,1,2026,8,18,1,12,0,4,21,1,0.0000,1,90.00,1,1401.00,11,0.9,422,0,1
1,32.9905000,-106.9750000,3,1,2026,8,18,1,12,0,4,22,1,0.0000,1,90.00,1,1401.00,11,0.9,423,0,1
1,32.9905000,-106.9750000,3,1,2026,8,18,1,12,0,4,23,1,0.0000,1,90.00,1,1401.00,11,0.9,424,0,1
1,32.9905000,-106.9750000,3,1,2026,8,18,1,12,0,4,24,1,0.0000,1,90.00,1,1401.00,11,0.9,425,0,1
1,32.9905000,-106.9750000,3,1,2026,8,18,1,12,0,4,25,1,0.0000,1,90.00,1,1401.00,11,0.9,426,0,1
1,32.9905000,-106.9750000,3,1,2026,8,18,1,12,0,4,26,1,0.0000,1,90.00,1,1401.00,11,0.9,427,0,1
1,32.9905000,-106.9750000,3,1,2026,8,18,1,12,0,4,27,1,0.0000,1,90.00,1,1401.00,11,0.9,428,0,1
1,32.9905000,-106.9750000,3,1,2026,8,18,1,12,0,4,28,1,0.0000,1,90.00,1,1401.00,11,0.9,429,0,1
1,32.9905000,-106.9750000,3,1,2026,8,18,1,12,0,4,29,1,0.0000,1,90.00,1,1401.00,11,0.9,430,0,1
1,32.9905000,-106.9750000,3,1,2026,8,18,1,12,0,4,30,1,0.0000,1,90.00,1,1401.00,11,0.9,431,0,1
1,32.9905000,-106.9750000,3,1,2026,8,18,1,12,0,4,31,1,0.0000,1,90.00,1,1401.00,11,0.9,432,0,1
1,32.9905000,-106.9750000,3,1,2026,8,18,1,12,0,4,32,1,0.0000,1,90.00,1,1401.00,11,0.9,433,0,1
1,32.9905000,-106.9750000,3,1,2026,8,18,1,12,0,4,33,1,0.0000,1,90.00,1,1401.00,11,0.9,434,0,1
1,32.9905000,-106.9750000,3,1,2026,8,18,1,12,0,4,34,1,0.0000,1,90.00,1,1401.00,11,0.9,435,0,1
1,32.9905000,-106.9750000,3,1,2026,8,18,1,12,0,4,35,1,0.0000,1,90.00,1,1401.00,11,0.9,436,0,1
1,32.9905000,-106.9750000,3,1,2026,8,18,1,12,0,4,36,1,0.0000,1,90.00,1,1401.00,11,0.9,437,0,1
1,32.9905000,-106.9750000,3,1,2026,8,18,1,12,0,4,37,1,0.0000,1,90.00,1,1401.00,11,0.9,438,0,1
1,32.9905000,-106.9750000,3,1,2026,8,18,1,12,0,4,38,1,0.0000,1,90.00,1,1401.00,11,0.9,439,0,1
1,32.9905000,-106.9750000,3,1,2026,8,18,1,12,0,4,39,1,0.0000,1,90.00,1,1401.00,11,0.9,440,0,1
1,32.9905000,-106.9750000,3,1,2026,8,18,1,12,0,4,40,1,0.0000,1,90.00,1,1401.00,11,0.9,441,0,1
1,32.9905000,-106.9750000,3,1,2026,8,18,1,12,0,4,41,1,0.0000,1,90.00,1,1401.00,11,0.9,442,0,1
1,32.9905000,-106.9750000,3,1,2026,8,18,1,12,0,4,42,1,0.0000,1,90.00,1,1401.00,11,0.9,443,0,1
1,32.9905000,-106.9750000,3,1,2026,8,18,1,12,0,4,43,1,0.0000,1,90.00,1,1401.00,11,0.9,444,0,1
1,32.9905000,-106.9750000,3,1,2026,8,18,1,12,0,4,44,1,0.0000,1,90.00,1,1401.00,11,0.9,445,0,1
1,32.9905000,-106.9750000,3,1,2026,8,18,1,12,0,4,45,1,0.0000,1,90.00,1,1401.00,11,0.9,446,0,1
1,32.9905000,-106.9750000,3,1,2026,8,18,1,12,0,4,46,1,0.0000,1,90.00,1,1401.00,11,0.9,447,0,1
1,32.9905000,-106.9750000,3,1,2026,8,18,1,12,0,4,47,1,0.0000,1,90.00,1,1401.00,11,0.9,448,0,1
1,32.9905000,-106.9750000,3,1,2026,8,18,1,12,0,4,48,1,0.0000,1,90.00,1,1401.00,11,0.9,449,0,1
1,32.9905000,-106.9750000,3,1,2026,8,18,1,12,0,4,49,1,0.0000,1,90.00,1,1401.00,11,0.9,450,0,1
1,32.9905000,-106.9750000,3,1,2026,8,18,1,12,0,4,50,1,0.0000,1,90.00,1,1401.00,11,0.9,451,0,1
1,32.9905000,-106.9750000,3,1,2026,8,18,1,12,0,4,51,1,0.0000,1,90.00,1,1401.00,11,0.9,452,0,1
1,32.9905000,-106.9750000,3,1,2026,8,18,1,12,0,4,52,1,0.0000,1,90.00,1,1401.00,11,0.9,453,0,1
1,32.9905000,-106.9750000,3,1,2026,8,18,1,12,0,4,53,1,0.0000,1,90.00,1,1401.00,11,0.9,454,0,1
1,32.9905000,-106.9750000,3,1,2026,8,18,1,12,0,4,54,1,0.0000,1,90.00,1,1401.00,11,0.9,455,0,1
1,32.9905000,-106.9750000,3,1,2026,8,18,1,12,0,4,55,1,0.0000,1,90.00,1,1401.00,11,0.9,456,0,1
1,32.9905000,-106.9750000,3,1,2026,8,18,1,12,0,4,56,1,0.0000,1,90.00,1,1401.00,11,0.9,457,0,1
1,32.9905000,-106.9750000,3,1,2026,8,18,1,12,0,4,57,1,0.0000,1,90.00,1,1401.00,11,0.9,458,0,1
1,32.9905000,-106.9750000,3,1,2026,8,18,1,12,0,4,58,1,0.0000,1,90.00,1,1401.00,11,0.9,459,0,1
1,32.9905000,-106.9750000,3,1,2026,8,18,1,12,0,4,59,1,0.0000,1,90.00,1,1401.00,11,0.9,460,0,1
1,32.9905000,-106.9750000,3,1,2026,8,18,1,12,0,4,60,1,0.0000,1,90.00,1,1401.00,11,0.9,461,0,1
1,32.9905000,-106.9750000,3,1,2026,8,18,1,12,0,4,61,1,0.0000,1,90.00,1,1401.00,11,0.9,462,0,1
1,32.9905000,-106.9750000,3,1,2026,8,18,1,12,0,4,62,1,0.0000,1,90.00,1,1401.00,11,0.9,463,0,1
1,32.9905000,-106.9750000,3,1,2026,8,18,1,12,0,4,63,1,0.0000,1,90.00,1,1401.00,11,0.9,464,0,1
1,32.9905000,-106.9750000,3,1,2026,8,18,1,12,0,4,64,1,0.0000,1,90.00,1,1401.00,11,0.9,465,0,1
1,32.9905000,-106.9750000,3,1,2026,8,18,1,12,0,4,65,1,0.0000,1,90.00,1,1401.00,11,0.9,466,0,1
1,32.9905000,-106.9750000,3,1,2026,8,18,1,12,0,4,66,1,0.0000,1,90.00,1,1401.00,11,0.9,467,0,1
1,32.9905000,-106.9750000,3,1,2026,8,18,1,12,0,4,67,1,0.0000,1,90.00,1,1401.00,11,0.9,468,0,1
1,32.9905000,-106.9750000,3,1,2026,8,18,1,12,0,4,68,1,0.0000,1,90.00,1,1401.00,11,0.9,469,0,1
1,32.9905000,-106.9750000,3,1,2026,8,18,1,12,0,4,69,1,0.0000,1,90.00,1,1401.00,11,0.9,470,0,1
1,32.9905000,-106.9750000,3,1,2026,8,18,1,12,0,4,70,1,0.0000,1,90.00,1,1401.00,11,0.9,471,0,1
1,32.9905000,-106.9750000,3,1,2026,8,18,1,12,0,4,71,1,0.0000,1,90.00,1,1401.00,11,0.9,472,0,1
1,32.9905000,-106.9750000,3,1,2026,8,18,1,12,0,4,72,1,0.0000,1,90.00,1,1401.00,11,0.9,473,0,1
1,32.9905000,-106.9750000,3,1,2026,8,18,1,12,0,4,73,1,0.0000,1,90.00,1,1401.00,11,0.9,474,0,1
1,32.9905000,-106.9750000,3,1,2026,8,18,1,12,0,4,74,1,0.0000,1,90.00,1,1401.00,11,0.9,475,0,1
1,32.9905000,-106.9750000,3,1,2026,8,18,1,12,0,4,75,1,0.0000,1,90.00,1,1401.00,11,0.9,476,0,1
1,32.9905000,-106.9750000,3,1,2026,8,18,1,12,0,4,76,1,0.0000,1,90.00,1,1401.00,11,0.9,477,0,1
1,32.9905000,-106.9750000,3,1,2026,8,18,1,12,0,4,77,1,0.0000,1,90.00,1,1401.00,11,0.9,478,0,1
1,32.9905000,-106.9750000,3,1,2026,8,18,1,12,0,4,78,1,0.0000,1,90.00,1,1401.00,11,0.9,479,0,1
1,32.9905000,-106.9750000,3,1,2026,8,18,1,12,0,4,79,1,0.0000,1,90.00,1,1401.00,11,0.9,480,0,1
1,32.9905000,-106.9750000,3,1,2026,8,18,1,12,0,4,80,1,0.0000,1,90.00,1,1401.00,11,0.9,481,0,1
1,32.9905000,-106.9750000,3,1,2026,8,18,1,12,0,4,81,1,0.0000,1,90.00,1,1401.00,11,0.9,482,0,1
1,32.9905000,-106.9750000,3,1,2026,8,18,1,12,0,4,82,1,0.0000,1,90.00,1,1401.00,11,0.9,483,0,1
1,32.9905000,-106.9750000,3,1,2026,8,18,1,12,0,4,83,1,0.0000,1,90.00,1,1401.00,11,0.9,484,0,1
1,32.9905000,-106.9750000,3,1,2026,8,18,1,12,0,4,84,1,0.0000,1,90.00,1,1401.00,11,0.9,485,0,1
1,32.9905000,-106.9750000,3,1,2026,8,18,1,12,0,4,85,1,0.0000,1,90.00,1,1401.00,11,0.9,486,0,1
1,32.9905000,-106.9750000,3,1,2026,8,18,1,12,0,4,86,1,0.0000,1,90.00,1,1401.00,11,0.9,487,0,1
1,32.9905000,-106.9750000,3,1,2026,8,18,1,12,0,4,87,1,0.0000,1,90.00,1,1401.00,11,0.9,488,0,1
1,32.9905000,-106.9750000,3,1,2026,8,18,1,12,0,4,88,1,0.0000,1,90.00,1,1401.00,11,0.9,489,0,1
1,32.9905000,-106.9750000,3,1,2026,8,18,1,12,0,4,89,1,0.0000,1,90.00,1,1401.00,11,0.9,490,0,1
1,32.9905000,-106.9750000,3,1,2026,8,18,1,12,0,4,90,1,0.0000,1,90.00,1,1401.00,11,0.9,491,0,1
1,32.9905000,-106.9750000,3,1,2026,8,18,1,12,0,4,91,1,0.0000,1,90.00,1,1401.00,11,0.9,492,0,1
1,32.9905000,-106.9750000,3,1,2026,8,18,1,12,0,4,92,1,0.0000,1,90.00,1,1401.00,11,0.9,493,0,1
1,32.9905000,-106.9750000,3,1,2026,8,18,1,12,0,4,93,1,0.0000,1,90.00,1,1401.00,11,0.9,494,0,1
1,32.9905000,-106.9750000,3,1,2026,8,18,1,12,0,4,94,1,0.0000,1,90.00,1,1401.00,11,0.9,495,0,1
1,32.9905000,-106.9750000,3,1,2026,8,18,1,12,0,4,95,1,0.0000,1,90.00,1,1401.00,11,0.9,496,0,1
1,32.9905000,-106.9750000,3,1,2026,8,18,1,12,0,4,96,1,0.0000,1,90.00,1,1401.00,11,0.9,497,0,1
1,32.9905000,-106.9750000,3,1,2026,8,18,1,12,0,4,97,1,0.0000,1,90.00,1,1401.00,11,0.9,498,0,1
1,32.9905000,-106.9750000,3,1,2026,8,18,1,12,0,4,98,1,0.0000,1,90.00,1,1401.00,11,0.9,499,0,1
1,32.9905000,-106.9750000,3,1,2026,8,18,1,12,0,4,99,1,0.0000,1,90.00,1,1401.00,11,0.9,500,0,1
1,32.9905000,-106.9750000,3,1,2026,8,18,1,12,0,5,0,1,0.0000,1,90.00,1,1401.00,11,0.9,501,0,1
1,32.9905000,-106.9750000,3,1,2026,8,18,1,12,0,5,1,1,0.0000,1,90.00,1,1401.00,11,0.9,502,0,1
1,32.9905000,-106.9750000,3,1,2026,8,18,1,12,0,5,2,1,0.0000,1,90.00,1,1401.00,11,0.9,503,0,1
1,32.9905000,-106.9750000,3,1,2026,8,18,1,12,0,5,3,1,0.0000,1,90.00,1,1401.00,11,0.9,504,0,1
1,32.9905000,-106.9750000,3,1,2026,8,18,1,12,0,5,4,1,0.0000,1,90.00,1,1401.00,11,0.9,505,0,1
1,32.9905000,-106.9750000,3,1,2026,8,18,1,12,0,5,5,1,0.0000,1,90.00,1,1401.00,11,0.9,506,0,1
1,32.9905000,-106.9750000,3,1,2026,8,18,1,12,0,5,6,1,0.0000,1,90.00,1,1401.00,11,0.9,507,0,1
1,32.9905000,-106.9750000,3,1,2026,8,18,1,12,0,5,7,1,0.0000,1,90.00,1,1401.00,11,0.9,508,0,1
1,32.9905000,-106.9750000,3,1,2026,8,18,1,12,0,5,8,1,0.0000,1,90.00,1,1401.00,11,0.9,509,0,1
1,32.9905000,-106.9750000,3,1,2026,8,18,1,12,0,5,9,1,0.0000,1,90.00,1,1401.00,11,0.9,510,0,1
1,32.9905000,-106.9750000,3,1,2026,8,18,1,12,0,5,10,1,0.0000,1,90.00,1,1401.00,11,0.9,511,0,1
1,32.9905000,-106.9750000,3,1,2026,8,18,1,12,0,5,11,1,0.0000,1,90.00,1,1401.00,11,0.9,512,0,1
1,32.9905000,-106.9750000,3,1,2026,8,18,1,12,0,5,12,1,0.0000,1,90.00,1,1401.00,11,0.9,513,0,1
1,32.9905000,-106.9750000,3,1,2026,8,18,1,12,0,5,13,1,0.0000,1,90.00,1,1401.00,11,0.9,514,0,1
1,32.9905000,-106.9750000,3,1,2026,8,18,1,12,0,5,14,1,0.0000,1,90.00,1,1401.00,11,0.9,515,0,1
1,32.9905000,-106.9750000,3,1,2026,8,18,1,12,0,5,15,1,0.0000,1,90.00,1,1401.00,11,0.9,516,0,1
1,32.9905000,-106.9750000,3,1,2026,8,18,1,12,0,5,16,1,0.0000,1,90.00,1,1401.00,11,0.9,517,0,1
1,32.9905000,-106.9750000,3,1,2026,8,18,1,12,0,5,17,1,0.0000,1,90.00,1,1401.00,11,0.9,518,0,1
1,32.9905000,-106.9750000,3,1,2026,8,18,1,12,0,5,18,1,0.0000,1,90.00,1,1401.00,11,0.9,519,0,1
1,32.9905000,-106.9750000,3,1,2026,8,18,1,12,0,5,19,1,0.0000,1,90.00,1,1401.00,11,0.9,520,0,1
1,32.9905000,-106.9750000,3,1,2026,8,18,1,12,0,5,20,1,0.0000,1,90.00,1,1401.00,11,0.9,521,0,1
1,32.9905000,-106.9750000,3,1,2026,8,18,1,12,0,5,21,1,0.0000,1,90.00,1,1401.00,11,0.9,522,0,1
1,32.9905000,-106.9750000,3,1,2026,8,18,1,12,0,5,22,1,0.0000,1,90.00,1,1401.00,11,0.9,523,0,1
1,32.9905000,-106.9750000,3,1,2026,8,18,1,12,0,5,23,1,0.0000,1,90.00,1,1401.00,11,0.9,524,0,1
1,32.9905000,-106.9750000,3,1,2026,8,18,1,12,0,5,24,1,0.0000,1,90.00,1,1401.00,11,0.9,525,0,1
1,32.9905000,-106.9750000,3,1,2026,8,18,1,12,0,5,25,1,0.0000,1,90.00,1,1401.00,11,0.9,526,0,1
1,32.9905000,-106.9750000,3,1,2026,8,18,1,12,0,5,26,1,0.0000,1,90.00,1,1401.00,11,0.9,527,0,1
1,32.9905000,-106.9750000,3,1,2026,8,18,1,12,0,5,27,1,0.0000,1,90.00,1,1401.00,11,0.9,528,0,1
1,32.9905000,-106.9750000,3,1,2026,8,18,1,12,0,5,28,1,0.0000,1,90.00,1,1401.00,11,0.9,529,0,1
1,32.9905000,-106.9750000,3,1,2026,8,18,1,12,0,5,29,1,0.0000,1,90.00,1,1401.00,11,0.9,530,0,1
1,32.9905000,-106.9750000,3,1,2026,8,18,1,12,0,5,30,1,0.0000,1,90.00,1,1401.00,11,0.9,531,0,1
1,32.9905000,-106.9750000,3,1,2026,8,18,1,12,0,5,31,1,0.0000,1,90.00,1,1401.00,11,0.9,532,0,1
1,32.9905000,-106.9750000,3,1,2026,8,18,1,12,0,5,32,1,0.0000,1,90.00,1,1401.00,11,0.9,533,0,1
1,32.9905000,-106.9750000,3,1,2026,8,18,1,12,0,5,33,1,0.0000,1,90.00,1,1401.00,11,0.9,534,0,1
1,32.9905000,-106.9750000,3,1,2026,8,18,1,12,0,5,34,1,0.0000,1,90.00,1,1401.00,11,0.9,535,0,1
1,32.9905000,-106.9750000,3,1,2026,8,18,1,12,0,5,35,1,0.0000,1,90.00,1,1401.00,11,0.9,536,0,1
1,32.9905000,-106.9750000,3,1,2026,8,18,1,12,0,5,36,1,0.0000,1,90.00,1,1401.00,11,0.9,537,0,1
1,32.9905000,-106.9750000,3,1,2026,8,18,1,12,0,5,37,1,0.0000,1,90.00,1,1401.00,11,0.9,538,0,1
1,32.9905000,-106.9750000,3,1,2026,8,18,1,12,0,5,38,1,0.0000,1,90.00,1,1401.00,11,0.9,539,0,1
1,32.9905000,-106.9750000,3,1,2026,8,18,1,12,0,5,39,1,0.0000,1,90.00,1,1401.00,11,0.9,540,0,1
1,32.9905000,-106.9750000,3,1,2026,8,18,1,12,0,5,40,1,0.0000,1,90.00,1,1401.00,11,0.9,541,0,1
1,32.9905000,-106.9750000,3,1,2026,8,18,1,12,0,5,41,1,0.0000,1,90.00,1,1401.00,11,0.9,542,0,1
1,32.9905000,-106.9750000,3,1,2026,8,18,1,12,0,5,42,1,0.0000,1,90.00,1,1401.00,11,0.9,543,0,1
1,32.9905000,-106.9750000,3,1,2026,8,18,1,12,0,5,43,1,0.0000,1,90.00,1,1401.00,11,0.9,544,0,1
1,32.9905000,-106.9750000,3,1,2026,8,18,1,12,0,5,44,1,0.0000,1,90.00,1,1401.00,11,0.9,545,0,1
1,32.9905000,-106.9750000,3,1,2026,8,18,1,12,0,5,45,1,0.0000,1,90.00,1,1401.00,11,0.9,546,0,1
1,32.9905000,-106.9750000,3,1,2026,8,18,1,12,0,5,46,1,0.0000,1,90.00,1,1401.00,11,0.9,547,0,1
1,32.9905000,-106.9750000,3,1,2026,8,18,1,12,0,5,47,1,0.0000,1,90.00,1,1401.00,11,0.9,548,0,1
1,32.9905000,-106.9750000,3,1,2026,8,18,1,12,0,5,48,1,0.0000,1,90.00,1,1401.00,11,0.9,549,0,1
1,32.9905000,-106.9750000,3,1,2026,8,18,1,12,0,5,49,1,0.0000,1,90.00,1,1401.00,11,0.9,550,0,1
1,32.9905000,-106.9749989,3,1,2026,8,18,1,12,0,5,50,1,10.0000,1,90.00,1,1401.00,11,0.9,551,0,1
1,32.9905000,-106.9749979,3,1,2026,8,18,1,12,0,5,51,1,10.0000,1,90.00,1,1401.01,11,0.9,552,0,1
1,32.9905000,-106.9749968,3,1,2026,8,18,1,12,0,5,52,1,10.0000,1,90.00,1,1401.02,11,0.9,553,0,1
1,32.9905000,-106.9749957,3,1,2026,8,18,1,12,0,5,53,1,10.0000,1,90.00,1,1401.04,11,0.9,554,0,1
1,32.9905000,-106.9749946,3,1,2026,8,18,1,12,0,5,54,1,10.0000,1,90.00,1,1401.06,11,0.9,555,0,1
1,32.9905000,-106.9749936,3,1,2026,8,18,1,12,0,5,55,1,10.0000,1,90.00,1,1401.08,11,0.9,556,0,1
1,32.9905000,-106.9749925,3,1,2026,8,18,1,12,0,5,56,1,10.0000,1,90.00,1,1401.11,11,0.9,557,0,1
1,32.9905000,-106.9749914,3,1,2026,8,18,1,12,0,5,57,1,10.0000,1,90.00,1,1401.14,11,0.9,558,0,1
1,32.9905000,-106.9749904,3,1,2026,8,18,1,12,0,5,58,1,10.0000,1,90.00,1,1401.18,11,0.9,559,0,1
1,32.9905000,-106.9749893,3,1,2026,8,18,1,12,0,5,59,1,10.0000,1,90.00,1,1401.22,11,0.9,560,0,1
1,32.9905000,-106.9749882,3,1,2026,8,18,1,12,0,5,60,1,10.0000,1,90.00,1,1401.26,11,0.9,561,0,1
1,32.9905000,-106.9749871,3,1,2026,8,18,1,12,0,5,61,1,10.0000,1,90.00,1,1401.31,11,0.9,562,0,1
1,32.9905000,-106.9749861,3,1,2026,8,18,1,12,0,5,62,1,10.0000,1,90.00,1,1401.36,11,0.9,563,0,1
1,32.9905000,-106.9749850,3,1,2026,8,18,1,12,0,5,63,1,10.0000,1,90.00,1,1401.42,11,0.9,564,0,1
1,32.9905000,-106.9749839,3,1,2026,8,18,1,12,0,5,64,1,10.0000,1,90.00,1,1401.48,11,0.9,565,0,1
1,32.9905000,-106.9749829,3,1,2026,8,18,1,12,0,5,65,1,10.0000,1,90.00,1,1401.54,11,0.9,566,0,1
1,32.9905000,-106.9749818,3,1,2026,8,18,1,12,0,5,66,1,10.0000,1,90.00,1,1401.61,11,0.9,567,0,1
1,32.9905000,-106.9749807,3,1,2026,8,18,1,12,0,5,67,1,10.0000,1,90.00,1,1401.68,11,0.9,568,0,1
1,32.9905000,-106.9749797,3,1,2026,8,18,1,12,0,5,68,1,10.0000,1,90.00,1,1401.76,11,0.9,569,0,1
1,32.9905000,-106.9749786,3,1,2026,8,18,1,12,0,5,69,1,10.0000,1,90.00,1,1401.84,11,0.9,570,0,1
1,32.9905000,-106.9749775,3,1,2026,8,18,1,12,0,5,70,1,10.0000,1,90.00,1,1401.92,11,0.9,571,0,1
1,32.9905000,-106.9749764,3,1,2026,8,18,1,12,0,5,71,1,10.0000,1,90.00,1,1402.01,11,0.9,572,0,1
1,32.9905000,-106.9749754,3,1,2026,8,18,1,12,0,5,72,1,10.0000,1,90.00,1,1402.10,11,0.9,573,0,1
1,32.9905000,-106.9749743,3,1,2026,8,18,1,12,0,5,73,1,10.0000,1,90.00,1,1402.20,11,0.9,574,0,1
1,32.9905000,-106.9749732,3,1,2026,8,18,1,12,0,5,74,1,10.0000,1,90.00,1,1402.30,11,0.9,575,0,1
1,32.9905000,-106.9749722,3,1,2026,8,18,1,12,0,5,75,1,10.0000,1,90.00,1,1402.40,11,0.9,576,0,1
1,32.9905000,-106.9749711,3,1,2026,8,18,1,12,0,5,76,1,10.0000,1,90.00,1,1402.51,11,0.9,577,0,1
1,32.9905000,-106.9749700,3,1,2026,8,18,1,12,0,5,77,1,10.0000,1,90.00,1,1402.62,11,0.9,578,0,1
1,32.9905000,-106.9749689,3,1,2026,8,18,1,12,0,5,78,1,10.0000,1,90.00,1,1402.74,11,0.9,579,0,1
1,32.9905000,-106.9749679,3,1,2026,8,18,1,12,0,5,79,1,10.0000,1,90.00,1,1402.86,11,0.9,580,0,1
1,32.9905000,-106.9749668,3,1,2026,8,18,1,12,0,5,80,1,10.0000,1,90.00,1,1402.98,11,0.9,581,0,1
1,32.9905000,-106.9749657,3,1,2026,8,18,1,12,0,5,81,1,10.0000,1,90.00,1,1403.11,11,0.9,582,0,1
1,32.9905000,-106.9749647,3,1,2026,8,18,1,12,0,5,82,1,10.0000,1,90.00,1,1403.24,11,0.9,583,0,1
1,32.9905000,-106.9749636,3,1,2026,8,18,1,12,0,5,83,1,10.0000,1,90.00,1,1403.38,11,0.9,584,0,1
1,32.9905000,-106.9749625,3,1,2026,8,18,1,12,0,5,84,1,10.0000,1,90.00,1,1403.52,11,0.9,585,0,1
1,32.9905000,-106.9749614,3,1,2026,8,18,1,12,0,5,85,1,10.0000,1,90.00,1,1403.66,11,0.9,586,0,1
1,32.9905000,-106.9749604,3,1,2026,8,18,1,12,0,5,86,1,10.0000,1,90.00,1,1403.81,11,0.9,587,0,1
1,32.9905000,-106.9749593,3,1,2026,8,18,1,12,0,5,87,1,10.0000,1,90.00,1,1403.96,11,0.9,588,0,1
1,32.9905000,-106.9749582,3,1,2026,8,18,1,12,0,5,88,1,10.0000,1,90.00,1,1404.12,11,0.9,589,0,1
1,32.9905000,-106.9749572,3,1,2026,8,18,1,12,0,5,89,1,10.0000,1,90.00,1,1404.28,11,0.9,590,0,1
1,32.9905000,-106.9749561,3,1,2026,8,18,1,12,0,5,90,1,10.0000,1,90.00,1,1404.44,11,0.9,591,0,1
1,32.9905000,-106.9749550,3,1,2026,8,18,1,12,0,5,91,1,10.0000,1,90.00,1,1404.61,11,0.9,592,0,1
1,32.9905000,-106.9749539,3,1,2026,8,18,1,12,0,5,92,1,10.0000,1,90.00,1,1404.78,11,0.9,593,0,1
1,32.9905000,-106.9749529,3,1,2026,8,18,1,12,0,5,93,1,10.0000,1,90.00,1,1404.96,11,0.9,594,0,1
1,32.9905000,-106.9749518,3,1,2026,8,18,1,12,0,5,94,1,10.0000,1,90.00,1,1405.14,11,0.9,595,0,1
1,32.9905000,-106.9749507,3,1,2026,8,18,1,12,0,5,95,1,10.0000,1,90.00,1,1405.32,11,0.9,596,0,1
1,32.9905000,-106.9749497,3,1,2026,8,18,1,12,0,5,96,1,10.0000,1,90.00,1,1405.51,11,0.9,597,0,1
1,32.9905000,-106.9749486,3,1,2026,8,18,1,12,0,5,97,1,10.0000,1,90.00,1,1405.70,11,0.9,598,0,1
1,32.9905000,-106.9749475,3,1,2026,8,18,1,12,0,5,98,1,10.0000,1,90.00,1,1405.90,11,0.9,599,0,1
1,32.9905000,-106.9749465,3,1,2026,8,18,1,12,0,5,99,1,10.0000,1,90.00,1,1406.10,11,0.9,600,0,1
1,32.9905000,-106.9749454,3,1,2026,8,18,1,12,0,6,0,1,10.0000,1,90.00,1,1406.30,11,0.9,601,0,1
1,32.9905000,-106.9749443,3,1,2026,8,18,1,12,0,6,1,1,10.0000,1,90.00,1,1406.50,11,0.9,602,0,1
1,32.9905000,-106.9749432,3,1,2026,8,18,1,12,0,6,2,1,10.0000,1,90.00,1,1406.69,11,0.9,603,0,1
1,32.9905000,-106.9749422,3,1,2026,8,18,1,12,0,6,3,1,10.0000,1,90.00,1,1406.89,11,0.9,604,0,1
1,32.9905000,-106.9749411,3,1,2026,8,18,1,12,0,6,4,1,10.0000,1,90.00,1,1407.09,11,0.9,605,0,1
1,32.9905000,-106.9749400,3,1,2026,8,18,1,12,0,6,5,1,10.0000,1,90.00,1,1407.28,11,0.9,606,0,1
1,32.9905000,-106.9749390,3,1,2026,8,18,1,12,0,6,6,1,10.0000,1,90.00,1,1407.47,11,0.9,607,0,1
1,32.9905000,-106.9749379,3,1,2026,8,18,1,12,0,6,7,1,10.0000,1,90.00,1,1407.66,11,0.9,608,0,1
1,32.9905000,-106.9749368,3,1,2026,8,18,1,12,0,6,8,1,10.0000,1,90.00,1,1407.86,11,0.9,609,0,1
1,32.9905000,-106.9749357,3,1,2026,8,18,1,12,0,6,9,1,10.0000,1,90.00,1,1408.05,11,0.9,610,0,1
1,32.9905000,-106.9749347,3,1,2026,8,18,1,12,0,6,10,1,10.0000,1,90.00,1,1408.24,11,0.9,611,0,1
1,32.9905000,-106.9749336,3,1,2026,8,18,1,12,0,6,11,1,10.0000,1,90.00,1,1408.42,11,0.9,612,0,1
1,32.9905000,-106.9749325,3,1,2026,8,18,1,12,0,6,12,1,10.0000,1,90.00,1,1408.61,11,0.9,613,0,1
1,32.9905000,-106.9749315,3,1,2026,8,18,1,12,0,6,13,1,10.0000,1,90.00,1,1408.80,11,0.9,614,0,1
1,32.9905000,-106.9749304,3,1,2026,8,18,1,12,0,6,14,1,10.0000,1,90.00,1,1408.98,11,0.9,615,0,1
1,32.9905000,-106.9749293,3,1,2026,8,18,1,12,0,6,15,1,10.0000,1,90.00,1,1409.17,11,0.9,616,0,1
1,32.9905000,-106.9749282,3,1,2026,8,18,1,12,0,6,16,1,10.0000,1,90.00,1,1409.35,11,0.9,617,0,1
1,32.9905000,-106.9749272,3,1,2026,8,18,1,12,0,6,17,1,10.0000,1,90.00,1,1409.53,11,0.9,618,0,1
1,32.9905000,-106.9749261,3,1,2026,8,18,1,12,0,6,18,1,10.0000,1,90.00,1,1409.71,11,0.9,619,0,1
1,32.9905000,-106.9749250,3,1,2026,8,18,1,12,0,6,19,1,10.0000,1,90.00,1,1409.89,11,0.9,620,0,1
1,32.9905000,-106.9749240,3,1,2026,8,18,1,12,0,6,20,1,10.0000,1,90.00,1,1410.07,11,0.9,621,0,1
1,32.9905000,-106.9749229,3,1,2026,8,18,1,12,0,6,21,1,10.0000,1,90.00,1,1410.25,11,0.9,622,0,1
1,32.9905000,-106.9749218,3,1,2026,8,18,1,12,0,6,22,1,10.0000,1,90.00,1,1410.43,11,0.9,623,0,1
1,32.9905000,-106.9749207,3,1,2026,8,18,1,12,0,6,23,1,10.0000,1,90.00,1,1410.61,11,0.9,624,0,1
1,32.9905000,-106.9749197,3,1,2026,8,18,1,12,0,6,24,1,10.0000,1,90.00,1,1410.78,11,0.9,625,0,1
1,32.9905000,-106.9749186,3,1,2026,8,18,1,12,0,6,25,1,10.0000,1,90.00,1,1410.96,11,0.9,626,0,1
1,32.9905000,-106.9749175,3,1,2026,8,18,1,12,0,6,26,1,10.0000,1,90.00,1,1411.13,11,0.9,627,0,1
1,32.9905000,-106.9749165,3,1,2026,8,18,1,12,0,6,27,1,10.0000,1,90.00,1,1411.30,11,0.9,628,0,1
1,32.9905000,-106.9749154,3,1,2026,8,18,1,12,0,6,28,1,10.0000,1,90.00,1,1411.47,11,0.9,629,0,1
1,32.9905000,-106.9749143,3,1,2026,8,18,1,12,0,6,29,1,10.0000,1,90.00,1,1411.64,11,0.9,630,0,1
1,32.9905000,-106.9749133,3,1,2026,8,18,1,12,0,6,30,1,10.0000,1,90.00,1,1411.81,11,0.9,631,0,1
1,32.9905000,-106.9749122,3,1,2026,8,18,1,12,0,6,31,1,10.0000,1,90.00,1,1411.98,11,0.9,632,0,1
1,32.9905000,-106.9749111,3,1,2026,8,18,1,12,0,6,32,1,10.0000,1,90.00,1,1412.15,11,0.9,633,0,1
1,32.9905000,-106.9749100,3,1,2026,8,18,1,12,0,6,33,1,10.0000,1,90.00,1,1412.32,11,0.9,634,0,1
1,32.9905000,-106.9749090,3,1,2026,8,18,1,12,0,6,34,1,10.0000,1,90.00,1,1412.48,11,0.9,635,0,1
1,32.9905000,-106.9749079,3,1,2026,8,18,1,12,0,6,35,1,10.0000,1,90.00,1,1412.65,11,0.9,636,0,1
1,32.9905000,-106.9749068,3,1,2026,8,18,1,12,0,6,36,1,10.0000,1,90.00,1,1412.81,11,0.9,637,0,1
1,32.9905000,-106.9749058,3,1,2026,8,18,1,12,0,6,37,1,10.0000,1,90.00,1,1412.97,11,0.9,638,0,1
1,32.9905000,-106.9749047,3,1,2026,8,18,1,12,0,6,38,1,10.0000,1,90.00,1,1413.13,11,0.9,639,0,1
1,32.9905000,-106.9749036,3,1,2026,8,18,1,12,0,6,39,1,10.0000,1,90.00,1,1413.30,11,0.9,640,0,1
1,32.9905000,-106.9749025,3,1,2026,8,18,1,12,0,6,40,1,10.0000,1,90.00,1,1413.46,11,0.9,641,0,1
1,32.9905000,-106.9749015,3,1,2026,8,18,1,12,0,6,41,1,10.0000,1,90.00,1,1413.61,11,0.9,642,0,1
1,32.9905000,-106.9749004,3,1,2026,8,18,1,12,0,6,42,1,10.0000,1,90.00,1,1413.77,11,0.9,643,0,1
1,32.9905000,-106.9748993,3,1,2026,8,18,1,12,0,6,43,1,10.0000,1,90.00,1,1413.93,11,0.9,644,0,1
1,32.9905000,-106.9748983,3,1,2026,8,18,1,12,0,6,44,1,10.0000,1,90.00,1,1414.08,11,0.9,645,0,1
1,32.9905000,-106.9748972,3,1,2026,8,18,1,12,0,6,45,1,10.0000,1,90.00,1,1414.24,11,0.9,646,0,1
1,32.9905000,-106.9748961,3,1,2026,8,18,1,12,0,6,46,1,10.0000,1,90.00,1,1414.39,11,0.9,647,0,1
1,32.9905000,-106.9748950,3,1,2026,8,18,1,12,0,6,47,1,10.0000,1,90.00,1,1414.55,11,0.9,648,0,1
1,32.9905000,-106.9748940,3,1,2026,8,18,1,12,0,6,48,1,10.0000,1,90.00,1,1414.70,11,0.9,649,0,1
1,32.9905000,-106.9748929,3,1,2026,8,18,1,12,0,6,49,1,10.0000,1,90.00,1,1414.85,11,0.9,650,0,1
1,32.9905000,-106.9748918,3,1,2026,8,18,1,12,0,6,50,1,10.0000,1,90.00,1,1415.00,11,0.9,651,0,1
1,32.9905000,-106.9748908,3,1,2026,8,18,1,12,0,6,51,1,10.0000,1,90.00,1,1415.15,11,0.9,652,0,1
1,32.9905000,-106.9748897,3,1,2026,8,18,1,12,0,6,52,1,10.0000,1,90.00,1,1415.30,11,0.9,653,0,1
1,32.9905000,-106.9748886,3,1,2026,8,18,1,12,0,6,53,1,10.0000,1,90.00,1,1415.44,11,0.9,654,0,1
1,32.9905000,-106.9748876,3,1,2026,8,18,1,12,0,6,54,1,10.0000,1,90.00,1,1415.59,11,0.9,655,0,1
1,32.9905000,-106.9748865,3,1,2026,8,18,1,12,0,6,55,1,10.0000,1,90.00,1,1415.73,11,0.9,656,0,1
1,32.9905000,-106.9748854,3,1,2026,8,18,1,12,0,6,56,1,10.0000,1,90.00,1,1415.88,11,0.9,657,0,1
1,32.9905000,-106.9748843,3,1,2026,8,18,1,12,0,6,57,1,10.0000,1,90.00,1,1416.02,11,0.9,658,0,1
1,32.9905000,-106.9748833,3,1,2026,8,18,1,12,0,6,58,1,10.0000,1,90.00,1,1416.16,11,0.9,659,0,1
1,32.9905000,-106.9748822,3,1,2026,8,18,1,12,0,6,59,1,10.0000,1,90.00,1,1416.30,11,0.9,660,0,1
1,32.9905000,-106.9748811,3,1,2026,8,18,1,12,0,6,60,1,10.0000,1,90.00,1,1416.44,11,0.9,661,0,1
1,32.9905000,-106.9748801,3,1,2026,8,18,1,12,0,6,61,1,10.0000,1,90.00,1,1416.58,11,0.9,662,0,1
1,32.9905000,-106.9748790,3,1,2026,8,18,1,12,0,6,62,1,10.0000,1,90.00,1,1416.72,11,0.9,663,0,1
1,32.9905000,-106.9748779,3,1,2026,8,18,1,12,0,6,63,1,10.0000,1,90.00,1,1416.86,11,0.9,664,0,1
1,32.9905000,-106.9748768,3,1,2026,8,18,1,12,0,6,64,1,10.0000,1,90.00,1,1417.00,11,0.9,665,0,1
1,32.9905000,-106.9748758,3,1,2026,8,18,1,12,0,6,65,1,10.0000,1,90.00,1,1417.13,11,0.9,666,0,1
1,32.9905000,-106.9748747,3,1,2026,8,18,1,12,0,6,66,1,10.0000,1,90.00,1,1417.27,11,0.9,667,0,1
1,32.9905000,-106.9748736,3,1,2026,8,18,1,12,0,6,67,1,10.0000,1,90.00,1,1417.40,11,0.9,668,0,1
1,32.9905000,-106.9748726,3,1,2026,8,18,1,12,0,6,68,1,10.0000,1,90.00,1,1417.53,11,0.9,669,0,1
1,32.9905000,-106.9748715,3,1,2026,8,18,1,12,0,6,69,1,10.0000,1,90.00,1,1417.66,11,0.9,670,0,1
1,32.9905000,-106.9748704,3,1,2026,8,18,1,12,0,6,70,1,10.0000,1,90.00,1,1417.79,11,0.9,671,0,1
1,32.9905000,-106.9748693,3,1,2026,8,18,1,12,0,6,71,1,10.0000,1,90.00,1,1417.92,11,0.9,672,0,1
1,32.9905000,-106.9748683,3,1,2026,8,18,1,12,0,6,72,1,10.0000,1,90.00,1,1418.05,11,0.9,673,0,1
1,32.9905000,-106.9748672,3,1,2026,8,18,1,12,0,6,73,1,10.0000,1,90.00,1,1418.18,11,0.9,674,0,1
1,32.9905000,-106.9748661,3,1,2026,8,18,1,12,0,6,74,1,10.0000,1,90.00,1,1418.30,11,0.9,675,0,1
1,32.9905000,-106.9748651,3,1,2026,8,18,1,12,0,6,75,1,10.0000,1,90.00,1,1418.43,11,0.9,676,0,1
1,32.9905000,-106.9748640,3,1,2026,8,18,1,12,0,6,76,1,10.0000,1,90.00,1,1418.55,11,0.9,677,0,1
1,32.9905000,-106.9748629,3,1,2026,8,18,1,12,0,6,77,1,10.0000,1,90.00,1,1418.68,11,0.9,678,0,1
1,32.9905000,-106.9748618,3,1,2026,8,18,1,12,0,6,78,1,10.0000,1,90.00,1,1418.80,11,0.9,679,0,1
1,32.9905000,-106.9748608,3,1,2026,8,18,1,12,0,6,79,1,10.0000,1,90.00,1,1418.92,11,0.9,680,0,1
1,32.9905000,-106.9748597,3,1,2026,8,18,1,12,0,6,80,1,10.0000,1,90.00,1,1419.04,11,0.9,681,0,1
1,32.9905000,-106.9748586,3,1,2026,8,18,1,12,0,6,81,1,10.0000,1,90.00,1,1419.16,11,0.9,682,0,1
1,32.9905000,-106.9748576,3,1,2026,8,18,1,12,0,6,82,1,10.0000,1,90.00,1,1419.28,11,0.9,683,0,1
1,32.9905000,-106.9748565,3,1,2026,8,18,1,12,0,6,83,1,10.0000,1,90.00,1,1419.40,11,0.9,684,0,1
1,32.9905000,-106.9748554,3,1,2026,8,18,1,12,0,6,84,1,10.0000,1,90.00,1,1419.51,11,0.9,685,0,1
1,32.9905000,-106.9748544,3,1,2026,8,18,1,12,0,6,85,1,10.0000,1,90.00,1,1419.63,11,0.9,686,0,1
1,32.9905000,-106.9748533,3,1,2026,8,18,1,12,0,6,86,1,10.0000,1,90.00,1,1419.74,11,0.9,687,0,1
1,32.9905000,-106.9748522,3,1,2026,8,18,1,12,0,6,87,1,10.0000,1,90.00,1,1419.86,11,0.9,688,0,1
1,32.9905000,-106.9748511,3,1,2026,8,18,1,12,0,6,88,1,10.0000,1,90.00,1,1419.97,11,0.9,689,0,1
1,32.9905000,-106.9748501,3,1,2026,8,18,1,12,0,6,89,1,10.0000,1,90.00,1,1420.08,11,0.9,690,0,1
1,32.9905000,-106.9748490,3,1,2026,8,18,1,12,0,6,90,1,10.0000,1,90.00,1,1420.19,11,0.9,691,0,1
1,32.9905000,-106.9748479,3,1,2026,8,18,1,12,0,6,91,1,10.0000,1,90.00,1,1420.30,11,0.9,692,0,1
1,32.9905000,-106.9748469,3,1,2026,8,18,1,12,0,6,92,1,10.0000,1,90.00,1,1420.41,11,0.9,693,0,1
1,32.9905000,-106.9748458,3,1,2026,8,18,1,12,0,6,93,1,10.0000,1,90.00,1,1420.52,11,0.9,694,0,1
1,32.9905000,-106.9748447,3,1,2026,8,18,1,12,0,6,94,1,10.0000,1,90.00,1,1420.63,11,0.9,695,0,1
1,32.9905000,-106.9748436,3,1,2026,8,18,1,12,0,6,95,1,10.0000,1,90.00,1,1420.73,11,0.9,696,0,1
1,32.9905000,-106.9748426,3,1,2026,8,18,1,12,0,6,96,1,10.0000,1,90.00,1,1420.84,11,0.9,697,0,1
1,32.9905000,-106.9748415,3,1,2026,8,18,1,12,0,6,97,1,10.0000,1,90.00,1,1420.94,11,0.9,698,0,1
1,32.9905000,-106.9748404,3,1,2026,8,18,1,12,0,6,98,1,10.0000,1,90.00,1,1421.04,11,0.9,699,0,1
1,32.9905000,-106.9748394,3,1,2026,8,18,1,12,0,6,99,1,10.0000,1,90.00,1,1421.15,11,0.9,700,0,1
1,32.9905000,-106.9748383,3,1,2026,8,18,1,12,0,7,0,1,10.0000,1,90.00,1,1421.25,11,0.9,701,0,1
1,32.9905000,-106.9748372,3,1,2026,8,18,1,12,0,7,1,1,10.0000,1,90.00,1,1421.35,11,0.9,702,0,1
1,32.9905000,-106.9748361,3,1,2026,8,18,1,12,0,7,2,1,10.0000,1,90.00,1,1421.45,11,0.9,703,0,1
1,32.9905000,-106.9748351,3,1,2026,8,18,1,12,0,7,3,1,10.0000,1,90.00,1,1421.54,11,0.9,704,0,1
1,32.9905000,-106.9748340,3,1,2026,8,18,1,12,0,7,4,1,10.0000,1,90.00,1,1421.64,11,0.9,705,0,1
1,32.9905000,-106.9748329,3,1,2026,8,18,1,12,0,7,5,1,10.0000,1,90.00,1,1421.74,11,0.9,706,0,1
1,32.9905000,-106.9748319,3,1,2026,8,18,1,12,0,7,6,1,10.0000,1,90.00,1,1421.83,11,0.9,707,0,1
1,32.9905000,-106.9748308,3,1,2026,8,18,1,12,0,7,7,1,10.0000,1,90.00,1,1421.93,11,0.9,708,0,1
1,32.9905000,-106.9748297,3,1,2026,8,18,1,12,0,7,8,1,10.0000,1,90.00,1,1422.02,11,0.9,709,0,1
1,32.9905000,-106.9748286,3,1,2026,8,18,1,12,0,7,9,1,10.0000,1,90.00,1,1422.11,11,0.9,710,0,1
1,32.9905000,-106.9748276,3,1,2026,8,18,1,12,0,7,10,1,10.0000,1,90.00,1,1422.20,11,0.9,711,0,1
1,32.9905000,-106.9748265,3,1,2026,8,18,1,12,0,7,11,1,10.0000,1,90.00,1,1422.29,11,0.9,712,0,1
1,32.9905000,-106.9748254,3,1,2026,8,18,1,12,0,7,12,1,10.0000,1,90.00,1,1422.38,11,0.9,713,0,1
1,32.9905000,-106.9748244,3,1,2026,8,18,1,12,0,7,13,1,10.0000,1,90.00,1,1422.47,11,0.9,714,0,1
1,32.9905000,-106.9748233,3,1,2026,8,18,1,12,0,7,14,1,10.0000,1,90.00,1,1422.56,11,0.9,715,0,1
1,32.9905000,-106.9748222,3,1,2026,8,18,1,12,0,7,15,1,10.0000,1,90.00,1,1422.64,11,0.9,716,0,1
1,32.9905000,-106.9748212,3,1,2026,8,18,1,12,0,7,16,1,10.0000,1,90.00,1,1422.73,11,0.9,717,0,1
1,32.9905000,-106.9748201,3,1,2026,8,18,1,12,0,7,17,1,10.0000,1,90.00,1,1422.81,11,0.9,718,0,1
1,32.9905000,-106.9748190,3,1,2026,8,18,1,12,0,7,18,1,10.0000,1,90.00,1,1422.90,11,0.9,719,0,1
1,32.9905000,-106.9748179,3,1,2026,8,18,1,12,0,7,19,1,10.0000,1,90.00,1,1422.98,11,0.9,720,0,1
1,32.9905000,-106.9748169,3,1,2026,8,18,1,12,0,7,20,1,10.0000,1,90.00,1,1423.06,11,0.9,721,0,1
1,32.9905000,-106.9748158,3,1,2026,8,18,1,12,0,7,21,1,10.0000,1,90.00,1,1423.14,11,0.9,722,0,1
1,32.9905000,-106.9748147,3,1,2026,8,18,1,12,0,7,22,1,10.0000,1,90.00,1,1423.22,11,0.9,723,0,1
1,32.9905000,-106.9748137,3,1,2026,8,18,1,12,0,7,23,1,10.0000,1,90.00,1,1423.30,11,0.9,724,0,1
1,32.9905000,-106.9748126,3,1,2026,8,18,1,12,0,7,24,1,10.0000,1,90.00,1,1423.37,11,0.9,725,0,1
1,32.9905000,-106.9748115,3,1,2026,8,18,1,12,0,7,25,1,10.0000,1,90.00,1,1423.45,11,0.9,726,0,1
1,32.9905000,-106.9748104,3,1,2026,8,18,1,12,0,7,26,1,10.0000,1,90.00,1,1423.53,11,0.9,727,0,1
1,32.9905000,-106.9748094,3,1,2026,8,18,1,12,0,7,27,1,10.0000,1,90.00,1,1423.60,11,0.9,728,0,1
1,32.9905000,-106.9748083,3,1,2026,8,18,1,12,0,7,28,1,10.0000,1,90.00,1,1423.67,11,0.9,729,0,1
1,32.9905000,-106.9748072,3,1,2026,8,18,1,12,0,7,29,1,10.0000,1,90.00,1,1423.75,11,0.9,730,0,1
1,32.9905000,-106.9748062,3,1,2026,8,18,1,12,0,7,30,1,10.0000,1,90.00,1,1423.82,11,0.9,731,0,1
1,32.9905000,-106.9748051,3,1,2026,8,18,1,12,0,7,31,1,10.0000,1,90.00,1,1423.89,11,0.9,732,0,1
1,32.9905000,-106.9748040,3,1,2026,8,18,1,12,0,7,32,1,10.0000,1,90.00,1,1423.96,11,0.9,733,0,1
1,32.9905000,-106.9748029,3,1,2026,8,18,1,12,0,7,33,1,10.0000,1,90.00,1,1424.03,11,0.9,734,0,1
1,32.9905000,-106.9748019,3,1,2026,8,18,1,12,0,7,34,1,10.0000,1,90.00,1,1424.09,11,0.9,735,0,1
1,32.9905000,-106.9748008,3,1,2026,8,18,1,12,0,7,35,1,10.0000,1,90.00,1,1424.16,11,0.9,736,0,1
1,32.9905000,-106.9747997,3,1,2026,8,18,1,12,0,7,36,1,10.0000,1,90.00,1,1424.23,11,0.9,737,0,1
1,32.9905000,-106.9747987,3,1,2026,8,18,1,12,0,7,37,1,10.0000,1,90.00,1,1424.29,11,0.9,738,0,1
1,32.9905000,-106.9747976,3,1,2026,8,18,1,12,0,7,38,1,10.0000,1,90.00,1,1424.35,11,0.9,739,0,1
1,32.9905000,-106.9747965,3,1,2026,8,18,1,12,0,7,39,1,10.0000,1,90.00,1,1424.42,11,0.9,740,0,1
1,32.9905000,-106.9747954,3,1,2026,8,18,1,12,0,7,40,1,10.0000,1,90.00,1,1424.48,11,0.9,741,0,1
1,32.9905000,-106.9747944,3,1,2026,8,18,1,12,0,7,41,1,10.0000,1,90.00,1,1424.54,11,0.9,742,0,1
1,32.9905000,-106.9747933,3,1,2026,8,18,1,12,0,7,42,1,10.0000,1,90.00,1,1424.60,11,0.9,743,0,1
1,32.9905000,-106.9747922,3,1,2026,8,18,1,12,0,7,43,1,10.0000,1,90.00,1,1424.66,11,0.9,744,0,1
1,32.9905000,-106.9747912,3,1,2026,8,18,1,12,0,7,44,1,10.0000,1,90.00,1,1424.72,11,0.9,745,0,1
1,32.9905000,-106.9747901,3,1,2026,8,18,1,12,0,7,45,1,10.0000,1,90.00,1,1424.77,11,0.9,746,0,1
1,32.9905000,-106.9747890,3,1,2026,8,18,1,12,0,7,46,1,10.0000,1,90.00,1,1424.83,11,0.9,747,0,1
1,32.9905000,-106.9747880,3,1,2026,8,18,1,12,0,7,47,1,10.0000,1,90.00,1,1424.88,11,0.9,748,0,1
1,32.9905000,-106.9747869,3,1,2026,8,18,1,12,0,7,48,1,10.0000,1,90.00,1,1424.94,11,0.9,749,0,1
1,32.9905000,-106.9747858,3,1,2026,8,18,1,12,0,7,49,1,10.0000,1,90.00,1,1424.99,11,0.9,750,0,1
1,32.9905000,-106.9747847,3,1,2026,8,18,1,12,0,7,50,1,10.0000,1,90.00,1,1425.04,11,0.9,751,0,1
1,32.9905000,-106.9747837,3,1,2026,8,18,1,12,0,7,51,1,10.0000,1,90.00,1,1425.09,11,0.9,752,0,1
1,32.9905000,-106.9747826,3,1,2026,8,18,1,12,0,7,52,1,10.0000,1,90.00,1,1425.14,11,0.9,753,0,1
1,32.9905000,-106.9747815,3,1,2026,8,18,1,12,0,7,53,1,10.0000,1,90.00,1,1425.19,11,0.9,754,0,1
1,32.9905000,-106.9747805,3,1,2026,8,18,1,12,0,7,54,1,10.0000,1,90.00,1,1425.24,11,0.9,755,0,1
1,32.9905000,-106.9747794,3,1,2026,8,18,1,12,0,7,55,1,10.0000,1,90.00,1,1425.29,11,0.9,756,0,1
1,32.9905000,-106.9747783,3,1,2026,8,18,1,12,0,7,56,1,10.0000,1,90.00,1,1425.33,11,0.9,757,0,1
1,32.9905000,-106.9747772,3,1,2026,8,18,1,12,0,7,57,1,10.0000,1,90.00,1,1425.38,11,0.9,758,0,1
1,32.9905000,-106.9747762,3,1,2026,8,18,1,12,0,7,58,1,10.0000,1,90.00,1,1425.42,11,0.9,759,0,1
1,32.9905000,-106.9747751,3,1,2026,8,18,1,12,0,7,59,1,10.0000,1,90.00,1,1425.46,11,0.9,760,0,1
1,32.9905000,-106.9747740,3,1,2026,8,18,1,12,0,7,60,1,10.0000,1,90.00,1,1425.51,11,0.9,761,0,1
1,32.9905000,-106.9747730,3,1,2026,8,18,1,12,0,7,61,1,10.0000,1,90.00,1,1425.55,11,0.9,762,0,1
1,32.9905000,-106.9747719,3,1,2026,8,18,1,12,0,7,62,1,10.0000,1,90.00,1,1425.59,11,0.9,763,0,1
1,32.9905000,-106.9747708,3,1,2026,8,18,1,12,0,7,63,1,10.0000,1,90.00,1,1425.63,11,0.9,764,0,1
1,32.9905000,-106.9747697,3,1,2026,8,18,1,12,0,7,64,1,10.0000,1,90.00,1,1425.67,11,0.9,765,0,1
1,32.9905000,-106.9747687,3,1,2026,8,18,1,12,0,7,65,1,10.0000,1,90.00,1,1425.70,11,0.9,766,0,1
1,32.9905000,-106.9747676,3,1,2026,8,18,1,12,0,7,66,1,10.0000,1,90.00,1,1425.74,11,0.9,767,0,1
1,32.9905000,-106.9747665,3,1,2026,8,18,1,12,0,7,67,1,10.0000,1,90.00,1,1425.77,11,0.9,768,0,1
1,32.9905000,-106.9747655,3,1,2026,8,18,1,12,0,7,68,1,10.0000,1,90.00,1,1425.81,11,0.9,769,0,1
1,32.9905000,-106.9747644,3,1,2026,8,18,1,12,0,7,69,1,10.0000,1,90.00,1,1425.84,11,0.9,770,0,1
1,32.9905000,-106.9747633,3,1,2026,8,18,1,12,0,7,70,1,10.0000,1,90.00,1,1425.87,11,0.9,771,0,1
1,32.9905000,-106.9747622,3,1,2026,8,18,1,12,0,7,71,1,10.0000,1,90.00,1,1425.90,11,0.9,772,0,1
1,32.9905000,-106.9747612,3,1,2026,8,18,1,12,0,7,72,1,10.0000,1,90.00,1,1425.93,11,0.9,773,0,1
1,32.9905000,-106.9747601,3,1,2026,8,18,1,12,0,7,73,1,10.0000,1,90.00,1,1425.96,11,0.9,774,0,1
1,32.9905000,-106.9747590,3,1,2026,8,18,1,12,0,7,74,1,10.0000,1,90.00,1,1425.99,11,0.9,775,0,1
1,32.9905000,-106.9747580,3,1,2026,8,18,1,12,0,7,75,1,10.0000,1,90.00,1,1426.02,11,0.9,776,0,1
1,32.9905000,-106.9747569,3,1,2026,8,18,1,12,0,7,76,1,10.0000,1,90.00,1,1426.05,11,0.9,777,0,1
1,32.9905000,-106.9747558,3,1,2026,8,18,1,12,0,7,77,1,10.0000,1,90.00,1,1426.07,11,0.9,778,0,1
1,32.9905000,-106.9747548,3,1,2026,8,18,1,12,0,7,78,1,10.0000,1,90.00,1,1426.10,11,0.9,779,0,1
1,32.9905000,-106.9747537,3,1,2026,8,18,1,12,0,7,79,1,10.0000,1,90.00,1,1426.12,11,0.9,780,0,1
1,32.9905000,-106.9747526,3,1,2026,8,18,1,12,0,7,80,1,10.0000,1,90.00,1,1426.14,11,0.9,781,0,1
1,32.9905000,-106.9747515,3,1,2026,8,18,1,12,0,7,81,1,10.0000,1,90.00,1,1426.16,11,0.9,782,0,1
1,32.9905000,-106.9747505,3,1,2026,8,18,1,12,0,7,82,1,10.0000,1,90.00,1,1426.18,11,0.9,783,0,1
1,32.9905000,-106.9747494,3,1,2026,8,18,1,12,0,7,83,1,10.0000,1,90.00,1,1426.20,11,0.9,784,0,1
1,32.9905000,-106.9747483,3,1,2026,8,18,1,12,0,7,84,1,10.0000,1,90.00,1,1426.22,11,0.9,785,0,1
1,32.9905000,-106.9747473,3,1,2026,8,18,1,12,0,7,85,1,10.0000,1,90.00,1,1426.24,11,0.9,786,0,1
1,32.9905000,-106.9747462,3,1,2026,8,18,1,12,0,7,86,1,10.0000,1,90.00,1,1426.26,11,0.9,787,0,1
1,32.9905000,-106.9747451,3,1,2026,8,18,1,12,0,7,87,1,10.0000,1,90.00,1,1426.27,11,0.9,788,0,1
1,32.9905000,-106.9747440,3,1,2026,8,18,1,12,0,7,88,1,10.0000,1,90.00,1,1426.29,11,0.9,789,0,1
1,32.9905000,-106.9747430,3,1,2026,8,18,1,12,0,7,89,1,10.0000,1,90.00,1,1426.30,11,0.9,790,0,1
1,32.9905000,-106.9747419,3,1,2026,8,18,1,12,0,7,90,1,10.0000,1,90.00,1,1426.31,11,0.9,791,0,1
1,32.9905000,-106.9747408,3,1,2026,8,18,1,12,0,7,91,1,10.0000,1,90.00,1,1426.32,11,0.9,792,0,1
1,32.9905000,-106.9747398,3,1,2026,8,18,1,12,0,7,92,1,10.0000,1,90.00,1,1426.33,11,0.9,793,0,1
1,32.9905000,-106.9747387,3,1,2026,8,18,1,12,0,7,93,1,10.0000,1,90.00,1,1426.34,11,0.9,794,0,1
1,32.9905000,-106.9747376,3,1,2026,8,18,1,12,0,7,94,1,10.0000,1,90.00,1,1426.35,11,0.9,795,0,1
1,32.9905000,-106.9747365,3,1,2026,8,18,1,12,0,7,95,1,10.0000,1,90.00,1,1426.36,11,0.9,796,0,1
1,32.9905000,-106.9747355,3,1,2026,8,18,1,12,0,7,96,1,10.0000,1,90.00,1,1426.37,11,0.9,797,0,1
1,32.9905000,-106.9747344,3,1,2026,8,18,1,12,0,7,97,1,10.0000,1,90.00,1,1426.37,11,0.9,798,0,1
1,32.9905000,-106.9747333,3,1,2026,8,18,1,12,0,7,98,1,10.0000,1,90.00,1,1426.38,11,0.9,799,0,1
1,32.9905000,-106.9747323,3,1,2026,8,18,1,12,0,7,99,1,10.0000,1,90.00,1,1426.38,11,0.9,800,0,1
1,32.9905000,-106.9747312,3,1,2026,8,18,1,12,0,8,0,1,10.0000,1,90.00,1,1426.38,11,0.9,801,0,1
1,32.9905000,-106.9747301,3,1,2026,8,18,1,12,0,8,1,1,10.0000,1,90.00,1,1426.39,11,0.9,802,0,1
1,32.9905000,-106.9747290,3,1,2026,8,18,1,12,0,8,2,1,10.0000,1,90.00,1,1426.39,11,0.9,803,0,1
1,32.9905000,-106.9747280,3,1,2026,8,18,1,12,0,8,3,1,10.0000,1,90.00,1,1426.39,11,0.9,804,0,1
1,32.9905000,-106.9747269,3,1,2026,8,18,1,12,0,8,4,1,10.0000,1,90.00,1,1426.39,11,0.9,805,0,1
1,32.9905000,-106.9747258,3,1,2026,8,18,1,12,0,8,5,1,10.0000,1,90.00,1,1426.38,11,0.9,806,0,1
1,32.9905000,-106.9747248,3,1,2026,8,18,1,12,0,8,6,1,10.0000,1,90.00,1,1426.38,11,0.9,807,0,1
1,32.9905000,-106.9747237,3,1,2026,8,18,1,12,0,8,7,1,10.0000,1,90.00,1,1426.38,11,0.9,808,0,1
1,32.9905000,-106.9747226,3,1,2026,8,18,1,12,0,8,8,1,10.0000,1,90.00,1,1426.37,11,0.9,809,0,1
1,32.9905000,-106.9747216,3,1,2026,8,18,1,12,0,8,9,1,10.0000,1,90.00,1,1426.37,11,0.9,810,0,1
1,32.9905000,-106.9747205,3,1,2026,8,18,1,12,0,8,10,1,10.0000,1,90.00,1,1426.36,11,0.9,811,0,1
1,32.9905000,-106.9747194,3,1,2026,8,18,1,12,0,8,11,1,10.0000,1,90.00,1,1426.35,11,0.9,812,0,1
1,32.9905000,-106.9747183,3,1,2026,8,18,1,12,0,8,12,1,10.0000,1,90.00,1,1426.34,11,0.9,813,0,1
1,32.9905000,-106.9747173,3,1,2026,8,18,1,12,0,8,13,1,10.0000,1,90.00,1,1426.33,11,0.9,814,0,1
1,32.9905000,-106.9747162,3,1,2026,8,18,1,12,0,8,14,1,10.0000,1,90.00,1,1426.32,11,0.9,815,0,1
1,32.9905000,-106.9747151,3,1,2026,8,18,1,12,0,8,15,1,10.0000,1,90.00,1,1426.31,11,0.9,816,0,1
1,32.9905000,-106.9747141,3,1,2026,8,18,1,12,0,8,16,1,10.0000,1,90.00,1,1426.30,11,0.9,817,0,1
1,32.9905000,-106.9747130,3,1,2026,8,18,1,12,0,8,17,1,10.0000,1,90.00,1,1426.28,11,0.9,818,0,1
1,32.9905000,-106.9747119,3,1,2026,8,18,1,12,0,8,18,1,10.0000,1,90.00,1,1426.27,11,0.9,819,0,1
1,32.9905000,-106.9747108,3,1,2026,8,18,1,12,0,8,19,1,10.0000,1,90.00,1,1426.25,11,0.9,820,0,1
1,32.9905000,-106.9747098,3,1,2026,8,18,1,12,0,8,20,1,10.0000,1,90.00,1,1426.24,11,0.9,821,0,1
1,32.9905000,-106.9747087,3,1,2026,8,18,1,12,0,8,21,1,10.0000,1,90.00,1,1426.22,11,0.9,822,0,1
1,32.9905000,-106.9747076,3,1,2026,8,18,1,12,0,8,22,1,10.0000,1,90.00,1,1426.20,11,0.9,823,0,1
1,32.9905000,-106.9747066,3,1,2026,8,18,1,12,0,8,23,1,10.0000,1,90.00,1,1426.18,11,0.9,824,0,1
1,32.9905000,-106.9747055,3,1,2026,8,18,1,12,0,8,24,1,10.0000,1,90.00,1,1426.16,11,0.9,825,0,1
1,32.9905000,-106.9747044,3,1,2026,8,18,1,12,0,8,25,1,10.0000,1,90.00,1,1426.14,11,0.9,826,0,1
1,32.9905000,-106.9747033,3,1,2026,8,18,1,12,0,8,26,1,10.0000,1,90.00,1,1426.11,11,0.9,827,0,1
1,32.9905000,-106.9747023,3,1,2026,8,18,1,12,0,8,27,1,10.0000,1,90.00,1,1426.09,11,0.9,828,0,1
1,32.9905000,-106.9747012,3,1,2026,8,18,1,12,0,8,28,1,10.0000,1,90.00,1,1426.07,11,0.9,829,0,1
1,32.9905000,-106.9747001,3,1,2026,8,18,1,12,0,8,29,1,10.0000,1,90.00,1,1426.04,11,0.9,830,0,1
1,32.9905000,-106.9746991,3,1,2026,8,18,1,12,0,8,30,1,10.0000,1,90.00,1,1426.01,11,0.9,831,0,1
1,32.9905000,-106.9746980,3,1,2026,8,18,1,12,0,8,31,1,10.0000,1,90.00,1,1425.99,11,0.9,832,0,1
1,32.9905000,-106.9746969,3,1,2026,8,18,1,12,0,8,32,1,10.0000,1,90.00,1,1425.96,11,0.9,833,0,1
1,32.9905000,-106.9746958,3,1,2026,8,18,1,12,0,8,33,1,10.0000,1,90.00,1,1425.93,11,0.9,834,0,1
1,32.9905000,-106.9746948,3,1,2026,8,18,1,12,0,8,34,1,10.0000,1,90.00,1,1425.90,11,0.9,835,0,1
1,32.9905000,-106.9746937,3,1,2026,8,18,1,12,0,8,35,1,10.0000,1,90.00,1,1425.87,11,0.9,836,0,1
1,32.9905000,-106.9746926,3,1,2026,8,18,1,12,0,8,36,1,10.0000,1,90.00,1,1425.83,11,0.9,837,0,1
1,32.9905000,-106.9746916,3,1,2026,8,18,1,12,0,8,37,1,10.0000,1,90.00,1,1425.80,11,0.9,838,0,1
1,32.9905000,-106.9746905,3,1,2026,8,18,1,12,0,8,38,1,10.0000,1,90.00,1,1425.76,11,0.9,839,0,1
1,32.9905000,-106.9746894,3,1,2026,8,18,1,12,0,8,39,1,10.0000,1,90.00,1,1425.73,11,0.9,840,0,1
1,32.9905000,-106.9746884,3,1,2026,8,18,1,12,0,8,40,1,10.0000,1,90.00,1,1425.69,11,0.9,841,0,1
1,32.9905000,-106.9746873,3,1,2026,8,18,1,12,0,8,41,1,10.0000,1,90.00,1,1425.66,11,0.9,842,0,1
1,32.9905000,-106.9746862,3,1,2026,8,18,1,12,0,8,42,1,10.0000,1,90.00,1,1425.62,11,0.9,843,0,1
1,32.9905000,-106.9746851,3,1,2026,8,18,1,12,0,8,43,1,10.0000,1,90.00,1,1425.58,11,0.9,844,0,1
1,32.9905000,-106.9746841,3,1,2026,8,18,1,12,0,8,44,1,10.0000,1,90.00,1,1425.54,11,0.9,845,0,1
1,32.9905000,-106.9746830,3,1,2026,8,18,1,12,0,8,45,1,10.0000,1,90.00,1,1425.50,11,0.9,846,0,1
1,32.9905000,-106.9746819,3,1,2026,8,18,1,12,0,8,46,1,10.0000,1,90.00,1,1425.45,11,0.9,847,0,1
1,32.9905000,-106.9746809,3,1,2026,8,18,1,12,0,8,47,1,10.0000,1,90.00,1,1425.41,11,0.9,848,0,1
1,32.9905000,-106.9746798,3,1,2026,8,18,1,12,0,8,48,1,10.0000,1,90.00,1,1425.37,11,0.9,849,0,1
1,32.9905000,-106.9746787,3,1,2026,8,18,1,12,0,8,49,1,10.0000,1,90.00,1,1425.32,11,0.9,850,0,1
1,32.9905000,-106.9746776,3,1,2026,8,18,1,12,0,8,50,1,10.0000,1,90.00,1,1425.27,11,0.9,851,0,1
1,32.9905000,-106.9746766,3,1,2026,8,18,1,12,0,8,51,1,10.0000,1,90.00,1,1425.23,11,0.9,852,0,1
1,32.9905000,-106.9746755,3,1,2026,8,18,1,12,0,8,52,1,10.0000,1,90.00,1,1425.18,11,0.9,853,0,1
1,32.9905000,-106.9746744,3,1,2026,8,18,1,12,0,8,53,1,10.0000,1,90.00,1,1425.13,11,0.9,854,0,1
1,32.9905000,-106.9746734,3,1,2026,8,18,1,12,0,8,54,1,10.0000,1,90.00,1,1425.08,11,0.9,855,0,1
1,32.9905000,-106.9746723,3,1,2026,8,18,1,12,0,8,55,1,10.0000,1,90.00,1,1425.03,11,0.9,856,0,1
1,32.9905000,-106.9746712,3,1,2026,8,18,1,12,0,8,56,1,10.0000,1,90.00,1,1424.98,11,0.9,857,0,1
1,32.9905000,-106.9746701,3,1,2026,8,18,1,12,0,8,57,1,10.0000,1,90.00,1,1424.92,11,0.9,858,0,1
1,32.9905000,-106.9746691,3,1,2026,8,18,1,12,0,8,58,1,10.0000,1,90.00,1,1424.87,11,0.9,859,0,1
1,32.9905000,-106.9746680,3,1,2026,8,18,1,12,0,8,59,1,10.0000,1,90.00,1,1424.81,11,0.9,860,0,1
1,32.9905000,-106.9746669,3,1,2026,8,18,1,12,0,8,60,1,10.0000,1,90.00,1,1424.76,11,0.9,861,0,1
1,32.9905000,-106.9746659,3,1,2026,8,18,1,12,0,8,61,1,10.0000,1,90.00,1,1424.70,11,0.9,862,0,1
1,32.9905000,-106.9746648,3,1,2026,8,18,1,12,0,8,62,1,10.0000,1,90.00,1,1424.64,11,0.9,863,0,1
1,32.9905000,-106.9746637,3,1,2026,8,18,1,12,0,8,63,1,10.0000,1,90.00,1,1424.58,11,0.9,864,0,1
1,32.9905000,-106.9746626,3,1,2026,8,18,1,12,0,8,64,1,10.0000,1,90.00,1,1424.52,11,0.9,865,0,1
1,32.9905000,-106.9746616,3,1,2026,8,18,1,12,0,8,65,1,10.0000,1,90.00,1,1424.46,11,0.9,866,0,1
1,32.9905000,-106.9746605,3,1,2026,8,18,1,12,0,8,66,1,10.0000,1,90.00,1,1424.40,11,0.9,867,0,1
1,32.9905000,-106.9746594,3,1,2026,8,18,1,12,0,8,67,1,10.0000,1,90.00,1,1424.34,11,0.9,868,0,1
1,32.9905000,-106.9746584,3,1,2026,8,18,1,12,0,8,68,1,10.0000,1,90.00,1,1424.27,11,0.9,869,0,1
1,32.9905000,-106.9746573,3,1,2026,8,18,1,12,0,8,69,1,10.0000,1,90.00,1,1424.21,11,0.9,870,0,1
1,32.9905000,-106.9746562,3,1,2026,8,18,1,12,0,8,70,1,10.0000,1,90.00,1,1424.14,11,0.9,871,0,1
1,32.9905000,-106.9746552,3,1,2026,8,18,1,12,0,8,71,1,10.0000,1,90.00,1,1424.08,11,0.9,872,0,1
1,32.9905000,-106.9746541,3,1,2026,8,18,1,12,0,8,72,1,10.0000,1,90.00,1,1424.01,11,0.9,873,0,1
1,32.9905000,-106.9746530,3,1,2026,8,18,1,12,0,8,73,1,10.0000,1,90.00,1,1423.94,11,0.9,874,0,1
1,32.9905000,-106.9746519,3,1,2026,8,18,1,12,0,8,74,1,10.0000,1,90.00,1,1423.87,11,0.9,875,0,1
1,32.9905000,-106.9746509,3,1,2026,8,18,1,12,0,8,75,1,10.0000,1,90.00,1,1423.80,11,0.9,876,0,1
1,32.9905000,-106.9746498,3,1,2026,8,18,1,12,0,8,76,1,10.0000,1,90.00,1,1423.73,11,0.9,877,0,1
1,32.9905000,-106.9746487,3,1,2026,8,18,1,12,0,8,77,1,10.0000,1,90.00,1,1423.66,11,0.9,878,0,1
1,32.9905000,-106.9746477,3,1,2026,8,18,1,12,0,8,78,1,10.0000,1,90.00,1,1423.58,11,0.9,879,0,1
1,32.9905000,-106.9746466,3,1,2026,8,18,1,12,0,8,79,1,10.0000,1,90.00,1,1423.51,11,0.9,880,0,1
1,32.9905000,-106.9746455,3,1,2026,8,18,1,12,0,8,80,1,10.0000,1,90.00,1,1423.43,11,0.9,881,0,1
1,32.9905000,-106.9746444,3,1,2026,8,18,1,12,0,8,81,1,10.0000,1,90.00,1,1423.36,11,0.9,882,0,1
1,32.9905000,-106.9746434,3,1,2026,8,18,1,12,0,8,82,1,10.0000,1,90.00,1,1423.28,11,0.9,883,0,1
1,32.9905000,-106.9746423,3,1,2026,8,18,1,12,0,8,83,1,10.0000,1,90.00,1,1423.20,11,0.9,884,0,1
1,32.9905000,-106.9746412,3,1,2026,8,18,1,12,0,8,84,1,10.0000,1,90.00,1,1423.12,11,0.9,885,0,1
1,32.9905000,-106.9746402,3,1,2026,8,18,1,12,0,8,85,1,10.0000,1,90.00,1,1423.04,11,0.9,886,0,1
1,32.9905000,-106.9746391,3,1,2026,8,18,1,12,0,8,86,1,10.0000,1,90.00,1,1422.96,11,0.9,887,0,1
1,32.9905000,-106.9746380,3,1,2026,8,18,1,12,0,8,87,1,10.0000,1,90.00,1,1422.87,11,0.9,888,0,1
1,32.9905000,-106.9746369,3,1,2026,8,18,1,12,0,8,88,1,10.0000,1,90.00,1,1422.79,11,0.9,889,0,1
1,32.9905000,-106.9746359,3,1,2026,8,18,1,12,0,8,89,1,10.0000,1,90.00,1,1422.71,11,0.9,890,0,1
1,32.9905000,-106.9746348,3,1,2026,8,18,1,12,0,8,90,1,10.0000,1,90.00,1,1422.62,11,0.9,891,0,1
1,32.9905000,-106.9746337,3,1,2026,8,18,1,12,0,8,91,1,10.0000,1,90.00,1,1422.53,11,0.9,892,0,1
1,32.9905000,-106.9746327,3,1,2026,8,18,1,12,0,8,92,1,10.0000,1,90.00,1,1422.45,11,0.9,893,0,1
1,32.9905000,-106.9746316,3,1,2026,8,18,1,12,0,8,93,1,10.0000,1,90.00,1,1422.36,11,0.9,894,0,1
1,32.9905000,-106.9746305,3,1,2026,8,18,1,12,0,8,94,1,10.0000,1,90.00,1,1422.27,11,0.9,895,0,1
1,32.9905000,-106.9746295,3,1,2026,8,18,1,12,0,8,95,1,10.0000,1,90.00,1,1422.18,11,0.9,896,0,1
1,32.9905000,-106.9746284,3,1,2026,8,18,1,12,0,8,96,1,10.0000,1,90.00,1,1422.09,11,0.9,897,0,1
1,32.9905000,-106.9746273,3,1,2026,8,18,1,12,0,8,97,1,10.0000,1,90.00,1,1422.00,11,0.9,898,0,1
1,32.9905000,-106.9746262,3,1,2026,8,18,1,12,0,8,98,1,10.0000,1,90.00,1,1421.90,11,0.9,899,0,1
1,32.9905000,-106.9746252,3,1,2026,8,18,1,12,0,8,99,1,10.0000,1,90.00,1,1421.81,11,0.9,900,0,1
1,32.9905000,-106.9746241,3,1,2026,8,18,1,12,0,9,0,1,10.0000,1,90.00,1,1421.71,11,0.9,901,0,1
1,32.9905000,-106.9746230,3,1,2026,8,18,1,12,0,9,1,1,10.0000,1,90.00,1,1421.62,11,0.9,902,0,1
1,32.9905000,-106.9746220,3,1,2026,8,18,1,12,0,9,2,1,10.0000,1,90.00,1,1421.52,11,0.9,903,0,1
1,32.9905000,-106.9746209,3,1,2026,8,18,1,12,0,9,3,1,10.0000,1,90.00,1,1421.42,11,0.9,904,0,1
1,32.9905000,-106.9746198,3,1,2026,8,18,1,12,0,9,4,1,10.0000,1,90.00,1,1421.32,11,0.9,905,0,1
1,32.9905000,-106.9746187,3,1,2026,8,18,1,12,0,9,5,1,10.0000,1,90.00,1,1421.22,11,0.9,906,0,1
1,32.9905000,-106.9746177,3,1,2026,8,18,1,12,0,9,6,1,10.0000,1,90.00,1,1421.12,11,0.9,907,0,1
1,32.9905000,-106.9746166,3,1,2026,8,18,1,12,0,9,7,1,10.0000,1,90.00,1,1421.02,11,0.9,908,0,1
1,32.9905000,-106.9746155,3,1,2026,8,18,1,12,0,9,8,1,10.0000,1,90.00,1,1420.91,11,0.9,909,0,1
1,32.9905000,-106.9746145,3,1,2026,8,18,1,12,0,9,9,1,10.0000,1,90.00,1,1420.81,11,0.9,910,0,1
1,32.9905000,-106.9746134,3,1,2026,8,18,1,12,0,9,10,1,10.0000,1,90.00,1,1420.71,11,0.9,911,0,1
1,32.9905000,-106.9746123,3,1,2026,8,18,1,12,0,9,11,1,10.0000,1,90.00,1,1420.60,11,0.9,912,0,1
1,32.9905000,-106.9746112,3,1,2026,8,18,1,12,0,9,12,1,10.0000,1,90.00,1,1420.49,11,0.9,913,0,1
1,32.9905000,-106.9746102,3,1,2026,8,18,1,12,0,9,13,1,10.0000,1,90.00,1,1420.38,11,0.9,914,0,1
1,32.9905000,-106.9746091,3,1,2026,8,18,1,12,0,9,14,1,10.0000,1,90.00,1,1420.28,11,0.9,915,0,1
1,32.9905000,-106.9746080,3,1,2026,8,18,1,12,0,9,15,1,10.0000,1,90.00,1,1420.17,11,0.9,916,0,1
1,32.9905000,-106.9746070,3,1,2026,8,18,1,12,0,9,16,1,10.0000,1,90.00,1,1420.05,11,0.9,917,0,1
1,32.9905000,-106.9746059,3,1,2026,8,18,1,12,0,9,17,1,10.0000,1,90.00,1,1419.94,11,0.9,918,0,1
1,32.9905000,-106.9746048,3,1,2026,8,18,1,12,0,9,18,1,10.0000,1,90.00,1,1419.83,11,0.9,919,0,1
1,32.9905000,-106.9746037,3,1,2026,8,18,1,12,0,9,19,1,10.0000,1,90.00,1,1419.72,11,0.9,920,0,1
1,32.9905000,-106.9746027,3,1,2026,8,18,1,12,0,9,20,1,10.0000,1,90.00,1,1419.60,11,0.9,921,0,1
1,32.9905000,-106.9746016,3,1,2026,8,18,1,12,0,9,21,1,10.0000,1,90.00,1,1419.48,11,0.9,922,0,1
1,32.9905000,-106.9746005,3,1,2026,8,18,1,12,0,9,22,1,10.0000,1,90.00,1,1419.37,11,0.9,923,0,1
1,32.9905000,-106.9745995,3,1,2026,8,18,1,12,0,9,23,1,10.0000,1,90.00,1,1419.25,11,0.9,924,0,1
1,32.9905000,-106.9745984,3,1,2026,8,18,1,12,0,9,24,1,10.0000,1,90.00,1,1419.13,11,0.9,925,0,1
1,32.9905000,-106.9745973,3,1,2026,8,18,1,12,0,9,25,1,10.0000,1,90.00,1,1419.01,11,0.9,926,0,1
1,32.9905000,-106.9745963,3,1,2026,8,18,1,12,0,9,26,1,10.0000,1,90.00,1,1418.89,11,0.9,927,0,1
1,32.9905000,-106.9745952,3,1,2026,8,18,1,12,0,9,27,1,10.0000,1,90.00,1,1418.77,11,0.9,928,0,1
1,32.9905000,-106.9745941,3,1,2026,8,18,1,12,0,9,28,1,10.0000,1,90.00,1,1418.65,11,0.9,929,0,1
1,32.9905000,-106.9745930,3,1,2026,8,18,1,12,0,9,29,1,10.0000,1,90.00,1,1418.52,11,0.9,930,0,1
1,32.9905000,-106.9745920,3,1,2026,8,18,1,12,0,9,30,1,10.0000,1,90.00,1,1418.40,11,0.9,931,0,1
1,32.9905000,-106.9745909,3,1,2026,8,18,1,12,0,9,31,1,10.0000,1,90.00,1,1418.27,11,0.9,932,0,1
1,32.9905000,-106.9745898,3,1,2026,8,18,1,12,0,9,32,1,10.0000,1,90.00,1,1418.15,11,0.9,933,0,1
1,32.9905000,-106.9745888,3,1,2026,8,18,1,12,0,9,33,1,10.0000,1,90.00,1,1418.02,11,0.9,934,0,1
1,32.9905000,-106.9745877,3,1,2026,8,18,1,12,0,9,34,1,10.0000,1,90.00,1,1417.89,11,0.9,935,0,1
1,32.9905000,-106.9745866,3,1,2026,8,18,1,12,0,9,35,1,10.0000,1,90.00,1,1417.76,11,0.9,936,0,1
1,32.9905000,-106.9745855,3,1,2026,8,18,1,12,0,9,36,1,10.0000,1,90.00,1,1417.63,11,0.9,937,0,1
1,32.9905000,-106.9745845,3,1,2026,8,18,1,12,0,9,37,1,10.0000,1,90.00,1,1417.50,11,0.9,938,0,1
1,32.9905000,-106.9745834,3,1,2026,8,18,1,12,0,9,38,1,10.0000,1,90.00,1,1417.36,11,0.9,939,0,1
1,32.9905000,-106.9745823,3,1,2026,8,18,1,12,0,9,39,1,10.0000,1,90.00,1,1417.23,11,0.9,940,0,1
1,32.9905000,-106.9745813,3,1,2026,8,18,1,12,0,9,40,1,10.0000,1,90.00,1,1417.10,11,0.9,941,0,1
1,32.9905000,-106.9745802,3,1,2026,8,18,1,12,0,9,41,1,10.0000,1,90.00,1,1416.96,11,0.9,942,0,1
1,32.9905000,-106.9745791,3,1,2026,8,18,1,12,0,9,42,1,10.0000,1,90.00,1,1416.82,11,0.9,943,0,1
1,32.9905000,-106.9745780,3,1,2026,8,18,1,12,0,9,43,1,10.0000,1,90.00,1,1416.69,11,0.9,944,0,1
1,32.9905000,-106.9745770,3,1,2026,8,18,1,12,0,9,44,1,10.0000,1,90.00,1,1416.55,11,0.9,945,0,1
1,32.9905000,-106.9745759,3,1,2026,8,18,1,12,0,9,45,1,10.0000,1,90.00,1,1416.41,11,0.9,946,0,1
1,32.9905000,-106.9745748,3,1,2026,8,18,1,12,0,9,46,1,10.0000,1,90.00,1,1416.27,11,0.9,947,0,1
1,32.9905000,-106.9745738,3,1,2026,8,18,1,12,0,9,47,1,10.0000,1,90.00,1,1416.13,11,0.9,948,0,1
1,32.9905000,-106.9745727,3,1,2026,8,18,1,12,0,9,48,1,10.0000,1,90.00,1,1415.99,11,0.9,949,0,1
1,32.9905000,-106.9745716,3,1,2026,8,18,1,12,0,9,49,1,10.0000,1,90.00,1,1415.84,11,0.9,950,0,1
1,32.9905000,-106.9745705,3,1,2026,8,18,1,12,0,9,50,1,10.0000,1,90.00,1,1415.70,11,0.9,951,0,1
1,32.9905000,-106.9745695,3,1,2026,8,18,1,12,0,9,51,1,10.0000,1,90.00,1,1415.55,11,0.9,952,0,1
1,32.9905000,-106.9745684,3,1,2026,8,18,1,12,0,9,52,1,10.0000,1,90.00,1,1415.41,11,0.9,953,0,1
1,32.9905000,-106.9745673,3,1,2026,8,18,1,12,0,9,53,1,10.0000,1,90.00,1,1415.26,11,0.9,954,0,1
1,32.9905000,-106.9745663,3,1,2026,8,18,1,12,0,9,54,1,10.0000,1,90.00,1,1415.11,11,0.9,955,0,1
1,32.9905000,-106.9745652,3,1,2026,8,18,1,12,0,9,55,1,10.0000,1,90.00,1,1414.96,11,0.9,956,0,1
1,32.9905000,-106.9745641,3,1,2026,8,18,1,12,0,9,56,1,10.0000,1,90.00,1,1414.81,11,0.9,957,0,1
1,32.9905000,-106.9745631,3,1,2026,8,18,1,12,0,9,57,1,10.0000,1,90.00,1,1414.66,11,0.9,958,0,1
1,32.9905000,-106.9745620,3,1,2026,8,18,1,12,0,9,58,1,10.0000,1,90.00,1,1414.51,11,0.9,959,0,1
1,32.9905000,-106.9745609,3,1,2026,8,18,1,12,0,9,59,1,10.0000,1,90.00,1,1414.36,11,0.9,960,0,1
1,32.9905000,-106.9745598,3,1,2026,8,18,1,12,0,9,60,1,10.0000,1,90.00,1,1414.21,11,0.9,961,0,1
1,32.9905000,-106.9745588,3,1,2026,8,18,1,12,0,9,61,1,10.0000,1,90.00,1,1414.06,11,0.9,962,0,1
1,32.9905000,-106.9745577,3,1,2026,8,18,1,12,0,9,62,1,10.0000,1,90.00,1,1413.91,11,0.9,963,0,1
1,32.9905000,-106.9745566,3,1,2026,8,18,1,12,0,9,63,1,10.0000,1,90.00,1,1413.76,11,0.9,964,0,1
1,32.9905000,-106.9745556,3,1,2026,8,18,1,12,0,9,64,1,10.0000,1,90.00,1,1413.61,11,0.9,965,0,1
1,32.9905000,-106.9745545,3,1,2026,8,18,1,12,0,9,65,1,10.0000,1,90.00,1,1413.46,11,0.9,966,0,1
1,32.9905000,-106.9745534,3,1,2026,8,18,1,12,0,9,66,1,10.0000,1,90.00,1,1413.31,11,0.9,967,0,1
1,32.9905000,-106.9745523,3,1,2026,8,18,1,12,0,9,67,1,10.0000,1,90.00,1,1413.16,11,0.9,968,0,1
1,32.9905000,-106.9745513,3,1,2026,8,18,1,12,0,9,68,1,10.0000,1,90.00,1,1413.01,11,0.9,969,0,1
1,32.9905000,-106.9745502,3,1,2026,8,18,1,12,0,9,69,1,10.0000,1,90.00,1,1412.86,11,0.9,970,0,1
1,32.9905000,-106.9745491,3,1,2026,8,18,1,12,0,9,70,1,10.0000,1,90.00,1,1412.71,11,0.9,971,0,1
1,32.9905000,-106.9745481,3,1,2026,8,18,1,12,0,9,71,1,10.0000,1,90.00,1,1412.56,11,0.9,972,0,1
1,32.9905000,-106.9745470,3,1,2026,8,18,1,12,0,9,72,1,10.0000,1,90.00,1,1412.41,11,0.9,973,0,1
1,32.9905000,-106.9745459,3,1,2026,8,18,1,12,0,9,73,1,10.0000,1,90.00,1,1412.26,11,0.9,974,0,1
1,32.9905000,-106.9745448,3,1,2026,8,18,1,12,0,9,74,1,10.0000,1,90.00,1,1412.11,11,0.9,975,0,1
1,32.9905000,-106.9745438,3,1,2026,8,18,1,12,0,9,75,1,10.0000,1,90.00,1,1411.96,11,0.9,976,0,1
1,32.9905000,-106.9745427,3,1,2026,8,18,1,12,0,9,76,1,10.0000,1,90.00,1,1411.81,11,0.9,977,0,1
1,32.9905000,-106.9745416,3,1,2026,8,18,1,12,0,9,77,1,10.0000,1,90.00,1,1411.66,11,0.9,978,0,1
1,32.9905000,-106.9745406,3,1,2026,8,18,1,12,0,9,78,1,10.0000,1,90.00,1,1411.51,11,0.9,979,0,1
1,32.9905000,-106.9745395,3,1,2026,8,18,1,12,0,9,79,1,10.0000,1,90.00,1,1411.36,11,0.9,980,0,1
1,32.9905000,-106.9745384,3,1,2026,8,18,1,12,0,9,80,1,10.0000,1,90.00,1,1411.21,11,0.9,981,0,1
1,32.9905000,-106.9745374,3,1,2026,8,18,1,12,0,9,81,1,10.0000,1,90.00,1,1411.06,11,0.9,982,0,1
1,32.9905000,-106.9745363,3,1,2026,8,18,1,12,0,9,82,1,10.0000,1,90.00,1,1410.91,11,0.9,983,0,1
1,32.9905000,-106.9745352,3,1,2026,8,18,1,12,0,9,83,1,10.0000,1,90.00,1,1410.76,11,0.9,984,0,1
1,32.9905000,-106.9745341,3,1,2026,8,18,1,12,0,9,84,1,10.0000,1,90.00,1,1410.61,11,0.9,985,0,1
1,32.9905000,-106.9745331,3,1,2026,8,18,1,12,0,9,85,1,10.0000,1,90.00,1,1410.46,11,0.9,986,0,1
1,32.9905000,-106.9745320,3,1,2026,8,18,1,12,0,9,86,1,10.0000,1,90.00,1,1410.31,11,0.9,987,0,1
1,32.9905000,-106.9745309,3,1,2026,8,18,1,12,0,9,87,1,10.0000,1,90.00,1,1410.16,11,0.9,988,0,1
1,32.9905000,-106.9745299,3,1,2026,8,18,1,12,0,9,88,1,10.0000,1,90.00,1,1410.01,11,0.9,989,0,1
1,32.9905000,-106.9745288,3,1,2026,8,18,1,12,0,9,89,1,10.0000,1,90.00,1,1409.86,11,0.9,990,0,1
1,32.9905000,-106.9745277,3,1,2026,8,18,1,12,0,9,90,1,10.0000,1,90.00,1,1409.71,11,0.9,991,0,1
1,32.9905000,-106.9745266,3,1,2026,8,18,1,12,0,9,91,1,10.0000,1,90.00,1,1409.56,11,0.9,992,0,1
1,32.9905000,-106.9745256,3,1,2026,8,18,1,12,0,9,92,1,10.0000,1,90.00,1,1409.41,11,0.9,993,0,1
1,32.9905000,-106.9745245,3,1,2026,8,18,1,12,0,9,93,1,10.0000,1,90.00,1,1409.26,11,0.9,994,0,1
1,32.9905000,-106.9745234,3,1,2026,8,18,1,12,0,9,94,1,10.0000,1,90.00,1,1409.11,11,0.9,995,0,1
1,32.9905000,-106.9745224,3,1,2026,8,18,1,12,0,9,95,1,10.0000,1,90.00,1,1408.96,11,0.9,996,0,1
1,32.9905000,-106.9745213,3,1,2026,8,18,1,12,0,9,96,1,10.0000,1,90.00,1,1408.81,11,0.9,997,0,1
1,32.9905000,-106.9745202,3,1,2026,8,18,1,12,0,9,97,1,10.0000,1,90.00,1,1408.66,11,0.9,998,0,1
1,32.9905000,-106.9745191,3,1,2026,8,18,1,12,0,9,98,1,10.0000,1,90.00,1,1408.51,11,0.9,999,0,1
1,32.9905000,-106.9745181,3,1,2026,8,18,1,12,0,9,99,1,10.0000,1,90.00,1,1408.36,11,0.9,1000,0,1
1,32.9905000,-106.9745170,3,1,2026,8,18,1,12,0,10,0,1,10.0000,1,90.00,1,1408.21,11,0.9,1001,0,1
1,32.9905000,-106.9745159,3,1,2026,8,18,1,12,0,10,1,1,10.0000,1,90.00,1,1408.06,11,0.9,1002,0,1
1,32.9905000,-106.9745149,3,1,2026,8,18,1,12,0,10,2,1,10.0000,1,90.00,1,1407.91,11,0.9,1003,0,1
1,32.9905000,-106.9745138,3,1,2026,8,18,1,12,0,10,3,1,10.0000,1,90.00,1,1407.76,11,0.9,1004,0,1
1,32.9905000,-106.9745127,3,1,2026,8,18,1,12,0,10,4,1,10.0000,1,90.00,1,1407.61,11,0.9,1005,0,1
1,32.9905000,-106.9745116,3,1,2026,8,18,1,12,0,10,5,1,10.0000,1,90.00,1,1407.46,11,0.9,1006,0,1
1,32.9905000,-106.9745106,3,1,2026,8,18,1,12,0,10,6,1,10.0000,1,90.00,1,1407.31,11,0.9,1007,0,1
1,32.9905000,-106.9745095,3,1,2026,8,18,1,12,0,10,7,1,10.0000,1,90.00,1,1407.16,11,0.9,1008,0,1
1,32.9905000,-106.9745084,3,1,2026,8,18,1,12,0,10,8,1,10.0000,1,90.00,1,1407.01,11,0.9,1009,0,1
1,32.9905000,-106.9745074,3,1,2026,8,18,1,12,0,10,9,1,10.0000,1,90.00,1,1406.86,11,0.9,1010,0,1
1,32.9905000,-106.9745063,3,1,2026,8,18,1,12,0,10,10,1,10.0000,1,90.00,1,1406.71,11,0.9,1011,0,1
1,32.9905000,-106.9745052,3,1,2026,8,18,1,12,0,10,11,1,10.0000,1,90.00,1,1406.56,11,0.9,1012,0,1
1,32.9905000,-106.9745042,3,1,2026,8,18,1,12,0,10,12,1,10.0000,1,90.00,1,1406.41,11,0.9,1013,0,1
1,32.9905000,-106.9745031,3,1,2026,8,18,1,12,0,10,13,1,10.0000,1,90.00,1,1406.26,11,0.9,1014,0,1
1,32.9905000,-106.9745020,3,1,2026,8,18,1,12,0,10,14,1,10.0000,1,90.00,1,1406.11,11,0.9,1015,0,1
1,32.9905000,-106.9745009,3,1,2026,8,18,1,12,0,10,15,1,10.0000,1,90.00,1,1405.96,11,0.9,1016,0,1
1,32.9905000,-106.9744999,3,1,2026,8,18,1,12,0,10,16,1,10.0000,1,90.00,1,1405.81,11,0.9,1017,0,1
1,32.9905000,-106.9744988,3,1,2026,8,18,1,12,0,10,17,1,10.0000,1,90.00,1,1405.66,11,0.9,1018,0,1
1,32.9905000,-106.9744977,3,1,2026,8,18,1,12,0,10,18,1,10.0000,1,90.00,1,1405.51,11,0.9,1019,0,1
1,32.9905000,-106.9744967,3,1,2026,8,18,1,12,0,10,19,1,10.0000,1,90.00,1,1405.36,11,0.9,1020,0,1
1,32.9905000,-106.9744956,3,1,2026,8,18,1,12,0,10,20,1,10.0000,1,90.00,1,1405.21,11,0.9,1021,0,1
1,32.9905000,-106.9744945,3,1,2026,8,18,1,12,0,10,21,1,10.0000,1,90.00,1,1405.06,11,0.9,1022,0,1
1,32.9905000,-106.9744934,3,1,2026,8,18,1,12,0,10,22,1,10.0000,1,90.00,1,1404.91,11,0.9,1023,0,1
1,32.9905000,-106.9744924,3,1,2026,8,18,1,12,0,10,23,1,10.0000,1,90.00,1,1404.76,11,0.9,1024,0,1
1,32.9905000,-106.9744913,3,1,2026,8,18,1,12,0,10,24,1,10.0000,1,90.00,1,1404.61,11,0.9,1025,0,1
1,32.9905000,-106.9744902,3,1,2026,8,18,1,12,0,10,25,1,10.0000,1,90.00,1,1404.46,11,0.9,1026,0,1
1,32.9905000,-106.9744892,3,1,2026,8,18,1,12,0,10,26,1,10.0000,1,90.00,1,1404.31,11,0.9,1027,0,1
1,32.9905000,-106.9744881,3,1,2026,8,18,1,12,0,10,27,1,10.0000,1,90.00,1,1404.16,11,0.9,1028,0,1
1,32.9905000,-106.9744870,3,1,2026,8,18,1,12,0,10,28,1,10.0000,1,90.00,1,1404.01,11,0.9,1029,0,1
1,32.9905000,-106.9744859,3,1,2026,8,18,1,12,0,10,29,1,10.0000,1,90.00,1,1403.86,11,0.9,1030,0,1
1,32.9905000,-106.9744849,3,1,2026,8,18,1,12,0,10,30,1,10.0000,1,90.00,1,1403.71,11,0.9,1031,0,1
1,32.9905000,-106.9744838,3,1,2026,8,18,1,12,0,10,31,1,10.0000,1,90.00,1,1403.56,11,0.9,1032,0,1
1,32.9905000,-106.9744827,3,1,2026,8,18,1,12,0,10,32,1,10.0000,1,90.00,1,1403.41,11,0.9,1033,0,1
1,32.9905000,-106.9744817,3,1,2026,8,18,1,12,0,10,33,1,10.0000,1,90.00,1,1403.26,11,0.9,1034,0,1
1,32.9905000,-106.9744806,3,1,2026,8,18,1,12,0,10,34,1,10.0000,1,90.00,1,1403.11,11,0.9,1035,0,1
1,32.9905000,-106.9744795,3,1,2026,8,18,1,12,0,10,35,1,10.0000,1,90.00,1,1402.96,11,0.9,1036,0,1
1,32.9905000,-106.9744784,3,1,2026,8,18,1,12,0,10,36,1,10.0000,1,90.00,1,1402.81,11,0.9,1037,0,1
1,32.9905000,-106.9744774,3,1,2026,8,18,1,12,0,10,37,1,10.0000,1,90.00,1,1402.66,11,0.9,1038,0,1
1,32.9905000,-106.9744763,3,1,2026,8,18,1,12,0,10,38,1,10.0000,1,90.00,1,1402.51,11,0.9,1039,0,1
1,32.9905000,-106.9744752,3,1,2026,8,18,1,12,0,10,39,1,10.0000,1,90.00,1,1402.36,11,0.9,1040,0,1
1,32.9905000,-106.9744742,3,1,2026,8,18,1,12,0,10,40,1,10.0000,1,90.00,1,1402.21,11,0.9,1041,0,1
1,32.9905000,-106.9744731,3,1,2026,8,18,1,12,0,10,41,1,10.0000,1,90.00,1,1402.06,11,0.9,1042,0,1
1,32.9905000,-106.9744720,3,1,2026,8,18,1,12,0,10,42,1,10.0000,1,90.00,1,1401.91,11,0.9,1043,0,1
1,32.9905000,-106.9744710,3,1,2026,8,18,1,12,0,10,43,1,10.0000,1,90.00,1,1401.76,11,0.9,1044,0,1
1,32.9905000,-106.9744699,3,1,2026,8,18,1,12,0,10,44,1,10.0000,1,90.00,1,1401.61,11,0.9,1045,0,1
1,32.9905000,-106.9744688,3,1,2026,8,18,1,12,0,10,45,1,10.0000,1,90.00,1,1401.46,11,0.9,1046,0,1
1,32.9905000,-106.9744677,3,1,2026,8,18,1,12,0,10,46,1,10.0000,1,90.00,1,1401.31,11,0.9,1047,0,1
1,32.9905000,-106.9744667,3,1,2026,8,18,1,12,0,10,47,1,10.0000,1,90.00,1,1401.16,11,0.9,1048,0,1
1,32.9905000,-106.9744656,3,1,2026,8,18,1,12,0,10,48,1,10.0000,1,90.00,1,1401.01,11,0.9,1049,0,1
1,32.9905000,-106.9744656,3,1,2026,8,18,1,12,0,10,49,1,0.0000,1,90.00,1,1401.00,11,0.9,1050,0,1
1,32.9905000,-106.9744656,3,1,2026,8,18,1,12,0,10,50,1,0.0000,1,90.00,1,1401.00,11,0.9,1051,0,1
1,32.9905000,-106.9744656,3,1,2026,8,18,1,12,0,10,51,1,0.0000,1,90.00,1,1401.00,11,0.9,1052,0,1
1,32.9905000,-106.9744656,3,1,2026,8,18,1,12,0,10,52,1,0.0000,1,90.00,1,1401.00,11,0.9,1053,0,1
1,32.9905000,-106.9744656,3,1,2026,8,18,1,12,0,10,53,1,0.0000,1,90.00,1,1401.00,11,0.9,1054,0,1
1,32.9905000,-106.9744656,3,1,2026,8,18,1,12,0,10,54,1,0.0000,1,90.00,1,1401.00,11,0.9,1055,0,1
1,32.9905000,-106.9744656,3,1,2026,8,18,1,12,0,10,55,1,0.0000,1,90.00,1,1401.00,11,0.9,1056,0,1
1,32.9905000,-106.9744656,3,1,2026,8,18,1,12,0,10,56,1,0.0000,1,90.00,1,1401.00,11,0.9,1057,0,1
1,32.9905000,-106.9744656,3,1,2026,8,18,1,12,0,10,57,1,0.0000,1,90.00,1,1401.00,11,0.9,1058,0,1
1,32.9905000,-106.9744656,3,1,2026,8,18,1,12,0,10,58,1,0.0000,1,90.00,1,1401.00,11,0.9,1059,0,1
1,32.9905000,-106.9744656,3,1,2026,8,18,1,12,0,10,59,1,0.0000,1,90.00,1,1401.00,11,0.9,1060,0,1
1,32.9905000,-106.9744656,3,1,2026,8,18,1,12,0,10,60,1,0.0000,1,90.00,1,1401.00,11,0.9,1061,0,1
1,32.9905000,-106.9744656,3,1,2026,8,18,1,12,0,10,61,1,0.0000,1,90.00,1,1401.00,11,0.9,1062,0,1
1,32.9905000,-106.9744656,3,1,2026,8,18,1,12,0,10,62,1,0.0000,1,90.00,1,1401.00,11,0.9,1063,0,1
1,32.9905000,-106.9744656,3,1,2026,8,18,1,12,0,10,63,1,0.0000,1,90.00,1,1401.00,11,0.9,1064,0,1
1,32.9905000,-106.9744656,3,1,2026,8,18,1,12,0,10,64,1,0.0000,1,90.00,1,1401.00,11,0.9,1065,0,1
1,32.9905000,-106.9744656,3,1,2026,8,18,1,12,0,10,65,1,0.0000,1,90.00,1,1401.00,11,0.9,1066,0,1
1,32.9905000,-106.9744656,3,1,2026,8,18,1,12,0,10,66,1,0.0000,1,90.00,1,1401.00,11,0.9,1067,0,1
1,32.9905000,-106.9744656,3,1,2026,8,18,1,12,0,10,67,1,0.0000,1,90.00,1,1401.00,11,0.9,1068,0,1
1,32.9905000,-106.9744656,3,1,2026,8,18,1,12,0,10,68,1,0.0000,1,90.00,1,1401.00,11,0.9,1069,0,1
1,32.9905000,-106.9744656,3,1,2026,8,18,1,12,0,10,69,1,0.0000,1,90.00,1,1401.00,11,0.9,1070,0,1
1,32.9905000,-106.9744656,3,1,2026,8,18,1,12,0,10,70,1,0.0000,1,90.00,1,1401.00,11,0.9,1071,0,1
1,32.9905000,-106.9744656,3,1,2026,8,18,1,12,0,10,71,1,0.0000,1,90.00,1,1401.00,11,0.9,1072,0,1
1,32.9905000,-106.9744656,3,1,2026,8,18,1,12,0,10,72,1,0.0000,1,90.00,1,1401.00,11,0.9,1073,0,1
1,32.9905000,-106.9744656,3,1,2026,8,18,1,12,0,10,73,1,0.0000,1,90.00,1,1401.00,11,0.9,1074,0,1
1,32.9905000,-106.9744656,3,1,2026,8,18,1,12,0,10,74,1,0.0000,1,90.00,1,1401.00,11,0.9,1075,0,1
1,32.9905000,-106.9744656,3,1,2026,8,18,1,12,0,10,75,1,0.0000,1,90.00,1,1401.00,11,0.9,1076,0,1
1,32.9905000,-106.9744656,3,1,2026,8,18,1,12,0,10,76,1,0.0000,1,90.00,1,1401.00,11,0.9,1077,0,1
1,32.9905000,-106.9744656,3,1,2026,8,18,1,12,0,10,77,1,0.0000,1,90.00,1,1401.00,11,0.9,1078,0,1
1,32.9905000,-106.9744656,3,1,2026,8,18,1,12,0,10,78,1,0.0000,1,90.00,1,1401.00,11,0.9,1079,0,1
1,32.9905000,-106.9744656,3,1,2026,8,18,1,12,0,10,79,1,0.0000,1,90.00,1,1401.00,11,0.9,1080,0,1
1,32.9905000,-106.9744656,3,1,2026,8,18,1,12,0,10,80,1,0.0000,1,90.00,1,1401.00,11,0.9,1081,0,1
1,32.9905000,-106.9744656,3,1,2026,8,18,1,12,0,10,81,1,0.0000,1,90.00,1,1401.00,11,0.9,1082,0,1
1,32.9905000,-106.9744656,3,1,2026,8,18,1,12,0,10,82,1,0.0000,1,90.00,1,1401.00,11,0.9,1083,0,1
1,32.9905000,-106.9744656,3,1,2026,8,18,1,12,0,10,83,1,0.0000,1,90.00,1,1401.00,11,0.9,1084,0,1
1,32.9905000,-106.9744656,3,1,2026,8,18,1,12,0,10,84,1,0.0000,1,90.00,1,1401.00,11,0.9,1085,0,1
1,32.9905000,-106.9744656,3,1,2026,8,18,1,12,0,10,85,1,0.0000,1,90.00,1,1401.00,11,0.9,1086,0,1
1,32.9905000,-106.9744656,3,1,2026,8,18,1,12,0,10,86,1,0.0000,1,90.00,1,1401.00,11,0.9,1087,0,1
1,32.9905000,-106.9744656,3,1,2026,8,18,1,12,0,10,87,1,0.0000,1,90.00,1,1401.00,11,0.9,1088,0,1
1,32.9905000,-106.9744656,3,1,2026,8,18,1,12,0,10,88,1,0.0000,1,90.00,1,1401.00,11,0.9,1089,0,1
1,32.9905000,-106.9744656,3,1,2026,8,18,1,12,0,10,89,1,0.0000,1,90.00,1,1401.00,11,0.9,1090,0,1
1,32.9905000,-106.9744656,3,1,2026,8,18,1,12,0,10,90,1,0.0000,1,90.00,1,1401.00,11,0.9,1091,0,1
1,32.9905000,-106.9744656,3,1,2026,8,18,1,12,0,10,91,1,0.0000,1,90.00,1,1401.00,11,0.9,1092,0,1
1,32.9905000,-106.9744656,3,1,2026,8,18,1,12,0,10,92,1,0.0000,1,90.00,1,1401.00,11,0.9,1093,0,1
1,32.9905000,-106.9744656,3,1,2026,8,18,1,12,0,10,93,1,0.0000,1,90.00,1,1401.00,11,0.9,1094,0,1
1,32.9905000,-106.9744656,3,1,2026,8,18,1,12,0,10,94,1,0.0000,1,90.00,1,1401.00,11,0.9,1095,0,1
1,32.9905000,-106.9744656,3,1,2026,8,18,1,12,0,10,95,1,0.0000,1,90.00,1,1401.00,11,0.9,1096,0,1
1,32.9905000,-106.9744656,3,1,2026,8,18,1,12,0,10,96,1,0.0000,1,90.00,1,1401.00,11,0.9,1097,0,1
1,32.9905000,-106.9744656,3,1,2026,8,18,1,12,0,10,97,1,0.0000,1,90.00,1,1401.00,11,0.9,1098,0,1
1,32.9905000,-106.9744656,3,1,2026,8,18,1,12,0,10,98,1,0.0000,1,90.00,1,1401.00,11,0.9,1099,0,1
1,32.9905000,-106.9744656,3,1,2026,8,18,1,12,0,10,99,1,0.0000,1,90.00,1,1401.00,11,0.9,1100,0,1
1,32.9905000,-106.9744656,3,1,2026,8,18,1,12,0,11,0,1,0.0000,1,90.00,1,1401.00,11,0.9,1101,0,1
1,32.9905000,-106.9744656,3,1,2026,8,18,1,12,0,11,1,1,0.0000,1,90.00,1,1401.00,11,0.9,1102,0,1
1,32.9905000,-106.9744656,3,1,2026,8,18,1,12,0,11,2,1,0.0000,1,90.00,1,1401.00,11,0.9,1103,0,1
1,32.9905000,-106.9744656,3,1,2026,8,18,1,12,0,11,3,1,0.0000,1,90.00,1,1401.00,11,0.9,1104,0,1
1,32.9905000,-106.9744656,3,1,2026,8,18,1,12,0,11,4,1,0.0000,1,90.00,1,1401.00,11,0.9,1105,0,1
1,32.9905000,-106.9744656,3,1,2026,8,18,1,12,0,11,5,1,0.0000,1,90.00,1,1401.00,11,0.9,1106,0,1
1,32.9905000,-106.9744656,3,1,2026,8,18,1,12,0,11,6,1,0.0000,1,90.00,1,1401.00,11,0.9,1107,0,1
1,32.9905000,-106.9744656,3,1,2026,8,18,1,12,0,11,7,1,0.0000,1,90.00,1,1401.00,11,0.9,1108,0,1
1,32.9905000,-106.9744656,3,1,2026,8,18,1,12,0,11,8,1,0.0000,1,90.00,1,1401.00,11,0.9,1109,0,1
1,32.9905000,-106.9744656,3,1,2026,8,18,1,12,0,11,9,1,0.0000,1,90.00,1,1401.00,11,0.9,1110,0,1
1,32.9905000,-106.9744656,3,1,2026,8,18,1,12,0,11,10,1,0.0000,1,90.00,1,1401.00,11,0.9,1111,0,1
1,32.9905000,-106.9744656,3,1,2026,8,18,1,12,0,11,11,1,0.0000,1,90.00,1,1401.00,11,0.9,1112,0,1
1,32.9905000,-106.9744656,3,1,2026,8,18,1,12,0,11,12,1,0.0000,1,90.00,1,1401.00,11,0.9,1113,0,1
1,32.9905000,-106.9744656,3,1,2026,8,18,1,12,0,11,13,1,0.0000,1,90.00,1,1401.00,11,0.9,1114,0,1
1,32.9905000,-106.9744656,3,1,2026,8,18,1,12,0,11,14,1,0.0000,1,90.00,1,1401.00,11,0.9,1115,0,1
1,32.9905000,-106.9744656,3,1,2026,8,18,1,12,0,11,15,1,0.0000,1,90.00,1,1401.00,11,0.9,1116,0,1
1,32.9905000,-106.9744656,3,1,2026,8,18,1,12,0,11,16,1,0.0000,1,90.00,1,1401.00,11,0.9,1117,0,1
1,32.9905000,-106.9744656,3,1,2026,8,18,1,12,0,11,17,1,0.0000,1,90.00,1,1401.00,11,0.9,1118,0,1
1,32.9905000,-106.9744656,3,1,2026,8,18,1,12,0,11,18,1,0.0000,1,90.00,1,1401.00,11,0.9,1119,0,1
1,32.9905000,-106.9744656,3,1,2026,8,18,1,12,0,11,19,1,0.0000,1,90.00,1,1401.00,11,0.9,1120,0,1
1,32.9905000,-106.9744656,3,1,2026,8,18,1,12,0,11,20,1,0.0000,1,90.00,1,1401.00,11,0.9,1121,0,1
1,32.9905000,-106.9744656,3,1,2026,8,18,1,12,0,11,21,1,0.0000,1,90.00,1,1401.00,11,0.9,1122,0,1
1,32.9905000,-106.9744656,3,1,2026,8,18,1,12,0,11,22,1,0.0000,1,90.00,1,1401.00,11,0.9,1123,0,1
1,32.9905000,-106.9744656,3,1,2026,8,18,1,12,0,11,23,1,0.0000,1,90.00,1,1401.00,11,0.9,1124,0,1
1,32.9905000,-106.9744656,3,1,2026,8,18,1,12,0,11,24,1,0.0000,1,90.00,1,1401.00,11,0.9,1125,0,1
1,32.9905000,-106.9744656,3,1,2026,8,18,1,12,0,11,25,1,0.0000,1,90.00,1,1401.00,11,0.9,1126,0,1
1,32.9905000,-106.9744656,3,1,2026,8,18,1,12,0,11,26,1,0.0000,1,90.00,1,1401.00,11,0.9,1127,0,1
1,32.9905000,-106.9744656,3,1,2026,8,18,1,12,0,11,27,1,0.0000,1,90.00,1,1401.00,11,0.9,1128,0,1
1,32.9905000,-106.9744656,3,1,2026,8,18,1,12,0,11,28,1,0.0000,1,90.00,1,1401.00,11,0.9,1129,0,1
1,32.9905000,-106.9744656,3,1,2026,8,18,1,12,0,11,29,1,0.0000,1,90.00,1,1401.00,11,0.9,1130,0,1
1,32.9905000,-106.9744656,3,1,2026,8,18,1,12,0,11,30,1,0.0000,1,90.00,1,1401.00,11,0.9,1131,0,1
1,32.9905000,-106.9744656,3,1,2026,8,18,1,12,0,11,31,1,0.0000,1,90.00,1,1401.00,11,0.9,1132,0,1
1,32.9905000,-106.9744656,3,1,2026,8,18,1,12,0,11,32,1,0.0000,1,90.00,1,1401.00,11,0.9,1133,0,1
1,32.9905000,-106.9744656,3,1,2026,8,18,1,12,0,11,33,1,0.0000,1,90.00,1,1401.00,11,0.9,1134,0,1
1,32.9905000,-106.9744656,3,1,2026,8,18,1,12,0,11,34,1,0.0000,1,90.00,1,1401.00,11,0.9,1135,0,1
1,32.9905000,-106.9744656,3,1,2026,8,18,1,12,0,11,35,1,0.0000,1,90.00,1,1401.00,11,0.9,1136,0,1
1,32.9905000,-106.9744656,3,1,2026,8,18,1,12,0,11,36,1,0.0000,1,90.00,1,1401.00,11,0.9,1137,0,1
1,32.9905000,-106.9744656,3,1,2026,8,18,1,12,0,11,37,1,0.0000,1,90.00,1,1401.00,11,0.9,1138,0,1
1,32.9905000,-106.9744656,3,1,2026,8,18,1,12,0,11,38,1,0.0000,1,90.00,1,1401.00,11,0.9,1139,0,1
1,32.9905000,-106.9744656,3,1,2026,8,18,1,12,0,11,39,1,0.0000,1,90.00,1,1401.00,11,0.9,1140,0,1
1,32.9905000,-106.9744656,3,1,2026,8,18,1,12,0,11,40,1,0.0000,1,90.00,1,1401.00,11,0.9,1141,0,1
1,32.9905000,-106.9744656,3,1,2026,8,18,1,12,0,11,41,1,0.0000,1,90.00,1,1401.00,11,0.9,1142,0,1
1,32.9905000,-106.9744656,3,1,2026,8,18,1,12,0,11,42,1,0.0000,1,90.00,1,1401.00,11,0.9,1143,0,1
1,32.9905000,-106.9744656,3,1,2026,8,18,1,12,0,11,43,1,0.0000,1,90.00,1,1401.00,11,0.9,1144,0,1
1,32.9905000,-106.9744656,3,1,2026,8,18,1,12,0,11,44,1,0.0000,1,90.00,1,1401.00,11,0.9,1145,0,1
1,32.9905000,-106.9744656,3,1,2026,8,18,1,12,0,11,45,1,0.0000,1,90.00,1,1401.00,11,0.9,1146,0,1
1,32.9905000,-106.9744656,3,1,2026,8,18,1,12,0,11,46,1,0.0000,1,90.00,1,1401.00,11,0.9,1147,0,1
1,32.9905000,-106.9744656,3,1,2026,8,18,1,12,0,11,47,1,0.0000,1,90.00,1,1401.00,11,0.9,1148,0,1
1,32.9905000,-106.9744656,3,1,2026,8,18,1,12,0,11,48,1,0.0000,1,90.00,1,1401.00,11,0.9,1149,0,1
1,32.9905000,-106.9744656,3,1,2026,8,18,1,12,0,11,49,1,0.0000,1,90.00,1,1401.00,11,0.9,1150,0,1
1,32.9905000,-106.9744656,3,1,2026,8,18,1,12,0,11,50,1,0.0000,1,90.00,1,1401.00,11,0.9,1151,0,1
1,32.9905000,-106.9744656,3,1,2026,8,18,1,12,0,11,51,1,0.0000,1,90.00,1,1401.00,11,0.9,1152,0,1
1,32.9905000,-106.9744656,3,1,2026,8,18,1,12,0,11,52,1,0.0000,1,90.00,1,1401.00,11,0.9,1153,0,1
1,32.9905000,-106.9744656,3,1,2026,8,18,1,12,0,11,53,1,0.0000,1,90.00,1,1401.00,11,0.9,1154,0,1
1,32.9905000,-106.9744656,3,1,2026,8,18,1,12,0,11,54,1,0.0000,1,90.00,1,1401.00,11,0.9,1155,0,1
1,32.9905000,-106.9744656,3,1,2026,8,18,1,12,0,11,55,1,0.0000,1,90.00,1,1401.00,11,0.9,1156,0,1
1,32.9905000,-106.9744656,3,1,2026,8,18,1,12,0,11,56,1,0.0000,1,90.00,1,1401.00,11,0.9,1157,0,1
1,32.9905000,-106.9744656,3,1,2026,8,18,1,12,0,11,57,1,0.0000,1,90.00,1,1401.00,11,0.9,1158,0,1
1,32.9905000,-106.9744656,3,1,2026,8,18,1,12,0,11,58,1,0.0000,1,90.00,1,1401.00,11,0.9,1159,0,1
1,32.9905000,-106.9744656,3,1,2026,8,18,1,12,0,11,59,1,0.0000,1,90.00,1,1401.00,11,0.9,1160,0,1
1,32.9905000,-106.9744656,3,1,2026,8,18,1,12,0,11,60,1,0.0000,1,90.00,1,1401.00,11,0.9,1161,0,1
1,32.9905000,-106.9744656,3,1,2026,8,18,1,12,0,11,61,1,0.0000,1,90.00,1,1401.00,11,0.9,1162,0,1
1,32.9905000,-106.9744656,3,1,2026,8,18,1,12,0,11,62,1,0.0000,1,90.00,1,1401.00,11,0.9,1163,0,1
1,32.9905000,-106.9744656,3,1,2026,8,18,1,12,0,11,63,1,0.0000,1,90.00,1,1401.00,11,0.9,1164,0,1
1,32.9905000,-106.9744656,3,1,2026,8,18,1,12,0,11,64,1,0.0000,1,90.00,1,1401.00,11,0.9,1165,0,1
1,32.9905000,-106.9744656,3,1,2026,8,18,1,12,0,11,65,1,0.0000,1,90.00,1,1401.00,11,0.9,1166,0,1
1,32.9905000,-106.9744656,3,1,2026,8,18,1,12,0,11,66,1,0.0000,1,90.00,1,1401.00,11,0.9,1167,0,1
1,32.9905000,-106.9744656,3,1,2026,8,18,1,12,0,11,67,1,0.0000,1,90.00,1,1401.00,11,0.9,1168,0,1
1,32.9905000,-106.9744656,3,1,2026,8,18,1,12,0,11,68,1,0.0000,1,90.00,1,1401.00,11,0.9,1169,0,1
1,32.9905000,-106.9744656,3,1,2026,8,18,1,12,0,11,69,1,0.0000,1,90.00,1,1401.00,11,0.9,1170,0,1
1,32.9905000,-106.9744656,3,1,2026,8,18,1,12,0,11,70,1,0.0000,1,90.00,1,1401.00,11,0.9,1171,0,1
1,32.9905000,-106.9744656,3,1,2026,8,18,1,12,0,11,71,1,0.0000,1,90.00,1,1401.00,11,0.9,1172,0,1
1,32.9905000,-106.9744656,3,1,2026,8,18,1,12,0,11,72,1,0.0000,1,90.00,1,1401.00,11,0.9,1173,0,1
1,32.9905000,-106.9744656,3,1,2026,8,18,1,12,0,11,73,1,0.0000,1,90.00,1,1401.00,11,0.9,1174,0,1
1,32.9905000,-106.9744656,3,1,2026,8,18,1,12,0,11,74,1,0.0000,1,90.00,1,1401.00,11,0.9,1175,0,1
1,32.9905000,-106.9744656,3,1,2026,8,18,1,12,0,11,75,1,0.0000,1,90.00,1,1401.00,11,0.9,1176,0,1
1,32.9905000,-106.9744656,3,1,2026,8,18,1,12,0,11,76,1,0.0000,1,90.00,1,1401.00,11,0.9,1177,0,1
1,32.9905000,-106.9744656,3,1,2026,8,18,1,12,0,11,77,1,0.0000,1,90.00,1,1401.00,11,0.9,1178,0,1
1,32.9905000,-106.9744656,3,1,2026,8,18,1,12,0,11,78,1,0.0000,1,90.00,1,1401.00,11,0.9,1179,0,1
1,32.9905000,-106.9744656,3,1,2026,8,18,1,12,0,11,79,1,0.0000,1,90.00,1,1401.00,11,0.9,1180,0,1
1,32.9905000,-106.9744656,3,1,2026,8,18,1,12,0,11,80,1,0.0000,1,90.00,1,1401.00,11,0.9,1181,0,1
1,32.9905000,-106.9744656,3,1,2026,8,18,1,12,0,11,81,1,0.0000,1,90.00,1,1401.00,11,0.9,1182,0,1
1,32.9905000,-106.9744656,3,1,2026,8,18,1,12,0,11,82,1,0.0000,1,90.00,1,1401.00,11,0.9,1183,0,1
1,32.9905000,-106.9744656,3,1,2026,8,18,1,12,0,11,83,1,0.0000,1,90.00,1,1401.00,11,0.9,1184,0,1
1,32.9905000,-106.9744656,3,1,2026,8,18,1,12,0,11,84,1,0.0000,1,90.00,1,1401.00,11,0.9,1185,0,1
1,32.9905000,-106.9744656,3,1,2026,8,18,1,12,0,11,85,1,0.0000,1,90.00,1,1401.00,11,0.9,1186,0,1
1,32.9905000,-106.9744656,3,1,2026,8,18,1,12,0,11,86,1,0.0000,1,90.00,1,1401.00,11,0.9,1187,0,1
1,32.9905000,-106.9744656,3,1,2026,8,18,1,12,0,11,87,1,0.0000,1,90.00,1,1401.00,11,0.9,1188,0,1
1,32.9905000,-106.9744656,3,1,2026,8,18,1,12,0,11,88,1,0.0000,1,90.00,1,1401.00,11,0.9,1189,0,1
1,32.9905000,-106.9744656,3,1,2026,8,18,1,12,0,11,89,1,0.0000,1,90.00,1,1401.00,11,0.9,1190,0,1
1,32.9905000,-106.9744656,3,1,2026,8,18,1,12,0,11,90,1,0.0000,1,90.00,1,1401.00,11,0.9,1191,0,1
1,32.9905000,-106.9744656,3,1,2026,8,18,1,12,0,11,91,1,0.0000,1,90.00,1,1401.00,11,0.9,1192,0,1
1,32.9905000,-106.9744656,3,1,2026,8,18,1,12,0,11,92,1,0.0000,1,90.00,1,1401.00,11,0.9,1193,0,1
1,32.9905000,-106.9744656,3,1,2026,8,18,1,12,0,11,93,1,0.0000,1,90.00,1,1401.00,11,0.9,1194,0,1
1,32.9905000,-106.9744656,3,1,2026,8,18,1,12,0,11,94,1,0.0000,1,90.00,1,1401.00,11,0.9,1195,0,1
1,32.9905000,-106.9744656,3,1,2026,8,18,1,12,0,11,95,1,0.0000,1,90.00,1,1401.00,11,0.9,1196,0,1
1,32.9905000,-106.9744656,3,1,2026,8,18,1,12,0,11,96,1,0.0000,1,90.00,1,1401.00,11,0.9,1197,0,1
1,32.9905000,-106.9744656,3,1,2026,8,18,1,12,0,11,97,1,0.0000,1,90.00,1,1401.00,11,0.9,1198,0,1
1,32.9905000,-106.9744656,3,1,2026,8,18,1,12,0,11,98,1,0.0000,1,90.00,1,1401.00,11,0.9,1199,0,1
1,32.9905000,-106.9744656,3,1,2026,8,18,1,12,0,11,99,1,0.0000,1,90.00,1,1401.00,11,0.9,1200,0,1
1,32.9905000,-106.9744656,3,1,2026,8,18,1,12,0,12,0,1,0.0000,1,90.00,1,1401.00,11,0.9,1201,0,1
1,32.9905000,-106.9744656,3,1,2026,8,18,1,12,0,12,1,1,0.0000,1,90.00,1,1401.00,11,0.9,1202,0,1
1,32.9905000,-106.9744656,3,1,2026,8,18,1,12,0,12,2,1,0.0000,1,90.00,1,1401.00,11,0.9,1203,0,1
1,32.9905000,-106.9744656,3,1,2026,8,18,1,12,0,12,3,1,0.0000,1,90.00,1,1401.00,11,0.9,1204,0,1
1,32.9905000,-106.9744656,3,1,2026,8,18,1,12,0,12,4,1,0.0000,1,90.00,1,1401.00,11,0.9,1205,0,1
1,32.9905000,-106.9744656,3,1,2026,8,18,1,12,0,12,5,1,0.0000,1,90.00,1,1401.00,11,0.9,1206,0,1
1,32.9905000,-106.9744656,3,1,2026,8,18,1,12,0,12,6,1,0.0000,1,90.00,1,1401.00,11,0.9,1207,0,1
1,32.9905000,-106.9744656,3,1,2026,8,18,1,12,0,12,7,1,0.0000,1,90.00,1,1401.00,11,0.9,1208,0,1
1,32.9905000,-106.9744656,3,1,2026,8,18,1,12,0,12,8,1,0.0000,1,90.00,1,1401.00,11,0.9,1209,0,1
1,32.9905000,-106.9744656,3,1,2026,8,18,1,12,0,12,9,1,0.0000,1,90.00,1,1401.00,11,0.9,1210,0,1
1,32.9905000,-106.9744656,3,1,2026,8,18,1,12,0,12,10,1,0.0000,1,90.00,1,1401.00,11,0.9,1211,0,1
1,32.9905000,-106.9744656,3,1,2026,8,18,1,12,0,12,11,1,0.0000,1,90.00,1,1401.00,11,0.9,1212,0,1
1,32.9905000,-106.9744656,3,1,2026,8,18,1,12,0,12,12,1,0.0000,1,90.00,1,1401.00,11,0.9,1213,0,1
1,32.9905000,-106.9744656,3,1,2026,8,18,1,12,0,12,13,1,0.0000,1,90.00,1,1401.00,11,0.9,1214,0,1
1,32.9905000,-106.9744656,3,1,2026,8,18,1,12,0,12,14,1,0.0000,1,90.00,1,1401.00,11,0.9,1215,0,1
1,32.9905000,-106.9744656,3,1,2026,8,18,1,12,0,12,15,1,0.0000,1,90.00,1,1401.00,11,0.9,1216,0,1
1,32.9905000,-106.9744656,3,1,2026,8,18,1,12,0,12,16,1,0.0000,1,90.00,1,1401.00,11,0.9,1217,0,1
1,32.9905000,-106.9744656,3,1,2026,8,18,1,12,0,12,17,1,0.0000,1,90.00,1,1401.00,11,0.9,1218,0,1
1,32.9905000,-106.9744656,3,1,2026,8,18,1,12,0,12,18,1,0.0000,1,90.00,1,1401.00,11,0.9,1219,0,1
1,32.9905000,-106.9744656,3,1,2026,8,18,1,12,0,12,19,1,0.0000,1,90.00,1,1401.00,11,0.9,1220,0,1
1,32.9905000,-106.9744656,3,1,2026,8,18,1,12,0,12,20,1,0.0000,1,90.00,1,1401.00,11,0.9,1221,0,1
1,32.9905000,-106.9744656,3,1,2026,8,18,1,12,0,12,21,1,0.0000,1,90.00,1,1401.00,11,0.9,1222,0,1
1,32.9905000,-106.9744656,3,1,2026,8,18,1,12,0,12,22,1,0.0000,1,90.00,1,1401.00,11,0.9,1223,0,1
1,32.9905000,-106.9744656,3,1,2026,8,18,1,12,0,12,23,1,0.0000,1,90.00,1,1401.00,11,0.9,1224,0,1
1,32.9905000,-106.9744656,3,1,2026,8,18,1,12,0,12,24,1,0.0000,1,90.00,1,1401.00,11,0.9,1225,0,1
1,32.9905000,-106.9744656,3,1,2026,8,18,1,12,0,12,25,1,0.0000,1,90.00,1,1401.00,11,0.9,1226,0,1
1,32.9905000,-106.9744656,3,1,2026,8,18,1,12,0,12,26,1,0.0000,1,90.00,1,1401.00,11,0.9,1227,0,1
1,32.9905000,-106.9744656,3,1,2026,8,18,1,12,0,12,27,1,0.0000,1,90.00,1,1401.00,11,0.9,1228,0,1
1,32.9905000,-106.9744656,3,1,2026,8,18,1,12,0,12,28,1,0.0000,1,90.00,1,1401.00,11,0.9,1229,0,1
1,32.9905000,-106.9744656,3,1,2026,8,18,1,12,0,12,29,1,0.0000,1,90.00,1,1401.00,11,0.9,1230,0,1
1,32.9905000,-106.9744656,3,1,2026,8,18,1,12,0,12,30,1,0.0000,1,90.00,1,1401.00,11,0.9,1231,0,1
1,32.9905000,-106.9744656,3,1,2026,8,18,1,12,0,12,31,1,0.0000,1,90.00,1,1401.00,11,0.9,1232,0,1
1,32.9905000,-106.9744656,3,1,2026,8,18,1,12,0,12,32,1,0.0000,1,90.00,1,1401.00,11,0.9,1233,0,1
1,32.9905000,-106.9744656,3,1,2026,8,18,1,12,0,12,33,1,0.0000,1,90.00,1,1401.00,11,0.9,1234,0,1
1,32.9905000,-106.9744656,3,1,2026,8,18,1,12,0,12,34,1,0.0000,1,90.00,1,1401.00,11,0.9,1235,0,1
1,32.9905000,-106.9744656,3,1,2026,8,18,1,12,0,12,35,1,0.0000,1,90.00,1,1401.00,11,0.9,1236,0,1
1,32.9905000,-106.9744656,3,1,2026,8,18,1,12,0,12,36,1,0.0000,1,90.00,1,1401.00,11,0.9,1237,0,1
1,32.9905000,-106.9744656,3,1,2026,8,18,1,12,0,12,37,1,0.0000,1,90.00,1,1401.00,11,0.9,1238,0,1
1,32.9905000,-106.9744656,3,1,2026,8,18,1,12,0,12,38,1,0.0000,1,90.00,1,1401.00,11,0.9,1239,0,1
1,32.9905000,-106.9744656,3,1,2026,8,18,1,12,0,12,39,1,0.0000,1,90.00,1,1401.00,11,0.9,1240,0,1
1,32.9905000,-106.9744656,3,1,2026,8,18,1,12,0,12,40,1,0.0000,1,90.00,1,1401.00,11,0.9,1241,0,1
1,32.9905000,-106.9744656,3,1,2026,8,18,1,12,0,12,41,1,0.0000,1,90.00,1,1401.00,11,0.9,1242,0,1
1,32.9905000,-106.9744656,3,1,2026,8,18,1,12,0,12,42,1,0.0000,1,90.00,1,1401.00,11,0.9,1243,0,1
1,32.9905000,-106.9744656,3,1,2026,8,18,1,12,0,12,43,1,0.0000,1,90.00,1,1401.00,11,0.9,1244,0,1
1,32.9905000,-106.9744656,3,1,2026,8,18,1,12,0,12,44,1,0.0000,1,90.00,1,1401.00,11,0.9,1245,0,1
1,32.9905000,-106.9744656,3,1,2026,8,18,1,12,0,12,45,1,0.0000,1,90.00,1,1401.00,11,0.9,1246,0,1
1,32.9905000,-106.9744656,3,1,2026,8,18,1,12,0,12,46,1,0.0000,1,90.00,1,1401.00,11,0.9,1247,0,1
1,32.9905000,-106.9744656,3,1,2026,8,18,1,12,0,12,47,1,0.0000,1,90.00,1,1401.00,11,0.9,1248,0,1
1,32.9905000,-106.9744656,3,1,2026,8,18,1,12,0,12,48,1,0.0000,1,90.00,1,1401.00,11,0.9,1249,0,1
1,32.9905000,-106.9744656,3,1,2026,8,18,1,12,0,12,49,1,0.0000,1,90.00,1,1401.00,11,0.9,1250,0,1
1,32.9905000,-106.9744656,3,1,2026,8,18,1,12,0,12,50,1,0.0000,1,90.00,1,1401.00,11,0.9,1251,0,1
1,32.9905000,-106.9744656,3,1,2026,8,18,1,12,0,12,51,1,0.0000,1,90.00,1,1401.00,11,0.9,1252,0,1
1,32.9905000,-106.9744656,3,1,2026,8,18,1,12,0,12,52,1,0.0000,1,90.00,1,1401.00,11,0.9,1253,0,1
1,32.9905000,-106.9744656,3,1,2026,8,18,1,12,0,12,53,1,0.0000,1,90.00,1,1401.00,11,0.9,1254,0,1
1,32.9905000,-106.9744656,3,1,2026,8,18,1,12,0,12,54,1,0.0000,1,90.00,1,1401.00,11,0.9,1255,0,1
1,32.9905000,-106.9744656,3,1,2026,8,18,1,12,0,12,55,1,0.0000,1,90.00,1,1401.00,11,0.9,1256,0,1
1,32.9905000,-106.9744656,3,1,2026,8,18,1,12,0,12,56,1,0.0000,1,90.00,1,1401.00,11,0.9,1257,0,1
1,32.9905000,-106.9744656,3,1,2026,8,18,1,12,0,12,57,1,0.0000,1,90.00,1,1401.00,11,0.9,1258,0,1
1,32.9905000,-106.9744656,3,1,2026,8,18,1,12,0,12,58,1,0.0000,1,90.00,1,1401.00,11,0.9,1259,0,1
1,32.9905000,-106.9744656,3,1,2026,8,18,1,12,0,12,59,1,0.0000,1,90.00,1,1401.00,11,0.9,1260,0,1
1,32.9905000,-106.9744656,3,1,2026,8,18,1,12,0,12,60,1,0.0000,1,90.00,1,1401.00,11,0.9,1261,0,1
1,32.9905000,-106.9744656,3,1,2026,8,18,1,12,0,12,61,1,0.0000,1,90.00,1,1401.00,11,0.9,1262,0,1
1,32.9905000,-106.9744656,3,1,2026,8,18,1,12,0,12,62,1,0.0000,1,90.00,1,1401.00,11,0.9,1263,0,1
1,32.9905000,-106.9744656,3,1,2026,8,18,1,12,0,12,63,1,0.0000,1,90.00,1,1401.00,11,0.9,1264,0,1
1,32.9905000,-106.9744656,3,1,2026,8,18,1,12,0,12,64,1,0.0000,1,90.00,1,1401.00,11,0.9,1265,0,1
1,32.9905000,-106.9744656,3,1,2026,8,18,1,12,0,12,65,1,0.0000,1,90.00,1,1401.00,11,0.9,1266,0,1
1,32.9905000,-106.9744656,3,1,2026,8,18,1,12,0,12,66,1,0.0000,1,90.00,1,1401.00,11,0.9,1267,0,1
1,32.9905000,-106.9744656,3,1,2026,8,18,1,12,0,12,67,1,0.0000,1,90.00,1,1401.00,11,0.9,1268,0,1
1,32.9905000,-106.9744656,3,1,2026,8,18,1,12,0,12,68,1,0.0000,1,90.00,1,1401.00,11,0.9,1269,0,1
1,32.9905000,-106.9744656,3,1,2026,8,18,1,12,0,12,69,1,0.0000,1,90.00,1,1401.00,11,0.9,1270,0,1
1,32.9905000,-106.9744656,3,1,2026,8,18,1,12,0,12,70,1,0.0000,1,90.00,1,1401.00,11,0.9,1271,0,1
1,32.9905000,-106.9744656,3,1,2026,8,18,1,12,0,12,71,1,0.0000,1,90.00,1,1401.00,11,0.9,1272,0,1
1,32.9905000,-106.9744656,3,1,2026,8,18,1,12,0,12,72,1,0.0000,1,90.00,1,1401.00,11,0.9,1273,0,1
1,32.9905000,-106.9744656,3,1,2026,8,18,1,12,0,12,73,1,0.0000,1,90.00,1,1401.00,11,0.9,1274,0,1
1,32.9905000,-106.9744656,3,1,2026,8,18,1,12,0,12,74,1,0.0000,1,90.00,1,1401.00,11,0.9,1275,0,1
1,32.9905000,-106.9744656,3,1,2026,8,18,1,12,0,12,75,1,0.0000,1,90.00,1,1401.00,11,0.9,1276,0,1
1,32.9905000,-106.9744656,3,1,2026,8,18,1,12,0,12,76,1,0.0000,1,90.00,1,1401.00,11,0.9,1277,0,1
1,32.9905000,-106.9744656,3,1,2026,8,18,1,12,0,12,77,1,0.0000,1,90.00,1,1401.00,11,0.9,1278,0,1
1,32.9905000,-106.9744656,3,1,2026,8,18,1,12,0,12,78,1,0.0000,1,90.00,1,1401.00,11,0.9,1279,0,1
1,32.9905000,-106.9744656,3,1,2026,8,18,1,12,0,12,79,1,0.0000,1,90.00,1,1401.00,11,0.9,1280,0,1
1,32.9905000,-106.9744656,3,1,2026,8,18,1,12,0,12,80,1,0.0000,1,90.00,1,1401.00,11,0.9,1281,0,1
1,32.9905000,-106.9744656,3,1,2026,8,18,1,12,0,12,81,1,0.0000,1,90.00,1,1401.00,11,0.9,1282,0,1
1,32.9905000,-106.9744656,3,1,2026,8,18,1,12,0,12,82,1,0.0000,1,90.00,1,1401.00,11,0.9,1283,0,1
1,32.9905000,-106.9744656,3,1,2026,8,18,1,12,0,12,83,1,0.0000,1,90.00,1,1401.00,11,0.9,1284,0,1
1,32.9905000,-106.9744656,3,1,2026,8,18,1,12,0,12,84,1,0.0000,1,90.00,1,1401.00,11,0.9,1285,0,1
1,32.9905000,-106.9744656,3,1,2026,8,18,1,12,0,12,85,1,0.0000,1,90.00,1,1401.00,11,0.9,1286,0,1
1,32.9905000,-106.9744656,3,1,2026,8,18,1,12,0,12,86,1,0.0000,1,90.00,1,1401.00,11,0.9,1287,0,1
1,32.9905000,-106.9744656,3,1,2026,8,18,1,12,0,12,87,1,0.0000,1,90.00,1,1401.00,11,0.9,1288,0,1
1,32.9905000,-106.9744656,3,1,2026,8,18,1,12,0,12,88,1,0.0000,1,90.00,1,1401.00,11,0.9,1289,0,1
1,32.9905000,-106.9744656,3,1,2026,8,18,1,12,0,12,89,1,0.0000,1,90.00,1,1401.00,11,0.9,1290,0,1
1,32.9905000,-106.9744656,3,1,2026,8,18,1,12,0,12,90,1,0.0000,1,90.00,1,1401.00,11,0.9,1291,0,1
1,32.9905000,-106.9744656,3,1,2026,8,18,1,12,0,12,91,1,0.0000,1,90.00,1,1401.00,11,0.9,1292,0,1
1,32.9905000,-106.9744656,3,1,2026,8,18,1,12,0,12,92,1,0.0000,1,90.00,1,1401.00,11,0.9,1293,0,1
1,32.9905000,-106.9744656,3,1,2026,8,18,1,12,0,12,93,1,0.0000,1,90.00,1,1401.00,11,0.9,1294,0,1
1,32.9905000,-106.9744656,3,1,2026,8,18,1,12,0,12,94,1,0.0000,1,90.00,1,1401.00,11,0.9,1295,0,1
1,32.9905000,-106.9744656,3,1,2026,8,18,1,12,0,12,95,1,0.0000,1,90.00,1,1401.00,11,0.9,1296,0,1
1,32.9905000,-106.9744656,3,1,2026,8,18,1,12,0,12,96,1,0.0000,1,90.00,1,1401.00,11,0.9,1297,0,1
1,32.9905000,-106.9744656,3,1,2026,8,18,1,12,0,12,97,1,0.0000,1,90.00,1,1401.00,11,0.9,1298,0,1
1,32.9905000,-106.9744656,3,1,2026,8,18,1,12,0,12,98,1,0.0000,1,90.00,1,1401.00,11,0.9,1299,0,1
1,32.9905000,-106.9744656,3,1,2026,8,18,1,12,0,12,99,1,0.0000,1,90.00,1,1401.00,11,0.9,1300,0,1
1,32.9905000,-106.9744656,3,1,2026,8,18,1,12,0,13,0,1,0.0000,1,90.00,1,1401.00,11,0.9,1301,0,1
1,32.9905000,-106.9744656,3,1,2026,8,18,1,12,0,13,1,1,0.0000,1,90.00,1,1401.00,11,0.9,1302,0,1
1,32.9905000,-106.9744656,3,1,2026,8,18,1,12,0,13,2,1,0.0000,1,90.00,1,1401.00,11,0.9,1303,0,1
1,32.9905000,-106.9744656,3,1,2026,8,18,1,12,0,13,3,1,0.0000,1,90.00,1,1401.00,11,0.9,1304,0,1
1,32.9905000,-106.9744656,3,1,2026,8,18,1,12,0,13,4,1,0.0000,1,90.00,1,1401.00,11,0.9,1305,0,1
1,32.9905000,-106.9744656,3,1,2026,8,18,1,12,0,13,5,1,0.0000,1,90.00,1,1401.00,11,0.9,1306,0,1
1,32.9905000,-106.9744656,3,1,2026,8,18,1,12,0,13,6,1,0.0000,1,90.00,1,1401.00,11,0.9,1307,0,1
1,32.9905000,-106.9744656,3,1,2026,8,18,1,12,0,13,7,1,0.0000,1,90.00,1,1401.00,11,0.9,1308,0,1
1,32.9905000,-106.9744656,3,1,2026,8,18,1,12,0,13,8,1,0.0000,1,90.00,1,1401.00,11,0.9,1309,0,1
1,32.9905000,-106.9744656,3,1,2026,8,18,1,12,0,13,9,1,0.0000,1,90.00,1,1401.00,11,0.9,1310,0,1
1,32.9905000,-106.9744656,3,1,2026,8,18,1,12,0,13,10,1,0.0000,1,90.00,1,1401.00,11,0.9,1311,0,1
1,32.9905000,-106.9744656,3,1,2026,8,18,1,12,0,13,11,1,0.0000,1,90.00,1,1401.00,11,0.9,1312,0,1
1,32.9905000,-106.9744656,3,1,2026,8,18,1,12,0,13,12,1,0.0000,1,90.00,1,1401.00,11,0.9,1313,0,1
1,32.9905000,-106.9744656,3,1,2026,8,18,1,12,0,13,13,1,0.0000,1,90.00,1,1401.00,11,0.9,1314,0,1
1,32.9905000,-106.9744656,3,1,2026,8,18,1,12,0,13,14,1,0.0000,1,90.00,1,1401.00,11,0.9,1315,0,1
1,32.9905000,-106.9744656,3,1,2026,8,18,1,12,0,13,15,1,0.0000,1,90.00,1,1401.00,11,0.9,1316,0,1
1,32.9905000,-106.9744656,3,1,2026,8,18,1,12,0,13,16,1,0.0000,1,90.00,1,1401.00,11,0.9,1317,0,1
1,32.9905000,-106.9744656,3,1,2026,8,18,1,12,0,13,17,1,0.0000,1,90.00,1,1401.00,11,0.9,1318,0,1
1,32.9905000,-106.9744656,3,1,2026,8,18,1,12,0,13,18,1,0.0000,1,90.00,1,1401.00,11,0.9,1319,0,1
1,32.9905000,-106.9744656,3,1,2026,8,18,1,12,0,13,19,1,0.0000,1,90.00,1,1401.00,11,0.9,1320,0,1
1,32.9905000,-106.9744656,3,1,2026,8,18,1,12,0,13,20,1,0.0000,1,90.00,1,1401.00,11,0.9,1321,0,1
1,32.9905000,-106.9744656,3,1,2026,8,18,1,12,0,13,21,1,0.0000,1,90.00,1,1401.00,11,0.9,1322,0,1
1,32.9905000,-106.9744656,3,1,2026,8,18,1,12,0,13,22,1,0.0000,1,90.00,1,1401.00,11,0.9,1323,0,1
1,32.9905000,-106.9744656,3,1,2026,8,18,1,12,0,13,23,1,0.0000,1,90.00,1,1401.00,11,0.9,1324,0,1
1,32.9905000,-106.9744656,3,1,2026,8,18,1,12,0,13,24,1,0.0000,1,90.00,1,1401.00,11,0.9,1325,0,1
1,32.9905000,-106.9744656,3,1,2026,8,18,1,12,0,13,25,1,0.0000,1,90.00,1,1401.00,11,0.9,1326,0,1
1,32.9905000,-106.9744656,3,1,2026,8,18,1,12,0,13,26,1,0.0000,1,90.00,1,1401.00,11,0.9,1327,0,1
1,32.9905000,-106.9744656,3,1,2026,8,18,1,12,0,13,27,1,0.0000,1,90.00,1,1401.00,11,0.9,1328,0,1
1,32.9905000,-106.9744656,3,1,2026,8,18,1,12,0,13,28,1,0.0000,1,90.00,1,1401.00,11,0.9,1329,0,1
1,32.9905000,-106.9744656,3,1,2026,8,18,1,12,0,13,29,1,0.0000,1,90.00,1,1401.00,11,0.9,1330,0,1
1,32.9905000,-106.9744656,3,1,2026,8,18,1,12,0,13,30,1,0.0000,1,90.00,1,1401.00,11,0.9,1331,0,1
1,32.9905000,-106.9744656,3,1,2026,8,18,1,12,0,13,31,1,0.0000,1,90.00,1,1401.00,11,0.9,1332,0,1
1,32.9905000,-106.9744656,3,1,2026,8,18,1,12,0,13,32,1,0.0000,1,90.00,1,1401.00,11,0.9,1333,0,1
1,32.9905000,-106.9744656,3,1,2026,8,18,1,12,0,13,33,1,0.0000,1,90.00,1,1401.00,11,0.9,1334,0,1
1,32.9905000,-106.9744656,3,1,2026,8,18,1,12,0,13,34,1,0.0000,1,90.00,1,1401.00,11,0.9,1335,0,1
1,32.9905000,-106.9744656,3,1,2026,8,18,1,12,0,13,35,1,0.0000,1,90.00,1,1401.00,11,0.9,1336,0,1
1,32.9905000,-106.9744656,3,1,2026,8,18,1,12,0,13,36,1,0.0000,1,90.00,1,1401.00,11,0.9,1337,0,1
1,32.9905000,-106.9744656,3,1,2026,8,18,1,12,0,13,37,1,0.0000,1,90.00,1,1401.00,11,0.9,1338,0,1
1,32.9905000,-106.9744656,3,1,2026,8,18,1,12,0,13,38,1,0.0000,1,90.00,1,1401.00,11,0.9,1339,0,1
1,32.9905000,-106.9744656,3,1,2026,8,18,1,12,0,13,39,1,0.0000,1,90.00,1,1401.00,11,0.9,1340,0,1
1,32.9905000,-106.9744656,3,1,2026,8,18,1,12,0,13,40,1,0.0000,1,90.00,1,1401.00,11,0.9,1341,0,1
1,32.9905000,-106.9744656,3,1,2026,8,18,1,12,0,13,41,1,0.0000,1,90.00,1,1401.00,11,0.9,1342,0,1
1,32.9905000,-106.9744656,3,1,2026,8,18,1,12,0,13,42,1,0.0000,1,90.00,1,1401.00,11,0.9,1343,0,1
1,32.9905000,-106.9744656,3,1,2026,8,18,1,12,0,13,43,1,0.0000,1,90.00,1,1401.00,11,0.9,1344,0,1
1,32.9905000,-106.9744656,3,1,2026,8,18,1,12,0,13,44,1,0.0000,1,90.00,1,1401.00,11,0.9,1345,0,1
1,32.9905000,-106.9744656,3,1,2026,8,18,1,12,0,13,45,1,0.0000,1,90.00,1,1401.00,11,0.9,1346,0,1
1,32.9905000,-106.9744656,3,1,2026,8,18,1,12,0,13,46,1,0.0000,1,90.00,1,1401.00,11,0.9,1347,0,1
1,32.9905000,-106.9744656,3,1,2026,8,18,1,12,0,13,47,1,0.0000,1,90.00,1,1401.00,11,0.9,1348,0,1
1,32.9905000,-106.9744656,3,1,2026,8,18,1,12,0,13,48,1,0.0000,1,90.00,1,1401.00,11,0.9,1349,0,1
1,32.9905000,-106.9744656,3,1,2026,8,18,1,12,0,13,49,1,0.0000,1,90.00,1,1401.00,11,0.9,1350,0,1
1,32.9905000,-106.9744656,3,1,2026,8,18,1,12,0,13,50,1,0.0000,1,90.00,1,1401.00,11,0.9,1351,0,1
1,32.9905000,-106.9744656,3,1,2026,8,18,1,12,0,13,51,1,0.0000,1,90.00,1,1401.00,11,0.9,1352,0,1
1,32.9905000,-106.9744656,3,1,2026,8,18,1,12,0,13,52,1,0.0000,1,90.00,1,1401.00,11,0.9,1353,0,1
1,32.9905000,-106.9744656,3,1,2026,8,18,1,12,0,13,53,1,0.0000,1,90.00,1,1401.00,11,0.9,1354,0,1
1,32.9905000,-106.9744656,3,1,2026,8,18,1,12,0,13,54,1,0.0000,1,90.00,1,1401.00,11,0.9,1355,0,1
1,32.9905000,-106.9744656,3,1,2026,8,18,1,12,0,13,55,1,0.0000,1,90.00,1,1401.00,11,0.9,1356,0,1
1,32.9905000,-106.9744656,3,1,2026,8,18,1,12,0,13,56,1,0.0000,1,90.00,1,1401.00,11,0.9,1357,0,1
1,32.9905000,-106.9744656,3,1,2026,8,18,1,12,0,13,57,1,0.0000,1,90.00,1,1401.00,11,0.9,1358,0,1
1,32.9905000,-106.9744656,3,1,2026,8,18,1,12,0,13,58,1,0.0000,1,90.00,1,1401.00,11,0.9,1359,0,1
1,32.9905000,-106.9744656,3,1,2026,8,18,1,12,0,13,59,1,0.0000,1,90.00,1,1401.00,11,0.9,1360,0,1
1,32.9905000,-106.9744656,3,1,2026,8,18,1,12,0,13,60,1,0.0000,1,90.00,1,1401.00,11,0.9,1361,0,1
1,32.9905000,-106.9744656,3,1,2026,8,18,1,12,0,13,61,1,0.0000,1,90.00,1,1401.00,11,0.9,1362,0,1
1,32.9905000,-106.9744656,3,1,2026,8,18,1,12,0,13,62,1,0.0000,1,90.00,1,1401.00,11,0.9,1363,0,1
1,32.9905000,-106.9744656,3,1,2026,8,18,1,12,0,13,63,1,0.0000,1,90.00,1,1401.00,11,0.9,1364,0,1
1,32.9905000,-106.9744656,3,1,2026,8,18,1,12,0,13,64,1,0.0000,1,90.00,1,1401.00,11,0.9,1365,0,1
1,32.9905000,-106.9744656,3,1,2026,8,18,1,12,0,13,65,1,0.0000,1,90.00,1,1401.00,11,0.9,1366,0,1
1,32.9905000,-106.9744656,3,1,2026,8,18,1,12,0,13,66,1,0.0000,1,90.00,1,1401.00,11,0.9,1367,0,1
1,32.9905000,-106.9744656,3,1,2026,8,18,1,12,0,13,67,1,0.0000,1,90.00,1,1401.00,11,0.9,1368,0,1
1,32.9905000,-106.9744656,3,1,2026,8,18,1,12,0,13,68,1,0.0000,1,90.00,1,1401.00,11,0.9,1369,0,1
1,32.9905000,-106.9744656,3,1,2026,8,18,1,12,0,13,69,1,0.0000,1,90.00,1,1401.00,11,0.9,1370,0,1
1,32.9905000,-106.9744656,3,1,2026,8,18,1,12,0,13,70,1,0.0000,1,90.00,1,1401.00,11,0.9,1371,0,1
1,32.9905000,-106.9744656,3,1,2026,8,18,1,12,0,13,71,1,0.0000,1,90.00,1,1401.00,11,0.9,1372,0,1
1,32.9905000,-106.9744656,3,1,2026,8,18,1,12,0,13,72,1,0.0000,1,90.00,1,1401.00,11,0.9,1373,0,1
1,32.9905000,-106.9744656,3,1,2026,8,18,1,12,0,13,73,1,0.0000,1,90.00,1,1401.00,11,0.9,1374,0,1
1,32.9905000,-106.9744656,3,1,2026,8,18,1,12,0,13,74,1,0.0000,1,90.00,1,1401.00,11,0.9,1375,0,1
1,32.9905000,-106.9744656,3,1,2026,8,18,1,12,0,13,75,1,0.0000,1,90.00,1,1401.00,11,0.9,1376,0,1
1,32.9905000,-106.9744656,3,1,2026,8,18,1,12,0,13,76,1,0.0000,1,90.00,1,1401.00,11,0.9,1377,0,1
1,32.9905000,-106.9744656,3,1,2026,8,18,1,12,0,13,77,1,0.0000,1,90.00,1,1401.00,11,0.9,1378,0,1
1,32.9905000,-106.9744656,3,1,2026,8,18,1,12,0,13,78,1,0.0000,1,90.00,1,1401.00,11,0.9,1379,0,1
1,32.9905000,-106.9744656,3,1,2026,8,18,1,12,0,13,79,1,0.0000,1,90.00,1,1401.00,11,0.9,1380,0,1
1,32.9905000,-106.9744656,3,1,2026,8,18,1,12,0,13,80,1,0.0000,1,90.00,1,1401.00,11,0.9,1381,0,1
1,32.9905000,-106.9744656,3,1,2026,8,18,1,12,0,13,81,1,0.0000,1,90.00,1,1401.00,11,0.9,1382,0,1
1,32.9905000,-106.9744656,3,1,2026,8,18,1,12,0,13,82,1,0.0000,1,90.00,1,1401.00,11,0.9,1383,0,1
1,32.9905000,-106.9744656,3,1,2026,8,18,1,12,0,13,83,1,0.0000,1,90.00,1,1401.00,11,0.9,1384,0,1
1,32.9905000,-106.9744656,3,1,2026,8,18,1,12,0,13,84,1,0.0000,1,90.00,1,1401.00,11,0.9,1385,0,1
1,32.9905000,-106.9744656,3,1,2026,8,18,1,12,0,13,85,1,0.0000,1,90.00,1,1401.00,11,0.9,1386,0,1
1,32.9905000,-106.9744656,3,1,2026,8,18,1,12,0,13,86,1,0.0000,1,90.00,1,1401.00,11,0.9,1387,0,1
1,32.9905000,-106.9744656,3,1,2026,8,18,1,12,0,13,87,1,0.0000,1,90.00,1,1401.00,11,0.9,1388,0,1
1,32.9905000,-106.9744656,3,1,2026,8,18,1,12,0,13,88,1,0.0000,1,90.00,1,1401.00,11,0.9,1389,0,1
1,32.9905000,-106.9744656,3,1,2026,8,18,1,12,0,13,89,1,0.0000,1,90.00,1,1401.00,11,0.9,1390,0,1
1,32.9905000,-106.9744656,3,1,2026,8,18,1,12,0,13,90,1,0.0000,1,90.00,1,1401.00,11,0.9,1391,0,1
1,32.9905000,-106.9744656,3,1,2026,8,18,1,12,0,13,91,1,0.0000,1,90.00,1,1401.00,11,0.9,1392,0,1
1,32.9905000,-106.9744656,3,1,2026,8,18,1,12,0,13,92,1,0.0000,1,90.00,1,1401.00,11,0.9,1393,0,1
1,32.9905000,-106.9744656,3,1,2026,8,18,1,12,0,13,93,1,0.0000,1,90.00,1,1401.00,11,0.9,1394,0,1
1,32.9905000,-106.9744656,3,1,2026,8,18,1,12,0,13,94,1,0.0000,1,90.00,1,1401.00,11,0.9,1395,0,1
1,32.9905000,-106.9744656,3,1,2026,8,18,1,12,0,13,95,1,0.0000,1,90.00,1,1401.00,11,0.9,1396,0,1
1,32.9905000,-106.9744656,3,1,2026,8,18,1,12,0,13,96,1,0.0000,1,90.00,1,1401.00,11,0.9,1397,0,1
1,32.9905000,-106.9744656,3,1,2026,8,18,1,12,0,13,97,1,0.0000,1,90.00,1,1401.00,11,0.9,1398,0,1
1,32.9905000,-106.9744656,3,1,2026,8,18,1,12,0,13,98,1,0.0000,1,90.00,1,1401.00,11,0.9,1399,0,1
1,32.9905000,-106.9744656,3,1,2026,8,18,1,12,0,13,99,1,0.0000,1,90.00,1,1401.00,11,0.9,1400,0,1
1,32.9905000,-106.9744656,3,1,2026,8,18,1,12,0,14,0,1,0.0000,1,90.00,1,1401.00,11,0.9,1401,0,1
1,32.9905000,-106.9744656,3,1,2026,8,18,1,12,0,14,1,1,0.0000,1,90.00,1,1401.00,11,0.9,1402,0,1
1,32.9905000,-106.9744656,3,1,2026,8,18,1,12,0,14,2,1,0.0000,1,90.00,1,1401.00,11,0.9,1403,0,1
1,32.9905000,-106.9744656,3,1,2026,8,18,1,12,0,14,3,1,0.0000,1,90.00,1,1401.00,11,0.9,1404,0,1
1,32.9905000,-106.9744656,3,1,2026,8,18,1,12,0,14,4,1,0.0000,1,90.00,1,1401.00,11,0.9,1405,0,1
1,32.9905000,-106.9744656,3,1,2026,8,18,1,12,0,14,5,1,0.0000,1,90.00,1,1401.00,11,0.9,1406,0,1
1,32.9905000,-106.9744656,3,1,2026,8,18,1,12,0,14,6,1,0.0000,1,90.00,1,1401.00,11,0.9,1407,0,1
1,32.9905000,-106.9744656,3,1,2026,8,18,1,12,0,14,7,1,0.0000,1,90.00,1,1401.00,11,0.9,1408,0,1
1,32.9905000,-106.9744656,3,1,2026,8,18,1,12,0,14,8,1,0.0000,1,90.00,1,1401.00,11,0.9,1409,0,1
1,32.9905000,-106.9744656,3,1,2026,8,18,1,12,0,14,9,1,0.0000,1,90.00,1,1401.00,11,0.9,1410,0,1
1,32.9905000,-106.9744656,3,1,2026,8,18,1,12,0,14,10,1,0.0000,1,90.00,1,1401.00,11,0.9,1411,0,1
1,32.9905000,-106.9744656,3,1,2026,8,18,1,12,0,14,11,1,0.0000,1,90.00,1,1401.00,11,0.9,1412,0,1
1,32.9905000,-106.9744656,3,1,2026,8,18,1,12,0,14,12,1,0.0000,1,90.00,1,1401.00,11,0.9,1413,0,1
1,32.9905000,-106.9744656,3,1,2026,8,18,1,12,0,14,13,1,0.0000,1,90.00,1,1401.00,11,0.9,1414,0,1
1,32.9905000,-106.9744656,3,1,2026,8,18,1,12,0,14,14,1,0.0000,1,90.00,1,1401.00,11,0.9,1415,0,1
1,32.9905000,-106.9744656,3,1,2026,8,18,1,12,0,14,15,1,0.0000,1,90.00,1,1401.00,11,0.9,1416,0,1
1,32.9905000,-106.9744656,3,1,2026,8,18,1,12,0,14,16,1,0.0000,1,90.00,1,1401.00,11,0.9,1417,0,1
1,32.9905000,-106.9744656,3,1,2026,8,18,1,12,0,14,17,1,0.0000,1,90.00,1,1401.00,11,0.9,1418,0,1
1,32.9905000,-106.9744656,3,1,2026,8,18,1,12,0,14,18,1,0.0000,1,90.00,1,1401.00,11,0.9,1419,0,1
1,32.9905000,-106.9744656,3,1,2026,8,18,1,12,0,14,19,1,0.0000,1,90.00,1,1401.00,11,0.9,1420,0,1
1,32.9905000,-106.9744656,3,1,2026,8,18,1,12,0,14,20,1,0.0000,1,90.00,1,1401.00,11,0.9,1421,0,1
1,32.9905000,-106.9744656,3,1,2026,8,18,1,12,0,14,21,1,0.0000,1,90.00,1,1401.00,11,0.9,1422,0,1
1,32.9905000,-106.9744656,3,1,2026,8,18,1,12,0,14,22,1,0.0000,1,90.00,1,1401.00,11,0.9,1423,0,1
1,32.9905000,-106.9744656,3,1,2026,8,18,1,12,0,14,23,1,0.0000,1,90.00,1,1401.00,11,0.9,1424,0,1
1,32.9905000,-106.9744656,3,1,2026,8,18,1,12,0,14,24,1,0.0000,1,90.00,1,1401.00,11,0.9,1425,0,1
1,32.9905000,-106.9744656,3,1,2026,8,18,1,12,0,14,25,1,0.0000,1,90.00,1,1401.00,11,0.9,1426,0,1
1,32.9905000,-106.9744656,3,1,2026,8,18,1,12,0,14,26,1,0.0000,1,90.00,1,1401.00,11,0.9,1427,0,1
1,32.9905000,-106.9744656,3,1,2026,8,18,1,12,0,14,27,1,0.0000,1,90.00,1,1401.00,11,0.9,1428,0,1
1,32.9905000,-106.9744656,3,1,2026,8,18,1,12,0,14,28,1,0.0000,1,90.00,1,1401.00,11,0.9,1429,0,1
1,32.9905000,-106.9744656,3,1,2026,8,18,1,12,0,14,29,1,0.0000,1,90.00,1,1401.00,11,0.9,1430,0,1
1,32.9905000,-106.9744656,3,1,2026,8,18,1,12,0,14,30,1,0.0000,1,90.00,1,1401.00,11,0.9,1431,0,1
1,32.9905000,-106.9744656,3,1,2026,8,18,1,12,0,14,31,1,0.0000,1,90.00,1,1401.00,11,0.9,1432,0,1
1,32.9905000,-106.9744656,3,1,2026,8,18,1,12,0,14,32,1,0.0000,1,90.00,1,1401.00,11,0.9,1433,0,1
1,32.9905000,-106.9744656,3,1,2026,8,18,1,12,0,14,33,1,0.0000,1,90.00,1,1401.00,11,0.9,1434,0,1
1,32.9905000,-106.9744656,3,1,2026,8,18,1,12,0,14,34,1,0.0000,1,90.00,1,1401.00,11,0.9,1435,0,1
1,32.9905000,-106.9744656,3,1,2026,8,18,1,12,0,14,35,1,0.0000,1,90.00,1,1401.00,11,0.9,1436,0,1
1,32.9905000,-106.9744656,3,1,2026,8,18,1,12,0,14,36,1,0.0000,1,90.00,1,1401.00,11,0.9,1437,0,1
1,32.9905000,-106.9744656,3,1,2026,8,18,1,12,0,14,37,1,0.0000,1,90.00,1,1401.00,11,0.9,1438,0,1
1,32.9905000,-106.9744656,3,1,2026,8,18,1,12,0,14,38,1,0.0000,1,90.00,1,1401.00,11,0.9,1439,0,1
1,32.9905000,-106.9744656,3,1,2026,8,18,1,12,0,14,39,1,0.0000,1,90.00,1,1401.00,11,0.9,1440,0,1
1,32.9905000,-106.9744656,3,1,2026,8,18,1,12,0,14,40,1,0.0000,1,90.00,1,1401.00,11,0.9,1441,0,1
1,32.9905000,-106.9744656,3,1,2026,8,18,1,12,0,14,41,1,0.0000,1,90.00,1,1401.00,11,0.9,1442,0,1
1,32.9905000,-106.9744656,3,1,2026,8,18,1,12,0,14,42,1,0.0000,1,90.00,1,1401.00,11,0.9,1443,0,1
1,32.9905000,-106.9744656,3,1,2026,8,18,1,12,0,14,43,1,0.0000,1,90.00,1,1401.00,11,0.9,1444,0,1
1,32.9905000,-106.9744656,3,1,2026,8,18,1,12,0,14,44,1,0.0000,1,90.00,1,1401.00,11,0.9,1445,0,1
1,32.9905000,-106.9744656,3,1,2026,8,18,1,12,0,14,45,1,0.0000,1,90.00,1,1401.00,11,0.9,1446,0,1
1,32.9905000,-106.9744656,3,1,2026,8,18,1,12,0,14,46,1,0.0000,1,90.00,1,1401.00,11,0.9,1447,0,1
1,32.9905000,-106.9744656,3,1,2026,8,18,1,12,0,14,47,1,0.0000,1,90.00,1,1401.00,11,0.9,1448,0,1
1,32.9905000,-106.9744656,3,1,2026,8,18,1,12,0,14,48,1,0.0000,1,90.00,1,1401.00,11,0.9,1449,0,1
1,32.9905000,-106.9744656,3,1,2026,8,18,1,12,0,14,49,1,0.0000,1,90.00,1,1401.00,11,0.9,1450,0,1
1,32.9905000,-106.9744656,3,1,2026,8,18,1,12,0,14,50,1,0.0000,1,90.00,1,1401.00,11,0.9,1451,0,1
1,32.9905000,-106.9744656,3,1,2026,8,18,1,12,0,14,51,1,0.0000,1,90.00,1,1401.00,11,0.9,1452,0,1
1,32.9905000,-106.9744656,3,1,2026,8,18,1,12,0,14,52,1,0.0000,1,90.00,1,1401.00,11,0.9,1453,0,1
1,32.9905000,-106.9744656,3,1,2026,8,18,1,12,0,14,53,1,0.0000,1,90.00,1,1401.00,11,0.9,1454,0,1
1,32.9905000,-106.9744656,3,1,2026,8,18,1,12,0,14,54,1,0.0000,1,90.00,1,1401.00,11,0.9,1455,0,1
1,32.9905000,-106.9744656,3,1,2026,8,18,1,12,0,14,55,1,0.0000,1,90.00,1,1401.00,11,0.9,1456,0,1
1,32.9905000,-106.9744656,3,1,2026,8,18,1,12,0,14,56,1,0.0000,1,90.00,1,1401.00,11,0.9,1457,0,1
1,32.9905000,-106.9744656,3,1,2026,8,18,1,12,0,14,57,1,0.0000,1,90.00,1,1401.00,11,0.9,1458,0,1
1,32.9905000,-106.9744656,3,1,2026,8,18,1,12,0,14,58,1,0.0000,1,90.00,1,1401.00,11,0.9,1459,0,1
1,32.9905000,-106.9744656,3,1,2026,8,18,1,12,0,14,59,1,0.0000,1,90.00,1,1401.00,11,0.9,1460,0,1
1,32.9905000,-106.9744656,3,1,2026,8,18,1,12,0,14,60,1,0.0000,1,90.00,1,1401.00,11,0.9,1461,0,1
1,32.9905000,-106.9744656,3,1,2026,8,18,1,12,0,14,61,1,0.0000,1,90.00,1,1401.00,11,0.9,1462,0,1
1,32.9905000,-106.9744656,3,1,2026,8,18,1,12,0,14,62,1,0.0000,1,90.00,1,1401.00,11,0.9,1463,0,1
1,32.9905000,-106.9744656,3,1,2026,8,18,1,12,0,14,63,1,0.0000,1,90.00,1,1401.00,11,0.9,1464,0,1
1,32.9905000,-106.9744656,3,1,2026,8,18,1,12,0,14,64,1,0.0000,1,90.00,1,1401.00,11,0.9,1465,0,1
1,32.9905000,-106.9744656,3,1,2026,8,18,1,12,0,14,65,1,0.0000,1,90.00,1,1401.00,11,0.9,1466,0,1
1,32.9905000,-106.9744656,3,1,2026,8,18,1,12,0,14,66,1,0.0000,1,90.00,1,1401.00,11,0.9,1467,0,1
1,32.9905000,-106.9744656,3,1,2026,8,18,1,12,0,14,67,1,0.0000,1,90.00,1,1401.00,11,0.9,1468,0,1
1,32.9905000,-106.9744656,3,1,2026,8,18,1,12,0,14,68,1,0.0000,1,90.00,1,1401.00,11,0.9,1469,0,1
1,32.9905000,-106.9744656,3,1,2026,8,18,1,12,0,14,69,1,0.0000,1,90.00,1,1401.00,11,0.9,1470,0,1
1,32.9905000,-106.9744656,3,1,2026,8,18,1,12,0,14,70,1,0.0000,1,90.00,1,1401.00,11,0.9,1471,0,1
1,32.9905000,-106.9744656,3,1,2026,8,18,1,12,0,14,71,1,0.0000,1,90.00,1,1401.00,11,0.9,1472,0,1
1,32.9905000,-106.9744656,3,1,2026,8,18,1,12,0,14,72,1,0.0000,1,90.00,1,1401.00,11,0.9,1473,0,1
1,32.9905000,-106.9744656,3,1,2026,8,18,1,12,0,14,73,1,0.0000,1,90.00,1,1401.00,11,0.9,1474,0,1
1,32.9905000,-106.9744656,3,1,2026,8,18,1,12,0,14,74,1,0.0000,1,90.00,1,1401.00,11,0.9,1475,0,1
1,32.9905000,-106.9744656,3,1,2026,8,18,1,12,0,14,75,1,0.0000,1,90.00,1,1401.00,11,0.9,1476,0,1
1,32.9905000,-106.9744656,3,1,2026,8,18,1,12,0,14,76,1,0.0000,1,90.00,1,1401.00,11,0.9,1477,0,1
1,32.9905000,-106.9744656,3,1,2026,8,18,1,12,0,14,77,1,0.0000,1,90.00,1,1401.00,11,0.9,1478,0,1
1,32.9905000,-106.9744656,3,1,2026,8,18,1,12,0,14,78,1,0.0000,1,90.00,1,1401.00,11,0.9,1479,0,1
1,32.9905000,-106.9744656,3,1,2026,8,18,1,12,0,14,79,1,0.0000,1,90.00,1,1401.00,11,0.9,1480,0,1
1,32.9905000,-106.9744656,3,1,2026,8,18,1,12,0,14,80,1,0.0000,1,90.00,1,1401.00,11,0.9,1481,0,1
1,32.9905000,-106.9744656,3,1,2026,8,18,1,12,0,14,81,1,0.0000,1,90.00,1,1401.00,11,0.9,1482,0,1
1,32.9905000,-106.9744656,3,1,2026,8,18,1,12,0,14,82,1,0.0000,1,90.00,1,1401.00,11,0.9,1483,0,1
1,32.9905000,-106.9744656,3,1,2026,8,18,1,12,0,14,83,1,0.0000,1,90.00,1,1401.00,11,0.9,1484,0,1
1,32.9905000,-106.9744656,3,1,2026,8,18,1,12,0,14,84,1,0.0000,1,90.00,1,1401.00,11,0.9,1485,0,1
1,32.9905000,-106.9744656,3,1,2026,8,18,1,12,0,14,85,1,0.0000,1,90.00,1,1401.00,11,0.9,1486,0,1
1,32.9905000,-106.9744656,3,1,2026,8,18,1,12,0,14,86,1,0.0000,1,90.00,1,1401.00,11,0.9,1487,0,1
1,32.9905000,-106.9744656,3,1,2026,8,18,1,12,0,14,87,1,0.0000,1,90.00,1,1401.00,11,0.9,1488,0,1
1,32.9905000,-106.9744656,3,1,2026,8,18,1,12,0,14,88,1,0.0000,1,90.00,1,1401.00,11,0.9,1489,0,1
1,32.9905000,-106.9744656,3,1,2026,8,18,1,12,0,14,89,1,0.0000,1,90.00,1,1401.00,11,0.9,1490,0,1
1,32.9905000,-106.9744656,3,1,2026,8,18,1,12,0,14,90,1,0.0000,1,90.00,1,1401.00,11,0.9,1491,0,1
1,32.9905000,-106.9744656,3,1,2026,8,18,1,12,0,14,91,1,0.0000,1,90.00,1,1401.00,11,0.9,1492,0,1
1,32.9905000,-106.9744656,3,1,2026,8,18,1,12,0,14,92,1,0.0000,1,90.00,1,1401.00,11,0.9,1493,0,1
1,32.9905000,-106.9744656,3,1,2026,8,18,1,12,0,14,93,1,0.0000,1,90.00,1,1401.00,11,0.9,1494,0,1
1,32.9905000,-106.9744656,3,1,2026,8,18,1,12,0,14,94,1,0.0000,1,90.00,1,1401.00,11,0.9,1495,0,1
1,32.9905000,-106.9744656,3,1,2026,8,18,1,12,0,14,95,1,0.0000,1,90.00,1,1401.00,11,0.9,1496,0,1
1,32.9905000,-106.9744656,3,1,2026,8,18,1,12,0,14,96,1,0.0000,1,90.00,1,1401.00,11,0.9,1497,0,1
1,32.9905000,-106.9744656,3,1,2026,8,18,1,12,0,14,97,1,0.0000,1,90.00,1,1401.00,11,0.9,1498,0,1
1,32.9905000,-106.9744656,3,1,2026,8,18,1,12,0,14,98,1,0.0000,1,90.00,1,1401.00,11,0.9,1499,0,1
1,32.9905000,-106.9744656,3,1,2026,8,18,1,12,0,14,99,1,0.0000,1,90.00,1,1401.00,11,0.9,1500,0,1
1,32.9905000,-106.9744656,3,1,2026,8,18,1,12,0,15,0,1,0.0000,1,90.00,1,1401.00,11,0.9,1501,0,1
1,32.9905000,-106.9744656,3,1,2026,8,18,1,12,0,15,1,1,0.0000,1,90.00,1,1401.00,11,0.9,1502,0,1
1,32.9905000,-106.9744656,3,1,2026,8,18,1,12,0,15,2,1,0.0000,1,90.00,1,1401.00,11,0.9,1503,0,1
1,32.9905000,-106.9744656,3,1,2026,8,18,1,12,0,15,3,1,0.0000,1,90.00,1,1401.00,11,0.9,1504,0,1
1,32.9905000,-106.9744656,3,1,2026,8,18,1,12,0,15,4,1,0.0000,1,90.00,1,1401.00,11,0.9,1505,0,1
1,32.9905000,-106.9744656,3,1,2026,8,18,1,12,0,15,5,1,0.0000,1,90.00,1,1401.00,11,0.9,1506,0,1
1,32.9905000,-106.9744656,3,1,2026,8,18,1,12,0,15,6,1,0.0000,1,90.00,1,1401.00,11,0.9,1507,0,1
1,32.9905000,-106.9744656,3,1,2026,8,18,1,12,0,15,7,1,0.0000,1,90.00,1,1401.00,11,0.9,1508,0,1
1,32.9905000,-106.9744656,3,1,2026,8,18,1,12,0,15,8,1,0.0000,1,90.00,1,1401.00,11,0.9,1509,0,1
1,32.9905000,-106.9744656,3,1,2026,8,18,1,12,0,15,9,1,0.0000,1,90.00,1,1401.00,11,0.9,1510,0,1
1,32.9905000,-106.9744656,3,1,2026,8,18,1,12,0,15,10,1,0.0000,1,90.00,1,1401.00,11,0.9,1511,0,1
1,32.9905000,-106.9744656,3,1,2026,8,18,1,12,0,15,11,1,0.0000,1,90.00,1,1401.00,11,0.9,1512,0,1
1,32.9905000,-106.9744656,3,1,2026,8,18,1,12,0,15,12,1,0.0000,1,90.00,1,1401.00,11,0.9,1513,0,1
1,32.9905000,-106.9744656,3,1,2026,8,18,1,12,0,15,13,1,0.0000,1,90.00,1,1401.00,11,0.9,1514,0,1
1,32.9905000,-106.9744656,3,1,2026,8,18,1,12,0,15,14,1,0.0000,1,90.00,1,1401.00,11,0.9,1515,0,1
1,32.9905000,-106.9744656,3,1,2026,8,18,1,12,0,15,15,1,0.0000,1,90.00,1,1401.00,11,0.9,1516,0,1
1,32.9905000,-106.9744656,3,1,2026,8,18,1,12,0,15,16,1,0.0000,1,90.00,1,1401.00,11,0.9,1517,0,1
1,32.9905000,-106.9744656,3,1,2026,8,18,1,12,0,15,17,1,0.0000,1,90.00,1,1401.00,11,0.9,1518,0,1
1,32.9905000,-106.9744656,3,1,2026,8,18,1,12,0,15,18,1,0.0000,1,90.00,1,1401.00,11,0.9,1519,0,1
1,32.9905000,-106.9744656,3,1,2026,8,18,1,12,0,15,19,1,0.0000,1,90.00,1,1401.00,11,0.9,1520,0,1
1,32.9905000,-106.9744656,3,1,2026,8,18,1,12,0,15,20,1,0.0000,1,90.00,1,1401.00,11,0.9,1521,0,1
1,32.9905000,-106.9744656,3,1,2026,8,18,1,12,0,15,21,1,0.0000,1,90.00,1,1401.00,11,0.9,1522,0,1
1,32.9905000,-106.9744656,3,1,2026,8,18,1,12,0,15,22,1,0.0000,1,90.00,1,1401.00,11,0.9,1523,0,1
1,32.9905000,-106.9744656,3,1,2026,8,18,1,12,0,15,23,1,0.0000,1,90.00,1,1401.00,11,0.9,1524,0,1
1,32.9905000,-106.9744656,3,1,2026,8,18,1,12,0,15,24,1,0.0000,1,90.00,1,1401.00,11,0.9,1525,0,1
1,32.9905000,-106.9744656,3,1,2026,8,18,1,12,0,15,25,1,0.0000,1,90.00,1,1401.00,11,0.9,1526,0,1
1,32.9905000,-106.9744656,3,1,2026,8,18,1,12,0,15,26,1,0.0000,1,90.00,1,1401.00,11,0.9,1527,0,1
1,32.9905000,-106.9744656,3,1,2026,8,18,1,12,0,15,27,1,0.0000,1,90.00,1,1401.00,11,0.9,1528,0,1
1,32.9905000,-106.9744656,3,1,2026,8,18,1,12,0,15,28,1,0.0000,1,90.00,1,1401.00,11,0.9,1529,0,1
1,32.9905000,-106.9744656,3,1,2026,8,18,1,12,0,15,29,1,0.0000,1,90.00,1,1401.00,11,0.9,1530,0,1
1,32.9905000,-106.9744656,3,1,2026,8,18,1,12,0,15,30,1,0.0000,1,90.00,1,1401.00,11,0.9,1531,0,1
1,32.9905000,-106.9744656,3,1,2026,8,18,1,12,0,15,31,1,0.0000,1,90.00,1,1401.00,11,0.9,1532,0,1
1,32.9905000,-106.9744656,3,1,2026,8,18,1,12,0,15,32,1,0.0000,1,90.00,1,1401.00,11,0.9,1533,0,1
1,32.9905000,-106.9744656,3,1,2026,8,18,1,12,0,15,33,1,0.0000,1,90.00,1,1401.00,11,0.9,1534,0,1
1,32.9905000,-106.9744656,3,1,2026,8,18,1,12,0,15,34,1,0.0000,1,90.00,1,1401.00,11,0.9,1535,0,1
1,32.9905000,-106.9744656,3,1,2026,8,18,1,12,0,15,35,1,0.0000,1,90.00,1,1401.00,11,0.9,1536,0,1
1,32.9905000,-106.9744656,3,1,2026,8,18,1,12,0,15,36,1,0.0000,1,90.00,1,1401.00,11,0.9,1537,0,1
1,32.9905000,-106.9744656,3,1,2026,8,18,1,12,0,15,37,1,0.0000,1,90.00,1,1401.00,11,0.9,1538,0,1
1,32.9905000,-106.9744656,3,1,2026,8,18,1,12,0,15,38,1,0.0000,1,90.00,1,1401.00,11,0.9,1539,0,1
1,32.9905000,-106.9744656,3,1,2026,8,18,1,12,0,15,39,1,0.0000,1,90.00,1,1401.00,11,0.9,1540,0,1
1,32.9905000,-106.9744656,3,1,2026,8,18,1,12,0,15,40,1,0.0000,1,90.00,1,1401.00,11,0.9,1541,0,1
1,32.9905000,-106.9744656,3,1,2026,8,18,1,12,0,15,41,1,0.0000,1,90.00,1,1401.00,11,0.9,1542,0,1
1,32.9905000,-106.9744656,3,1,2026,8,18,1,12,0,15,42,1,0.0000,1,90.00,1,1401.00,11,0.9,1543,0,1
1,32.9905000,-106.9744656,3,1,2026,8,18,1,12,0,15,43,1,0.0000,1,90.00,1,1401.00,11,0.9,1544,0,1
1,32.9905000,-106.9744656,3,1,2026,8,18,1,12,0,15,44,1,0.0000,1,90.00,1,1401.00,11,0.9,1545,0,1
1,32.9905000,-106.9744656,3,1,2026,8,18,1,12,0,15,45,1,0.0000,1,90.00,1,1401.00,11,0.9,1546,0,1
1,32.9905000,-106.9744656,3,1,2026,8,18,1,12,0,15,46,1,0.0000,1,90.00,1,1401.00,11,0.9,1547,0,1
1,32.9905000,-106.9744656,3,1,2026,8,18,1,12,0,15,47,1,0.0000,1,90.00,1,1401.00,11,0.9,1548,0,1
1,32.9905000,-106.9744656,3,1,2026,8,18,1,12,0,15,48,1,0.0000,1,90.00,1,1401.00,11,0.9,1549,0,1
1,32.9905000,-106.9744656,3,1,2026,8,18,1,12,0,15,49,1,0.0000,1,90.00,1,1401.00,11,0.9,1550,0,1
1,32.9905000,-106.9744656,3,1,2026,8,18,1,12,0,15,50,1,0.0000,1,90.00,1,1401.00,11,0.9,1551,0,1
1,32.9905000,-106.9744656,3,1,2026,8,18,1,12,0,15,51,1,0.0000,1,90.00,1,1401.00,11,0.9,1552,0,1
1,32.9905000,-106.9744656,3,1,2026,8,18,1,12,0,15,52,1,0.0000,1,90.00,1,1401.00,11,0.9,1553,0,1
1,32.9905000,-106.9744656,3,1,2026,8,18,1,12,0,15,53,1,0.0000,1,90.00,1,1401.00,11,0.9,1554,0,1
1,32.9905000,-106.9744656,3,1,2026,8,18,1,12,0,15,54,1,0.0000,1,90.00,1,1401.00,11,0.9,1555,0,1
1,32.9905000,-106.9744656,3,1,2026,8,18,1,12,0,15,55,1,0.0000,1,90.00,1,1401.00,11,0.9,1556,0,1
1,32.9905000,-106.9744656,3,1,2026,8,18,1,12,0,15,56,1,0.0000,1,90.00,1,1401.00,11,0.9,1557,0,1
1,32.9905000,-106.9744656,3,1,2026,8,18,1,12,0,15,57,1,0.0000,1,90.00,1,1401.00,11,0.9,1558,0,1
1,32.9905000,-106.9744656,3,1,2026,8,18,1,12,0,15,58,1,0.0000,1,90.00,1,1401.00,11,0.9,1559,0,1
1,32.9905000,-106.9744656,3,1,2026,8,18,1,12,0,15,59,1,0.0000,1,90.00,1,1401.00,11,0.9,1560,0,1
1,32.9905000,-106.9744656,3,1,2026,8,18,1,12,0,15,60,1,0.0000,1,90.00,1,1401.00,11,0.9,1561,0,1
1,32.9905000,-106.9744656,3,1,2026,8,18,1,12,0,15,61,1,0.0000,1,90.00,1,1401.00,11,0.9,1562,0,1
1,32.9905000,-106.9744656,3,1,2026,8,18,1,12,0,15,62,1,0.0000,1,90.00,1,1401.00,11,0.9,1563,0,1
1,32.9905000,-106.9744656,3,1,2026,8,18,1,12,0,15,63,1,0.0000,1,90.00,1,1401.00,11,0.9,1564,0,1
1,32.9905000,-106.9744656,3,1,2026,8,18,1,12,0,15,64,1,0.0000,1,90.00,1,1401.00,11,0.9,1565,0,1
1,32.9905000,-106.9744656,3,1,2026,8,18,1,12,0,15,65,1,0.0000,1,90.00,1,1401.00,11,0.9,1566,0,1
1,32.9905000,-106.9744656,3,1,2026,8,18,1,12,0,15,66,1,0.0000,1,90.00,1,1401.00,11,0.9,1567,0,1
1,32.9905000,-106.9744656,3,1,2026,8,18,1,12,0,15,67,1,0.0000,1,90.00,1,1401.00,11,0.9,1568,0,1
1,32.9905000,-106.9744656,3,1,2026,8,18,1,12,0,15,68,1,0.0000,1,90.00,1,1401.00,11,0.9,1569,0,1
1,32.9905000,-106.9744656,3,1,2026,8,18,1,12,0,15,69,1,0.0000,1,90.00,1,1401.00,11,0.9,1570,0,1
1,32.9905000,-106.9744656,3,1,2026,8,18,1,12,0,15,70,1,0.0000,1,90.00,1,1401.00,11,0.9,1571,0,1
1,32.9905000,-106.9744656,3,1,2026,8,18,1,12,0,15,71,1,0.0000,1,90.00,1,1401.00,11,0.9,1572,0,1
1,32.9905000,-106.9744656,3,1,2026,8,18,1,12,0,15,72,1,0.0000,1,90.00,1,1401.00,11,0.9,1573,0,1
1,32.9905000,-106.9744656,3,1,2026,8,18,1,12,0,15,73,1,0.0000,1,90.00,1,1401.00,11,0.9,1574,0,1
1,32.9905000,-106.9744656,3,1,2026,8,18,1,12,0,15,74,1,0.0000,1,90.00,1,1401.00,11,0.9,1575,0,1
1,32.9905000,-106.9744656,3,1,2026,8,18,1,12,0,15,75,1,0.0000,1,90.00,1,1401.00,11,0.9,1576,0,1
1,32.9905000,-106.9744656,3,1,2026,8,18,1,12,0,15,76,1,0.0000,1,90.00,1,1401.00,11,0.9,1577,0,1
1,32.9905000,-106.9744656,3,1,2026,8,18,1,12,0,15,77,1,0.0000,1,90.00,1,1401.00,11,0.9,1578,0,1
1,32.9905000,-106.9744656,3,1,2026,8,18,1,12,0,15,78,1,0.0000,1,90.00,1,1401.00,11,0.9,1579,0,1
1,32.9905000,-106.9744656,3,1,2026,8,18,1,12,0,15,79,1,0.0000,1,90.00,1,1401.00,11,0.9,1580,0,1
1,32.9905000,-106.9744656,3,1,2026,8,18,1,12,0,15,80,1,0.0000,1,90.00,1,1401.00,11,0.9,1581,0,1
1,32.9905000,-106.9744656,3,1,2026,8,18,1,12,0,15,81,1,0.0000,1,90.00,1,1401.00,11,0.9,1582,0,1
1,32.9905000,-106.9744656,3,1,2026,8,18,1,12,0,15,82,1,0.0000,1,90.00,1,1401.00,11,0.9,1583,0,1
1,32.9905000,-106.9744656,3,1,2026,8,18,1,12,0,15,83,1,0.0000,1,90.00,1,1401.00,11,0.9,1584,0,1
1,32.9905000,-106.9744656,3,1,2026,8,18,1,12,0,15,84,1,0.0000,1,90.00,1,1401.00,11,0.9,1585,0,1
1,32.9905000,-106.9744656,3,1,2026,8,18,1,12,0,15,85,1,0.0000,1,90.00,1,1401.00,11,0.9,1586,0,1
1,32.9905000,-106.9744656,3,1,2026,8,18,1,12,0,15,86,1,0.0000,1,90.00,1,1401.00,11,0.9,1587,0,1
1,32.9905000,-106.9744656,3,1,2026,8,18,1,12,0,15,87,1,0.0000,1,90.00,1,1401.00,11,0.9,1588,0,1
1,32.9905000,-106.9744656,3,1,2026,8,18,1,12,0,15,88,1,0.0000,1,90.00,1,1401.00,11,0.9,1589,0,1
1,32.9905000,-106.9744656,3,1,2026,8,18,1,12,0,15,89,1,0.0000,1,90.00,1,1401.00,11,0.9,1590,0,1
1,32.9905000,-106.9744656,3,1,2026,8,18,1,12,0,15,90,1,0.0000,1,90.00,1,1401.00,11,0.9,1591,0,1
1,32.9905000,-106.9744656,3,1,2026,8,18,1,12,0,15,91,1,0.0000,1,90.00,1,1401.00,11,0.9,1592,0,1
1,32.9905000,-106.9744656,3,1,2026,8,18,1,12,0,15,92,1,0.0000,1,90.00,1,1401.00,11,0.9,1593,0,1
1,32.9905000,-106.9744656,3,1,2026,8,18,1,12,0,15,93,1,0.0000,1,90.00,1,1401.00,11,0.9,1594,0,1
1,32.9905000,-106.9744656,3,1,2026,8,18,1,12,0,15,94,1,0.0000,1,90.00,1,1401.00,11,0.9,1595,0,1
1,32.9905000,-106.9744656,3,1,2026,8,18,1,12,0,15,95,1,0.0000,1,90.00,1,1401.00,11,0.9,1596,0,1
1,32.9905000,-106.9744656,3,1,2026,8,18,1,12,0,15,96,1,0.0000,1,90.00,1,1401.00,11,0.9,1597,0,1
1,32.9905000,-106.9744656,3,1,2026,8,18,1,12,0,15,97,1,0.0000,1,90.00,1,1401.00,11,0.9,1598,0,1
1,32.9905000,-106.9744656,3,1,2026,8,18,1,12,0,15,98,1,0.0000,1,90.00,1,1401.00,11,0.9,1599,0,1
1,32.9905000,-106.9744656,3,1,2026,8,18,1,12,0,15,99,1,0.0000,1,90.00,1,1401.00,11,0.9,1600,0,1
1,32.9905000,-106.9744656,3,1,2026,8,18,1,12,0,16,0,1,0.0000,1,90.00,1,1401.00,11,0.9,1601,0,1
1,32.9905000,-106.9744656,3,1,2026,8,18,1,12,0,16,1,1,0.0000,1,90.00,1,1401.00,11,0.9,1602,0,1
1,32.9905000,-106.9744656,3,1,2026,8,18,1,12,0,16,2,1,0.0000,1,90.00,1,1401.00,11,0.9,1603,0,1
1,32.9905000,-106.9744656,3,1,2026,8,18,1,12,0,16,3,1,0.0000,1,90.00,1,1401.00,11,0.9,1604,0,1
1,32.9905000,-106.9744656,3,1,2026,8,18,1,12,0,16,4,1,0.0000,1,90.00,1,1401.00,11,0.9,1605,0,1
1,32.9905000,-106.9744656,3,1,2026,8,18,1,12,0,16,5,1,0.0000,1,90.00,1,1401.00,11,0.9,1606,0,1
1,32.9905000,-106.9744656,3,1,2026,8,18,1,12,0,16,6,1,0.0000,1,90.00,1,1401.00,11,0.9,1607,0,1
1,32.9905000,-106.9744656,3,1,2026,8,18,1,12,0,16,7,1,0.0000,1,90.00,1,1401.00,11,0.9,1608,0,1
1,32.9905000,-106.9744656,3,1,2026,8,18,1,12,0,16,8,1,0.0000,1,90.00,1,1401.00,11,0.9,1609,0,1
1,32.9905000,-106.9744656,3,1,2026,8,18,1,12,0,16,9,1,0.0000,1,90.00,1,1401.00,11,0.9,1610,0,1
1,32.9905000,-106.9744656,3,1,2026,8,18,1,12,0,16,10,1,0.0000,1,90.00,1,1401.00,11,0.9,1611,0,1
1,32.9905000,-106.9744656,3,1,2026,8,18,1,12,0,16,11,1,0.0000,1,90.00,1,1401.00,11,0.9,1612,0,1
1,32.9905000,-106.9744656,3,1,2026,8,18,1,12,0,16,12,1,0.0000,1,90.00,1,1401.00,11,0.9,1613,0,1
1,32.9905000,-106.9744656,3,1,2026,8,18,1,12,0,16,13,1,0.0000,1,90.00,1,1401.00,11,0.9,1614,0,1
1,32.9905000,-106.9744656,3,1,2026,8,18,1,12,0,16,14,1,0.0000,1,90.00,1,1401.00,11,0.9,1615,0,1
1,32.9905000,-106.9744656,3,1,2026,8,18,1,12,0,16,15,1,0.0000,1,90.00,1,1401.00,11,0.9,1616,0,1
1,32.9905000,-106.9744656,3,1,2026,8,18,1,12,0,16,16,1,0.0000,1,90.00,1,1401.00,11,0.9,1617,0,1
1,32.9905000,-106.9744656,3,1,2026,8,18,1,12,0,16,17,1,0.0000,1,90.00,1,1401.00,11,0.9,1618,0,1
1,32.9905000,-106.9744656,3,1,2026,8,18,1,12,0,16,18,1,0.0000,1,90.00,1,1401.00,11,0.9,1619,0,1
1,32.9905000,-106.9744656,3,1,2026,8,18,1,12,0,16,19,1,0.0000,1,90.00,1,1401.00,11,0.9,1620,0,1
1,32.9905000,-106.9744656,3,1,2026,8,18,1,12,0,16,20,1,0.0000,1,90.00,1,1401.00,11,0.9,1621,0,1
1,32.9905000,-106.9744656,3,1,2026,8,18,1,12,0,16,21,1,0.0000,1,90.00,1,1401.00,11,0.9,1622,0,1
1,32.9905000,-106.9744656,3,1,2026,8,18,1,12,0,16,22,1,0.0000,1,90.00,1,1401.00,11,0.9,1623,0,1
1,32.9905000,-106.9744656,3,1,2026,8,18,1,12,0,16,23,1,0.0000,1,90.00,1,1401.00,11,0.9,1624,0,1
1,32.9905000,-106.9744656,3,1,2026,8,18,1,12,0,16,24,1,0.0000,1,90.00,1,1401.00,11,0.9,1625,0,1
1,32.9905000,-106.9744656,3,1,2026,8,18,1,12,0,16,25,1,0.0000,1,90.00,1,1401.00,11,0.9,1626,0,1
1,32.9905000,-106.9744656,3,1,2026,8,18,1,12,0,16,26,1,0.0000,1,90.00,1,1401.00,11,0.9,1627,0,1
1,32.9905000,-106.9744656,3,1,2026,8,18,1,12,0,16,27,1,0.0000,1,90.00,1,1401.00,11,0.9,1628,0,1
1,32.9905000,-106.9744656,3,1,2026,8,18,1,12,0,16,28,1,0.0000,1,90.00,1,1401.00,11,0.9,1629,0,1
1,32.9905000,-106.9744656,3,1,2026,8,18,1,12,0,16,29,1,0.0000,1,90.00,1,1401.00,11,0.9,1630,0,1
1,32.9905000,-106.9744656,3,1,2026,8,18,1,12,0,16,30,1,0.0000,1,90.00,1,1401.00,11,0.9,1631,0,1
1,32.9905000,-106.9744656,3,1,2026,8,18,1,12,0,16,31,1,0.0000,1,90.00,1,1401.00,11,0.9,1632,0,1
1,32.9905000,-106.9744656,3,1,2026,8,18,1,12,0,16,32,1,0.0000,1,90.00,1,1401.00,11,0.9,1633,0,1
1,32.9905000,-106.9744656,3,1,2026,8,18,1,12,0,16,33,1,0.0000,1,90.00,1,1401.00,11,0.9,1634,0,1
1,32.9905000,-106.9744656,3,1,2026,8,18,1,12,0,16,34,1,0.0000,1,90.00,1,1401.00,11,0.9,1635,0,1
1,32.9905000,-106.9744656,3,1,2026,8,18,1,12,0,16,35,1,0.0000,1,90.00,1,1401.00,11,0.9,1636,0,1
1,32.9905000,-106.9744656,3,1,2026,8,18,1,12,0,16,36,1,0.0000,1,90.00,1,1401.00,11,0.9,1637,0,1
1,32.9905000,-106.9744656,3,1,2026,8,18,1,12,0,16,37,1,0.0000,1,90.00,1,1401.00,11,0.9,1638,0,1
1,32.9905000,-106.9744656,3,1,2026,8,18,1,12,0,16,38,1,0.0000,1,90.00,1,1401.00,11,0.9,1639,0,1
1,32.9905000,-106.9744656,3,1,2026,8,18,1,12,0,16,39,1,0.0000,1,90.00,1,1401.00,11,0.9,1640,0,1
1,32.9905000,-106.9744656,3,1,2026,8,18,1,12,0,16,40,1,0.0000,1,90.00,1,1401.00,11,0.9,1641,0,1
1,32.9905000,-106.9744656,3,1,2026,8,18,1,12,0,16,41,1,0.0000,1,90.00,1,1401.00,11,0.9,1642,0,1
1,32.9905000,-106.9744656,3,1,2026,8,18,1,12,0,16,42,1,0.0000,1,90.00,1,1401.00,11,0.9,1643,0,1
1,32.9905000,-106.9744656,3,1,2026,8,18,1,12,0,16,43,1,0.0000,1,90.00,1,1401.00,11,0.9,1644,0,1
1,32.9905000,-106.9744656,3,1,2026,8,18,1,12,0,16,44,1,0.0000,1,90.00,1,1401.00,11,0.9,1645,0,1
1,32.9905000,-106.9744656,3,1,2026,8,18,1,12,0,16,45,1,0.0000,1,90.00,1,1401.00,11,0.9,1646,0,1
1,32.9905000,-106.9744656,3,1,2026,8,18,1,12,0,16,46,1,0.0000,1,90.00,1,1401.00,11,0.9,1647,0,1
1,32.9905000,-106.9744656,3,1,2026,8,18,1,12,0,16,47,1,0.0000,1,90.00,1,1401.00,11,0.9,1648,0,1
1,32.9905000,-106.9744656,3,1,2026,8,18,1,12,0,16,48,1,0.0000,1,90.00,1,1401.00,11,0.9,1649,0,1
1,32.9905000,-106.9744656,3,1,2026,8,18,1,12,0,16,49,1,0.0000,1,90.00,1,1401.00,11,0.9,1650,0,1
1,32.9905000,-106.9744656,3,1,2026,8,18,1,12,0,16,50,1,0.0000,1,90.00,1,1401.00,11,0.9,1651,0,1
1,32.9905000,-106.9744656,3,1,2026,8,18,1,12,0,16,51,1,0.0000,1,90.00,1,1401.00,11,0.9,1652,0,1
1,32.9905000,-106.9744656,3,1,2026,8,18,1,12,0,16,52,1,0.0000,1,90.00,1,1401.00,11,0.9,1653,0,1
1,32.9905000,-106.9744656,3,1,2026,8,18,1,12,0,16,53,1,0.0000,1,90.00,1,1401.00,11,0.9,1654,0,1
1,32.9905000,-106.9744656,3,1,2026,8,18,1,12,0,16,54,1,0.0000,1,90.00,1,1401.00,11,0.9,1655,0,1
1,32.9905000,-106.9744656,3,1,2026,8,18,1,12,0,16,55,1,0.0000,1,90.00,1,1401.00,11,0.9,1656,0,1
1,32.9905000,-106.9744656,3,1,2026,8,18,1,12,0,16,56,1,0.0000,1,90.00,1,1401.00,11,0.9,1657,0,1
1,32.9905000,-106.9744656,3,1,2026,8,18,1,12,0,16,57,1,0.0000,1,90.00,1,1401.00,11,0.9,1658,0,1
1,32.9905000,-106.9744656,3,1,2026,8,18,1,12,0,16,58,1,0.0000,1,90.00,1,1401.00,11,0.9,1659,0,1
1,32.9905000,-106.9744656,3,1,2026,8,18,1,12,0,16,59,1,0.0000,1,90.00,1,1401.00,11,0.9,1660,0,1
1,32.9905000,-106.9744656,3,1,2026,8,18,1,12,0,16,60,1,0.0000,1,90.00,1,1401.00,11,0.9,1661,0,1
1,32.9905000,-106.9744656,3,1,2026,8,18,1,12,0,16,61,1,0.0000,1,90.00,1,1401.00,11,0.9,1662,0,1
1,32.9905000,-106.9744656,3,1,2026,8,18,1,12,0,16,62,1,0.0000,1,90.00,1,1401.00,11,0.9,1663,0,1
1,32.9905000,-106.9744656,3,1,2026,8,18,1,12,0,16,63,1,0.0000,1,90.00,1,1401.00,11,0.9,1664,0,1
1,32.9905000,-106.9744656,3,1,2026,8,18,1,12,0,16,64,1,0.0000,1,90.00,1,1401.00,11,0.9,1665,0,1
1,32.9905000,-106.9744656,3,1,2026,8,18,1,12,0,16,65,1,0.0000,1,90.00,1,1401.00,11,0.9,1666,0,1
1,32.9905000,-106.9744656,3,1,2026,8,18,1,12,0,16,66,1,0.0000,1,90.00,1,1401.00,11,0.9,1667,0,1
1,32.9905000,-106.9744656,3,1,2026,8,18,1,12,0,16,67,1,0.0000,1,90.00,1,1401.00,11,0.9,1668,0,1
1,32.9905000,-106.9744656,3,1,2026,8,18,1,12,0,16,68,1,0.0000,1,90.00,1,1401.00,11,0.9,1669,0,1
1,32.9905000,-106.9744656,3,1,2026,8,18,1,12,0,16,69,1,0.0000,1,90.00,1,1401.00,11,0.9,1670,0,1
1,32.9905000,-106.9744656,3,1,2026,8,18,1,12,0,16,70,1,0.0000,1,90.00,1,1401.00,11,0.9,1671,0,1
1,32.9905000,-106.9744656,3,1,2026,8,18,1,12,0,16,71,1,0.0000,1,90.00,1,1401.00,11,0.9,1672,0,1
1,32.9905000,-106.9744656,3,1,2026,8,18,1,12,0,16,72,1,0.0000,1,90.00,1,1401.00,11,0.9,1673,0,1
1,32.9905000,-106.9744656,3,1,2026,8,18,1,12,0,16,73,1,0.0000,1,90.00,1,1401.00,11,0.9,1674,0,1
1,32.9905000,-106.9744656,3,1,2026,8,18,1,12,0,16,74,1,0.0000,1,90.00,1,1401.00,11,0.9,1675,0,1
1,32.9905000,-106.9744656,3,1,2026,8,18,1,12,0,16,75,1,0.0000,1,90.00,1,1401.00,11,0.9,1676,0,1
1,32.9905000,-106.9744656,3,1,2026,8,18,1,12,0,16,76,1,0.0000,1,90.00,1,1401.00,11,0.9,1677,0,1
1,32.9905000,-106.9744656,3,1,2026,8,18,1,12,0,16,77,1,0.0000,1,90.00,1,1401.00,11,0.9,1678,0,1
1,32.9905000,-106.9744656,3,1,2026,8,18,1,12,0,16,78,1,0.0000,1,90.00,1,1401.00,11,0.9,1679,0,1
1,32.9905000,-106.9744656,3,1,2026,8,18,1,12,0,16,79,1,0.0000,1,90.00,1,1401.00,11,0.9,1680,0,1
1,32.9905000,-106.9744656,3,1,2026,8,18,1,12,0,16,80,1,0.0000,1,90.00,1,1401.00,11,0.9,1681,0,1
1,32.9905000,-106.9744656,3,1,2026,8,18,1,12,0,16,81,1,0.0000,1,90.00,1,1401.00,11,0.9,1682,0,1
1,32.9905000,-106.9744656,3,1,2026,8,18,1,12,0,16,82,1,0.0000,1,90.00,1,1401.00,11,0.9,1683,0,1
1,32.9905000,-106.9744656,3,1,2026,8,18,1,12,0,16,83,1,0.0000,1,90.00,1,1401.00,11,0.9,1684,0,1
1,32.9905000,-106.9744656,3,1,2026,8,18,1,12,0,16,84,1,0.0000,1,90.00,1,1401.00,11,0.9,1685,0,1
1,32.9905000,-106.9744656,3,1,2026,8,18,1,12,0,16,85,1,0.0000,1,90.00,1,1401.00,11,0.9,1686,0,1
1,32.9905000,-106.9744656,3,1,2026,8,18,1,12,0,16,86,1,0.0000,1,90.00,1,1401.00,11,0.9,1687,0,1
1,32.9905000,-106.9744656,3,1,2026,8,18,1,12,0,16,87,1,0.0000,1,90.00,1,1401.00,11,0.9,1688,0,1
1,32.9905000,-106.9744656,3,1,2026,8,18,1,12,0,16,88,1,0.0000,1,90.00,1,1401.00,11,0.9,1689,0,1
1,32.9905000,-106.9744656,3,1,2026,8,18,1,12,0,16,89,1,0.0000,1,90.00,1,1401.00,11,0.9,1690,0,1
1,32.9905000,-106.9744656,3,1,2026,8,18,1,12,0,16,90,1,0.0000,1,90.00,1,1401.00,11,0.9,1691,0,1
1,32.9905000,-106.9744656,3,1,2026,8,18,1,12,0,16,91,1,0.0000,1,90.00,1,1401.00,11,0.9,1692,0,1
1,32.9905000,-106.9744656,3,1,2026,8,18,1,12,0,16,92,1,0.0000,1,90.00,1,1401.00,11,0.9,1693,0,1
1,32.9905000,-106.9744656,3,1,2026,8,18,1,12,0,16,93,1,0.0000,1,90.00,1,1401.00,11,0.9,1694,0,1
1,32.9905000,-106.9744656,3,1,2026,8,18,1,12,0,16,94,1,0.0000,1,90.00,1,1401.00,11,0.9,1695,0,1
1,32.9905000,-106.9744656,3,1,2026,8,18,1,12,0,16,95,1,0.0000,1,90.00,1,1401.00,11,0.9,1696,0,1
1,32.9905000,-106.9744656,3,1,2026,8,18,1,12,0,16,96,1,0.0000,1,90.00,1,1401.00,11,0.9,1697,0,1
1,32.9905000,-106.9744656,3,1,2026,8,18,1,12,0,16,97,1,0.0000,1,90.00,1,1401.00,11,0.9,1698,0,1
1,32.9905000,-106.9744656,3,1,2026,8,18,1,12,0,16,98,1,0.0000,1,90.00,1,1401.00,11,0.9,1699,0,1
1,32.9905000,-106.9744656,3,1,2026,8,18,1,12,0,16,99,1,0.0000,1,90.00,1,1401.00,11,0.9,1700,0,1
1,32.9905000,-106.9744656,3,1,2026,8,18,1,12,0,17,0,1,0.0000,1,90.00,1,1401.00,11,0.9,1701,0,1
1,32.9905000,-106.9744656,3,1,2026,8,18,1,12,0,17,1,1,0.0000,1,90.00,1,1401.00,11,0.9,1702,0,1
1,32.9905000,-106.9744656,3,1,2026,8,18,1,12,0,17,2,1,0.0000,1,90.00,1,1401.00,11,0.9,1703,0,1
1,32.9905000,-106.9744656,3,1,2026,8,18,1,12,0,17,3,1,0.0000,1,90.00,1,1401.00,11,0.9,1704,0,1
1,32.9905000,-106.9744656,3,1,2026,8,18,1,12,0,17,4,1,0.0000,1,90.00,1,1401.00,11,0.9,1705,0,1
1,32.9905000,-106.9744656,3,1,2026,8,18,1,12,0,17,5,1,0.0000,1,90.00,1,1401.00,11,0.9,1706,0,1
1,32.9905000,-106.9744656,3,1,2026,8,18,1,12,0,17,6,1,0.0000,1,90.00,1,1401.00,11,0.9,1707,0,1
1,32.9905000,-106.9744656,3,1,2026,8,18,1,12,0,17,7,1,0.0000,1,90.00,1,1401.00,11,0.9,1708,0,1
1,32.9905000,-106.9744656,3,1,2026,8,18,1,12,0,17,8,1,0.0000,1,90.00,1,1401.00,11,0.9,1709,0,1
1,32.9905000,-106.9744656,3,1,2026,8,18,1,12,0,17,9,1,0.0000,1,90.00,1,1401.00,11,0.9,1710,0,1
1,32.9905000,-106.9744656,3,1,2026,8,18,1,12,0,17,10,1,0.0000,1,90.00,1,1401.00,11,0.9,1711,0,1
1,32.9905000,-106.9744656,3,1,2026,8,18,1,12,0,17,11,1,0.0000,1,90.00,1,1401.00,11,0.9,1712,0,1
1,32.9905000,-106.9744656,3,1,2026,8,18,1,12,0,17,12,1,0.0000,1,90.00,1,1401.00,11,0.9,1713,0,1
1,32.9905000,-106.9744656,3,1,2026,8,18,1,12,0,17,13,1,0.0000,1,90.00,1,1401.00,11,0.9,1714,0,1
1,32.9905000,-106.9744656,3,1,2026,8,18,1,12,0,17,14,1,0.0000,1,90.00,1,1401.00,11,0.9,1715,0,1
1,32.9905000,-106.9744656,3,1,2026,8,18,1,12,0,17,15,1,0.0000,1,90.00,1,1401.00,11,0.9,1716,0,1
1,32.9905000,-106.9744656,3,1,2026,8,18,1,12,0,17,16,1,0.0000,1,90.00,1,1401.00,11,0.9,1717,0,1
1,32.9905000,-106.9744656,3,1,2026,8,18,1,12,0,17,17,1,0.0000,1,90.00,1,1401.00,11,0.9,1718,0,1
1,32.9905000,-106.9744656,3,1,2026,8,18,1,12,0,17,18,1,0.0000,1,90.00,1,1401.00,11,0.9,1719,0,1
1,32.9905000,-106.9744656,3,1,2026,8,18,1,12,0,17,19,1,0.0000,1,90.00,1,1401.00,11,0.9,1720,0,1
1,32.9905000,-106.9744656,3,1,2026,8,18,1,12,0,17,20,1,0.0000,1,90.00,1,1401.00,11,0.9,1721,0,1
1,32.9905000,-106.9744656,3,1,2026,8,18,1,12,0,17,21,1,0.0000,1,90.00,1,1401.00,11,0.9,1722,0,1
1,32.9905000,-106.9744656,3,1,2026,8,18,1,12,0,17,22,1,0.0000,1,90.00,1,1401.00,11,0.9,1723,0,1
1,32.9905000,-106.9744656,3,1,2026,8,18,1,12,0,17,23,1,0.0000,1,90.00,1,1401.00,11,0.9,1724,0,1
1,32.9905000,-106.9744656,3,1,2026,8,18,1,12,0,17,24,1,0.0000,1,90.00,1,1401.00,11,0.9,1725,0,1
1,32.9905000,-106.9744656,3,1,2026,8,18,1,12,0,17,25,1,0.0000,1,90.00,1,1401.00,11,0.9,1726,0,1
1,32.9905000,-106.9744656,3,1,2026,8,18,1,12,0,17,26,1,0.0000,1,90.00,1,1401.00,11,0.9,1727,0,1
1,32.9905000,-106.9744656,3,1,2026,8,18,1,12,0,17,27,1,0.0000,1,90.00,1,1401.00,11,0.9,1728,0,1
1,32.9905000,-106.9744656,3,1,2026,8,18,1,12,0,17,28,1,0.0000,1,90.00,1,1401.00,11,0.9,1729,0,1
1,32.9905000,-106.9744656,3,1,2026,8,18,1,12,0,17,29,1,0.0000,1,90.00,1,1401.00,11,0.9,1730,0,1
1,32.9905000,-106.9744656,3,1,2026,8,18,1,12,0,17,30,1,0.0000,1,90.00,1,1401.00,11,0.9,1731,0,1
1,32.9905000,-106.9744656,3,1,2026,8,18,1,12,0,17,31,1,0.0000,1,90.00,1,1401.00,11,0.9,1732,0,1
1,32.9905000,-106.9744656,3,1,2026,8,18,1,12,0,17,32,1,0.0000,1,90.00,1,1401.00,11,0.9,1733,0,1
1,32.9905000,-106.9744656,3,1,2026,8,18,1,12,0,17,33,1,0.0000,1,90.00,1,1401.00,11,0.9,1734,0,1
1,32.9905000,-106.9744656,3,1,2026,8,18,1,12,0,17,34,1,0.0000,1,90.00,1,1401.00,11,0.9,1735,0,1
1,32.9905000,-106.9744656,3,1,2026,8,18,1,12,0,17,35,1,0.0000,1,90.00,1,1401.00,11,0.9,1736,0,1
1,32.9905000,-106.9744656,3,1,2026,8,18,1,12,0,17,36,1,0.0000,1,90.00,1,1401.00,11,0.9,1737,0,1
1,32.9905000,-106.9744656,3,1,2026,8,18,1,12,0,17,37,1,0.0000,1,90.00,1,1401.00,11,0.9,1738,0,1
1,32.9905000,-106.9744656,3,1,2026,8,18,1,12,0,17,38,1,0.0000,1,90.00,1,1401.00,11,0.9,1739,0,1
1,32.9905000,-106.9744656,3,1,2026,8,18,1,12,0,17,39,1,0.0000,1,90.00,1,1401.00,11,0.9,1740,0,1
1,32.9905000,-106.9744656,3,1,2026,8,18,1,12,0,17,40,1,0.0000,1,90.00,1,1401.00,11,0.9,1741,0,1
1,32.9905000,-106.9744656,3,1,2026,8,18,1,12,0,17,41,1,0.0000,1,90.00,1,1401.00,11,0.9,1742,0,1
1,32.9905000,-106.9744656,3,1,2026,8,18,1,12,0,17,42,1,0.0000,1,90.00,1,1401.00,11,0.9,1743,0,1
1,32.9905000,-106.9744656,3,1,2026,8,18,1,12,0,17,43,1,0.0000,1,90.00,1,1401.00,11,0.9,1744,0,1
1,32.9905000,-106.9744656,3,1,2026,8,18,1,12,0,17,44,1,0.0000,1,90.00,1,1401.00,11,0.9,1745,0,1
1,32.9905000,-106.9744656,3,1,2026,8,18,1,12,0,17,45,1,0.0000,1,90.00,1,1401.00,11,0.9,1746,0,1
1,32.9905000,-106.9744656,3,1,2026,8,18,1,12,0,17,46,1,0.0000,1,90.00,1,1401.00,11,0.9,1747,0,1
1,32.9905000,-106.9744656,3,1,2026,8,18,1,12,0,17,47,1,0.0000,1,90.00,1,1401.00,11,0.9,1748,0,1
1,32.9905000,-106.9744656,3,1,2026,8,18,1,12,0,17,48,1,0.0000,1,90.00,1,1401.00,11,0.9,1749,0,1
1,32.9905000,-106.9744656,3,1,2026,8,18,1,12,0,17,49,1,0.0000,1,90.00,1,1401.00,11,0.9,1750,0,1
1,32.9905000,-106.9744656,3,1,2026,8,18,1,12,0,17,50,1,0.0000,1,90.00,1,1401.00,11,0.9,1751,0,1
1,32.9905000,-106.9744656,3,1,2026,8,18,1,12,0,17,51,1,0.0000,1,90.00,1,1401.00,11,0.9,1752,0,1
1,32.9905000,-106.9744656,3,1,2026,8,18,1,12,0,17,52,1,0.0000,1,90.00,1,1401.00,11,0.9,1753,0,1
1,32.9905000,-106.9744656,3,1,2026,8,18,1,12,0,17,53,1,0.0000,1,90.00,1,1401.00,11,0.9,1754,0,1
1,32.9905000,-106.9744656,3,1,2026,8,18,1,12,0,17,54,1,0.0000,1,90.00,1,1401.00,11,0.9,1755,0,1
1,32.9905000,-106.9744656,3,1,2026,8,18,1,12,0,17,55,1,0.0000,1,90.00,1,1401.00,11,0.9,1756,0,1
1,32.9905000,-106.9744656,3,1,2026,8,18,1,12,0,17,56,1,0.0000,1,90.00,1,1401.00,11,0.9,1757,0,1
1,32.9905000,-106.9744656,3,1,2026,8,18,1,12,0,17,57,1,0.0000,1,90.00,1,1401.00,11,0.9,1758,0,1
1,32.9905000,-106.9744656,3,1,2026,8,18,1,12,0,17,58,1,0.0000,1,90.00,1,1401.00,11,0.9,1759,0,1
1,32.9905000,-106.9744656,3,1,2026,8,18,1,12,0,17,59,1,0.0000,1,90.00,1,1401.00,11,0.9,1760,0,1
1,32.9905000,-106.9744656,3,1,2026,8,18,1,12,0,17,60,1,0.0000,1,90.00,1,1401.00,11,0.9,1761,0,1
1,32.9905000,-106.9744656,3,1,2026,8,18,1,12,0,17,61,1,0.0000,1,90.00,1,1401.00,11,0.9,1762,0,1
1,32.9905000,-106.9744656,3,1,2026,8,18,1,12,0,17,62,1,0.0000,1,90.00,1,1401.00,11,0.9,1763,0,1
1,32.9905000,-106.9744656,3,1,2026,8,18,1,12,0,17,63,1,0.0000,1,90.00,1,1401.00,11,0.9,1764,0,1
1,32.9905000,-106.9744656,3,1,2026,8,18,1,12,0,17,64,1,0.0000,1,90.00,1,1401.00,11,0.9,1765,0,1
1,32.9905000,-106.9744656,3,1,2026,8,18,1,12,0,17,65,1,0.0000,1,90.00,1,1401.00,11,0.9,1766,0,1
1,32.9905000,-106.9744656,3,1,2026,8,18,1,12,0,17,66,1,0.0000,1,90.00,1,1401.00,11,0.9,1767,0,1
1,32.9905000,-106.9744656,3,1,2026,8,18,1,12,0,17,67,1,0.0000,1,90.00,1,1401.00,11,0.9,1768,0,1
1,32.9905000,-106.9744656,3,1,2026,8,18,1,12,0,17,68,1,0.0000,1,90.00,1,1401.00,11,0.9,1769,0,1
1,32.9905000,-106.9744656,3,1,2026,8,18,1,12,0,17,69,1,0.0000,1,90.00,1,1401.00,11,0.9,1770,0,1
1,32.9905000,-106.9744656,3,1,2026,8,18,1,12,0,17,70,1,0.0000,1,90.00,1,1401.00,11,0.9,1771,0,1
1,32.9905000,-106.9744656,3,1,2026,8,18,1,12,0,17,71,1,0.0000,1,90.00,1,1401.00,11,0.9,1772,0,1
1,32.9905000,-106.9744656,3,1,2026,8,18,1,12,0,17,72,1,0.0000,1,90.00,1,1401.00,11,0.9,1773,0,1
1,32.9905000,-106.9744656,3,1,2026,8,18,1,12,0,17,73,1,0.0000,1,90.00,1,1401.00,11,0.9,1774,0,1
1,32.9905000,-106.9744656,3,1,2026,8,18,1,12,0,17,74,1,0.0000,1,90.00,1,1401.00,11,0.9,1775,0,1
1,32.9905000,-106.9744656,3,1,2026,8,18,1,12,0,17,75,1,0.0000,1,90.00,1,1401.00,11,0.9,1776,0,1
1,32.9905000,-106.9744656,3,1,2026,8,18,1,12,0,17,76,1,0.0000,1,90.00,1,1401.00,11,0.9,1777,0,1
1,32.9905000,-106.9744656,3,1,2026,8,18,1,12,0,17,77,1,0.0000,1,90.00,1,1401.00,11,0.9,1778,0,1
1,32.9905000,-106.9744656,3,1,2026,8,18,1,12,0,17,78,1,0.0000,1,90.00,1,1401.00,11,0.9,1779,0,1
1,32.9905000,-106.9744656,3,1,2026,8,18,1,12,0,17,79,1,0.0000,1,90.00,1,1401.00,11,0.9,1780,0,1
1,32.9905000,-106.9744656,3,1,2026,8,18,1,12,0,17,80,1,0.0000,1,90.00,1,1401.00,11,0.9,1781,0,1
1,32.9905000,-106.9744656,3,1,2026,8,18,1,12,0,17,81,1,0.0000,1,90.00,1,1401.00,11,0.9,1782,0,1
1,32.9905000,-106.9744656,3,1,2026,8,18,1,12,0,17,82,1,0.0000,1,90.00,1,1401.00,11,0.9,1783,0,1
1,32.9905000,-106.9744656,3,1,2026,8,18,1,12,0,17,83,1,0.0000,1,90.00,1,1401.00,11,0.9,1784,0,1
1,32.9905000,-106.9744656,3,1,2026,8,18,1,12,0,17,84,1,0.0000,1,90.00,1,1401.00,11,0.9,1785,0,1
1,32.9905000,-106.9744656,3,1,2026,8,18,1,12,0,17,85,1,0.0000,1,90.00,1,1401.00,11,0.9,1786,0,1
1,32.9905000,-106.9744656,3,1,2026,8,18,1,12,0,17,86,1,0.0000,1,90.00,1,1401.00,11,0.9,1787,0,1
1,32.9905000,-106.9744656,3,1,2026,8,18,1,12,0,17,87,1,0.0000,1,90.00,1,1401.00,11,0.9,1788,0,1
1,32.9905000,-106.9744656,3,1,2026,8,18,1,12,0,17,88,1,0.0000,1,90.00,1,1401.00,11,0.9,1789,0,1
1,32.9905000,-106.9744656,3,1,2026,8,18,1,12,0,17,89,1,0.0000,1,90.00,1,1401.00,11,0.9,1790,0,1
1,32.9905000,-106.9744656,3,1,2026,8,18,1,12,0,17,90,1,0.0000,1,90.00,1,1401.00,11,0.9,1791,0,1
1,32.9905000,-106.9744656,3,1,2026,8,18,1,12,0,17,91,1,0.0000,1,90.00,1,1401.00,11,0.9,1792,0,1
1,32.9905000,-106.9744656,3,1,2026,8,18,1,12,0,17,92,1,0.0000,1,90.00,1,1401.00,11,0.9,1793,0,1
1,32.9905000,-106.9744656,3,1,2026,8,18,1,12,0,17,93,1,0.0000,1,90.00,1,1401.00,11,0.9,1794,0,1
1,32.9905000,-106.9744656,3,1,2026,8,18,1,12,0,17,94,1,0.0000,1,90.00,1,1401.00,11,0.9,1795,0,1
1,32.9905000,-106.9744656,3,1,2026,8,18,1,12,0,17,95,1,0.0000,1,90.00,1,1401.00,11,0.9,1796,0,1
1,32.9905000,-106.9744656,3,1,2026,8,18,1,12,0,17,96,1,0.0000,1,90.00,1,1401.00,11,0.9,1797,0,1
1,32.9905000,-106.9744656,3,1,2026,8,18,1,12,0,17,97,1,0.0000,1,90.00,1,1401.00,11,0.9,1798,0,1
1,32.9905000,-106.9744656,3,1,2026,8,18,1,12,0,17,98,1,0.0000,1,90.00,1,1401.00,11,0.9,1799,0,1
1,32.9905000,-106.9744656,3,1,2026,8,18,1,12,0,17,99,1,0.0000,1,90.00,1,1401.00,11,0.9,1800,0,1
1,32.9905000,-106.9744656,3,1,2026,8,18,1,12,0,18,0,1,0.0000,1,90.00,1,1401.00,11,0.9,1801,0,1
1,32.9905000,-106.9744656,3,1,2026,8,18,1,12,0,18,1,1,0.0000,1,90.00,1,1401.00,11,0.9,1802,0,1
1,32.9905000,-106.9744656,3,1,2026,8,18,1,12,0,18,2,1,0.0000,1,90.00,1,1401.00,11,0.9,1803,0,1
1,32.9905000,-106.9744656,3,1,2026,8,18,1,12,0,18,3,1,0.0000,1,90.00,1,1401.00,11,0.9,1804,0,1
1,32.9905000,-106.9744656,3,1,2026,8,18,1,12,0,18,4,1,0.0000,1,90.00,1,1401.00,11,0.9,1805,0,1
1,32.9905000,-106.9744656,3,1,2026,8,18,1,12,0,18,5,1,0.0000,1,90.00,1,1401.00,11,0.9,1806,0,1
1,32.9905000,-106.9744656,3,1,2026,8,18,1,12,0,18,6,1,0.0000,1,90.00,1,1401.00,11,0.9,1807,0,1
1,32.9905000,-106.9744656,3,1,2026,8,18,1,12,0,18,7,1,0.0000,1,90.00,1,1401.00,11,0.9,1808,0,1
1,32.9905000,-106.9744656,3,1,2026,8,18,1,12,0,18,8,1,0.0000,1,90.00,1,1401.00,11,0.9,1809,0,1
1,32.9905000,-106.9744656,3,1,2026,8,18,1,12,0,18,9,1,0.0000,1,90.00,1,1401.00,11,0.9,1810,0,1
1,32.9905000,-106.9744656,3,1,2026,8,18,1,12,0,18,10,1,0.0000,1,90.00,1,1401.00,11,0.9,1811,0,1
1,32.9905000,-106.9744656,3,1,2026,8,18,1,12,0,18,11,1,0.0000,1,90.00,1,1401.00,11,0.9,1812,0,1
1,32.9905000,-106.9744656,3,1,2026,8,18,1,12,0,18,12,1,0.0000,1,90.00,1,1401.00,11,0.9,1813,0,1
1,32.9905000,-106.9744656,3,1,2026,8,18,1,12,0,18,13,1,0.0000,1,90.00,1,1401.00,11,0.9,1814,0,1
1,32.9905000,-106.9744656,3,1,2026,8,18,1,12,0,18,14,1,0.0000,1,90.00,1,1401.00,11,0.9,1815,0,1
1,32.9905000,-106.9744656,3,1,2026,8,18,1,12,0,18,15,1,0.0000,1,90.00,1,1401.00,11,0.9,1816,0,1
1,32.9905000,-106.9744656,3,1,2026,8,18,1,12,0,18,16,1,0.0000,1,90.00,1,1401.00,11,0.9,1817,0,1
1,32.9905000,-106.9744656,3,1,2026,8,18,1,12,0,18,17,1,0.0000,1,90.00,1,1401.00,11,0.9,1818,0,1
1,32.9905000,-106.9744656,3,1,2026,8,18,1,12,0,18,18,1,0.0000,1,90.00,1,1401.00,11,0.9,1819,0,1
1,32.9905000,-106.9744656,3,1,2026,8,18,1,12,0,18,19,1,0.0000,1,90.00,1,1401.00,11,0.9,1820,0,1
1,32.9905000,-106.9744656,3,1,2026,8,18,1,12,0,18,20,1,0.0000,1,90.00,1,1401.00,11,0.9,1821,0,1
1,32.9905000,-106.9744656,3,1,2026,8,18,1,12,0,18,21,1,0.0000,1,90.00,1,1401.00,11,0.9,1822,0,1
1,32.9905000,-106.9744656,3,1,2026,8,18,1,12,0,18,22,1,0.0000,1,90.00,1,1401.00,11,0.9,1823,0,1
1,32.9905000,-106.9744656,3,1,2026,8,18,1,12,0,18,23,1,0.0000,1,90.00,1,1401.00,11,0.9,1824,0,1
1,32.9905000,-106.9744656,3,1,2026,8,18,1,12,0,18,24,1,0.0000,1,90.00,1,1401.00,11,0.9,1825,0,1
1,32.9905000,-106.9744656,3,1,2026,8,18,1,12,0,18,25,1,0.0000,1,90.00,1,1401.00,11,0.9,1826,0,1
1,32.9905000,-106.9744656,3,1,2026,8,18,1,12,0,18,26,1,0.0000,1,90.00,1,1401.00,11,0.9,1827,0,1
1,32.9905000,-106.9744656,3,1,2026,8,18,1,12,0,18,27,1,0.0000,1,90.00,1,1401.00,11,0.9,1828,0,1
1,32.9905000,-106.9744656,3,1,2026,8,18,1,12,0,18,28,1,0.0000,1,90.00,1,1401.00,11,0.9,1829,0,1
1,32.9905000,-106.9744656,3,1,2026,8,18,1,12,0,18,29,1,0.0000,1,90.00,1,1401.00,11,0.9,1830,0,1
1,32.9905000,-106.9744656,3,1,2026,8,18,1,12,0,18,30,1,0.0000,1,90.00,1,1401.00,11,0.9,1831,0,1
1,32.9905000,-106.9744656,3,1,2026,8,18,1,12,0,18,31,1,0.0000,1,90.00,1,1401.00,11,0.9,1832,0,1
1,32.9905000,-106.9744656,3,1,2026,8,18,1,12,0,18,32,1,0.0000,1,90.00,1,1401.00,11,0.9,1833,0,1
1,32.9905000,-106.9744656,3,1,2026,8,18,1,12,0,18,33,1,0.0000,1,90.00,1,1401.00,11,0.9,1834,0,1
1,32.9905000,-106.9744656,3,1,2026,8,18,1,12,0,18,34,1,0.0000,1,90.00,1,1401.00,11,0.9,1835,0,1
1,32.9905000,-106.9744656,3,1,2026,8,18,1,12,0,18,35,1,0.0000,1,90.00,1,1401.00,11,0.9,1836,0,1
1,32.9905000,-106.9744656,3,1,2026,8,18,1,12,0,18,36,1,0.0000,1,90.00,1,1401.00,11,0.9,1837,0,1
1,32.9905000,-106.9744656,3,1,2026,8,18,1,12,0,18,37,1,0.0000,1,90.00,1,1401.00,11,0.9,1838,0,1
1,32.9905000,-106.9744656,3,1,2026,8,18,1,12,0,18,38,1,0.0000,1,90.00,1,1401.00,11,0.9,1839,0,1
1,32.9905000,-106.9744656,3,1,2026,8,18,1,12,0,18,39,1,0.0000,1,90.00,1,1401.00,11,0.9,1840,0,1
1,32.9905000,-106.9744656,3,1,2026,8,18,1,12,0,18,40,1,0.0000,1,90.00,1,1401.00,11,0.9,1841,0,1
1,32.9905000,-106.9744656,3,1,2026,8,18,1,12,0,18,41,1,0.0000,1,90.00,1,1401.00,11,0.9,1842,0,1
1,32.9905000,-106.9744656,3,1,2026,8,18,1,12,0,18,42,1,0.0000,1,90.00,1,1401.00,11,0.9,1843,0,1
1,32.9905000,-106.9744656,3,1,2026,8,18,1,12,0,18,43,1,0.0000,1,90.00,1,1401.00,11,0.9,1844,0,1
1,32.9905000,-106.9744656,3,1,2026,8,18,1,12,0,18,44,1,0.0000,1,90.00,1,1401.00,11,0.9,1845,0,1
1,32.9905000,-106.9744656,3,1,2026,8,18,1,12,0,18,45,1,0.0000,1,90.00,1,1401.00,11,0.9,1846,0,1
1,32.9905000,-106.9744656,3,1,2026,8,18,1,12,0,18,46,1,0.0000,1,90.00,1,1401.00,11,0.9,1847,0,1
1,32.9905000,-106.9744656,3,1,2026,8,18,1,12,0,18,47,1,0.0000,1,90.00,1,1401.00,11,0.9,1848,0,1
1,32.9905000,-106.9744656,3,1,2026,8,18,1,12,0,18,48,1,0.0000,1,90.00,1,1401.00,11,0.9,1849,0,1
1,32.9905000,-106.9744656,3,1,2026,8,18,1,12,0,18,49,1,0.0000,1,90.00,1,1401.00,11,0.9,1850,0,1
1,32.9905000,-106.9744656,3,1,2026,8,18,1,12,0,18,50,1,0.0000,1,90.00,1,1401.00,11,0.9,1851,0,1
1,32.9905000,-106.9744656,3,1,2026,8,18,1,12,0,18,51,1,0.0000,1,90.00,1,1401.00,11,0.9,1852,0,1
1,32.9905000,-106.9744656,3,1,2026,8,18,1,12,0,18,52,1,0.0000,1,90.00,1,1401.00,11,0.9,1853,0,1
1,32.9905000,-106.9744656,3,1,2026,8,18,1,12,0,18,53,1,0.0000,1,90.00,1,1401.00,11,0.9,1854,0,1
1,32.9905000,-106.9744656,3,1,2026,8,18,1,12,0,18,54,1,0.0000,1,90.00,1,1401.00,11,0.9,1855,0,1
1,32.9905000,-106.9744656,3,1,2026,8,18,1,12,0,18,55,1,0.0000,1,90.00,1,1401.00,11,0.9,1856,0,1
1,32.9905000,-106.9744656,3,1,2026,8,18,1,12,0,18,56,1,0.0000,1,90.00,1,1401.00,11,0.9,1857,0,1
1,32.9905000,-106.9744656,3,1,2026,8,18,1,12,0,18,57,1,0.0000,1,90.00,1,1401.00,11,0.9,1858,0,1
1,32.9905000,-106.9744656,3,1,2026,8,18,1,12,0,18,58,1,0.0000,1,90.00,1,1401.00,11,0.9,1859,0,1
1,32.9905000,-106.9744656,3,1,2026,8,18,1,12,0,18,59,1,0.0000,1,90.00,1,1401.00,11,0.9,1860,0,1
1,32.9905000,-106.9744656,3,1,2026,8,18,1,12,0,18,60,1,0.0000,1,90.00,1,1401.00,11,0.9,1861,0,1
1,32.9905000,-106.9744656,3,1,2026,8,18,1,12,0,18,61,1,0.0000,1,90.00,1,1401.00,11,0.9,1862,0,1
1,32.9905000,-106.9744656,3,1,2026,8,18,1,12,0,18,62,1,0.0000,1,90.00,1,1401.00,11,0.9,1863,0,1
1,32.9905000,-106.9744656,3,1,2026,8,18,1,12,0,18,63,1,0.0000,1,90.00,1,1401.00,11,0.9,1864,0,1
1,32.9905000,-106.9744656,3,1,2026,8,18,1,12,0,18,64,1,0.0000,1,90.00,1,1401.00,11,0.9,1865,0,1
1,32.9905000,-106.9744656,3,1,2026,8,18,1,12,0,18,65,1,0.0000,1,90.00,1,1401.00,11,0.9,1866,0,1
1,32.9905000,-106.9744656,3,1,2026,8,18,1,12,0,18,66,1,0.0000,1,90.00,1,1401.00,11,0.9,1867,0,1
1,32.9905000,-106.9744656,3,1,2026,8,18,1,12,0,18,67,1,0.0000,1,90.00,1,1401.00,11,0.9,1868,0,1
1,32.9905000,-106.9744656,3,1,2026,8,18,1,12,0,18,68,1,0.0000,1,90.00,1,1401.00,11,0.9,1869,0,1
1,32.9905000,-106.9744656,3,1,2026,8,18,1,12,0,18,69,1,0.0000,1,90.00,1,1401.00,11,0.9,1870,0,1
1,32.9905000,-106.9744656,3,1,2026,8,18,1,12,0,18,70,1,0.0000,1,90.00,1,1401.00,11,0.9,1871,0,1
1,32.9905000,-106.9744656,3,1,2026,8,18,1,12,0,18,71,1,0.0000,1,90.00,1,1401.00,11,0.9,1872,0,1
1,32.9905000,-106.9744656,3,1,2026,8,18,1,12,0,18,72,1,0.0000,1,90.00,1,1401.00,11,0.9,1873,0,1
1,32.9905000,-106.9744656,3,1,2026,8,18,1,12,0,18,73,1,0.0000,1,90.00,1,1401.00,11,0.9,1874,0,1
1,32.9905000,-106.9744656,3,1,2026,8,18,1,12,0,18,74,1,0.0000,1,90.00,1,1401.00,11,0.9,1875,0,1
1,32.9905000,-106.9744656,3,1,2026,8,18,1,12,0,18,75,1,0.0000,1,90.00,1,1401.00,11,0.9,1876,0,1
1,32.9905000,-106.9744656,3,1,2026,8,18,1,12,0,18,76,1,0.0000,1,90.00,1,1401.00,11,0.9,1877,0,1
1,32.9905000,-106.9744656,3,1,2026,8,18,1,12,0,18,77,1,0.0000,1,90.00,1,1401.00,11,0.9,1878,0,1
1,32.9905000,-106.9744656,3,1,2026,8,18,1,12,0,18,78,1,0.0000,1,90.00,1,1401.00,11,0.9,1879,0,1
1,32.9905000,-106.9744656,3,1,2026,8,18,1,12,0,18,79,1,0.0000,1,90.00,1,1401.00,11,0.9,1880,0,1
1,32.9905000,-106.9744656,3,1,2026,8,18,1,12,0,18,80,1,0.0000,1,90.00,1,1401.00,11,0.9,1881,0,1
1,32.9905000,-106.9744656,3,1,2026,8,18,1,12,0,18,81,1,0.0000,1,90.00,1,1401.00,11,0.9,1882,0,1
1,32.9905000,-106.9744656,3,1,2026,8,18,1,12,0,18,82,1,0.0000,1,90.00,1,1401.00,11,0.9,1883,0,1
1,32.9905000,-106.9744656,3,1,2026,8,18,1,12,0,18,83,1,0.0000,1,90.00,1,1401.00,11,0.9,1884,0,1
1,32.9905000,-106.9744656,3,1,2026,8,18,1,12,0,18,84,1,0.0000,1,90.00,1,1401.00,11,0.9,1885,0,1
1,32.9905000,-106.9744656,3,1,2026,8,18,1,12,0,18,85,1,0.0000,1,90.00,1,1401.00,11,0.9,1886,0,1
1,32.9905000,-106.9744656,3,1,2026,8,18,1,12,0,18,86,1,0.0000,1,90.00,1,1401.00,11,0.9,1887,0,1
1,32.9905000,-106.9744656,3,1,2026,8,18,1,12,0,18,87,1,0.0000,1,90.00,1,1401.00,11,0.9,1888,0,1
1,32.9905000,-106.9744656,3,1,2026,8,18,1,12,0,18,88,1,0.0000,1,90.00,1,1401.00,11,0.9,1889,0,1
1,32.9905000,-106.9744656,3,1,2026,8,18,1,12,0,18,89,1,0.0000,1,90.00,1,1401.00,11,0.9,1890,0,1
1,32.9905000,-106.9744656,3,1,2026,8,18,1,12,0,18,90,1,0.0000,1,90.00,1,1401.00,11,0.9,1891,0,1
1,32.9905000,-106.9744656,3,1,2026,8,18,1,12,0,18,91,1,0.0000,1,90.00,1,1401.00,11,0.9,1892,0,1
1,32.9905000,-106.9744656,3,1,2026,8,18,1,12,0,18,92,1,0.0000,1,90.00,1,1401.00,11,0.9,1893,0,1
1,32.9905000,-106.9744656,3,1,2026,8,18,1,12,0,18,93,1,0.0000,1,90.00,1,1401.00,11,0.9,1894,0,1
1,32.9905000,-106.9744656,3,1,2026,8,18,1,12,0,18,94,1,0.0000,1,90.00,1,1401.00,11,0.9,1895,0,1
1,32.9905000,-106.9744656,3,1,2026,8,18,1,12,0,18,95,1,0.0000,1,90.00,1,1401.00,11,0.9,1896,0,1
1,32.9905000,-106.9744656,3,1,2026,8,18,1,12,0,18,96,1,0.0000,1,90.00,1,1401.00,11,0.9,1897,0,1
1,32.9905000,-106.9744656,3,1,2026,8,18,1,12,0,18,97,1,0.0000,1,90.00,1,1401.00,11,0.9,1898,0,1
1,32.9905000,-106.9744656,3,1,2026,8,18,1,12,0,18,98,1,0.0000,1,90.00,1,1401.00,11,0.9,1899,0,1
1,32.9905000,-106.9744656,3,1,2026,8,18,1,12,0,18,99,1,0.0000,1,90.00,1,1401.00,11,0.9,1900,0,1
1,32.9905000,-106.9744656,3,1,2026,8,18,1,12,0,19,0,1,0.0000,1,90.00,1,1401.00,3,0.9,1901,0,1
1,32.9905000,-106.9744656,3,1,2026,8,18,1,12,0,19,1,1,0.0000,1,90.00,1,1401.00,3,0.9,1902,0,1
1,32.9905000,-106.9744656,3,1,2026,8,18,1,12,0,19,2,1,0.0000,1,90.00,1,1401.00,3,0.9,1903,0,1
1,32.9905000,-106.9744656,3,1,2026,8,18,1,12,0,19,3,1,0.0000,1,90.00,1,1401.00,3,0.9,1904,0,1
1,32.9905000,-106.9744656,3,1,2026,8,18,1,12,0,19,4,1,0.0000,1,90.00,1,1401.00,3,0.9,1905,0,1
1,32.9905000,-106.9744656,3,1,2026,8,18,1,12,0,19,5,1,0.0000,1,90.00,1,1401.00,3,0.9,1906,0,1
1,32.9905000,-106.9744656,3,1,2026,8,18,1,12,0,19,6,1,0.0000,1,90.00,1,1401.00,3,0.9,1907,0,1
1,32.9905000,-106.9744656,3,1,2026,8,18,1,12,0,19,7,1,0.0000,1,90.00,1,1401.00,3,0.9,1908,0,1
1,32.9905000,-106.9744656,3,1,2026,8,18,1,12,0,19,8,1,0.0000,1,90.00,1,1401.00,3,0.9,1909,0,1
1,32.9905000,-106.9744656,3,1,2026,8,18,1,12,0,19,9,1,0.0000,1,90.00,1,1401.00,3,0.9,1910,0,1
1,32.9905000,-106.9744656,3,1,2026,8,18,1,12,0,19,10,1,0.0000,1,90.00,1,1401.00,3,0.9,1911,0,1
1,32.9905000,-106.9744656,3,1,2026,8,18,1,12,0,19,11,1,0.0000,1,90.00,1,1401.00,3,0.9,1912,0,1
1,32.9905000,-106.9744656,3,1,2026,8,18,1,12,0,19,12,1,0.0000,1,90.00,1,1401.00,3,0.9,1913,0,1
1,32.9905000,-106.9744656,3,1,2026,8,18,1,12,0,19,13,1,0.0000,1,90.00,1,1401.00,3,0.9,1914,0,1
1,32.9905000,-106.9744656,3,1,2026,8,18,1,12,0,19,14,1,0.0000,1,90.00,1,1401.00,3,0.9,1915,0,1
1,32.9905000,-106.9744656,3,1,2026,8,18,1,12,0,19,15,1,0.0000,1,90.00,1,1401.00,3,0.9,1916,0,1
1,32.9905000,-106.9744656,3,1,2026,8,18,1,12,0,19,16,1,0.0000,1,90.00,1,1401.00,3,0.9,1917,0,1
1,32.9905000,-106.9744656,3,1,2026,8,18,1,12,0,19,17,1,0.0000,1,90.00,1,1401.00,3,0.9,1918,0,1
1,32.9905000,-106.9744656,3,1,2026,8,18,1,12,0,19,18,1,0.0000,1,90.00,1,1401.00,3,0.9,1919,0,1
1,32.9905000,-106.9744656,3,1,2026,8,18,1,12,0,19,19,1,0.0000,1,90.00,1,1401.00,3,0.9,1920,0,1
1,32.9905000,-106.9744656,3,1,2026,8,18,1,12,0,19,20,1,0.0000,1,90.00,1,1401.00,3,0.9,1921,0,1
1,32.9905000,-106.9744656,3,1,2026,8,18,1,12,0,19,21,1,0.0000,1,90.00,1,1401.00,3,0.9,1922,0,1
1,32.9905000,-106.9744656,3,1,2026,8,18,1,12,0,19,22,1,0.0000,1,90.00,1,1401.00,3,0.9,1923,0,1
1,32.9905000,-106.9744656,3,1,2026,8,18,1,12,0,19,23,1,0.0000,1,90.00,1,1401.00,3,0.9,1924,0,1
1,32.9905000,-106.9744656,3,1,2026,8,18,1,12,0,19,24,1,0.0000,1,90.00,1,1401.00,3,0.9,1925,0,1
1,32.9905000,-106.9744656,3,1,2026,8,18,1,12,0,19,25,1,0.0000,1,90.00,1,1401.00,3,0.9,1926,0,1
1,32.9905000,-106.9744656,3,1,2026,8,18,1,12,0,19,26,1,0.0000,1,90.00,1,1401.00,3,0.9,1927,0,1
1,32.9905000,-106.9744656,3,1,2026,8,18,1,12,0,19,27,1,0.0000,1,90.00,1,1401.00,3,0.9,1928,0,1
1,32.9905000,-106.9744656,3,1,2026,8,18,1,12,0,19,28,1,0.0000,1,90.00,1,1401.00,3,0.9,1929,0,1
1,32.9905000,-106.9744656,3,1,2026,8,18,1,12,0,19,29,1,0.0000,1,90.00,1,1401.00,3,0.9,1930,0,1
1,32.9905000,-106.9744656,3,1,2026,8,18,1,12,0,19,30,1,0.0000,1,90.00,1,1401.00,3,0.9,1931,0,1
1,32.9905000,-106.9744656,3,1,2026,8,18,1,12,0,19,31,1,0.0000,1,90.00,1,1401.00,3,0.9,1932,0,1
1,32.9905000,-106.9744656,3,1,2026,8,18,1,12,0,19,32,1,0.0000,1,90.00,1,1401.00,3,0.9,1933,0,1
1,32.9905000,-106.9744656,3,1,2026,8,18,1,12,0,19,33,1,0.0000,1,90.00,1,1401.00,3,0.9,1934,0,1
1,32.9905000,-106.9744656,3,1,2026,8,18,1,12,0,19,34,1,0.0000,1,90.00,1,1401.00,3,0.9,1935,0,1
1,32.9905000,-106.9744656,3,1,2026,8,18,1,12,0,19,35,1,0.0000,1,90.00,1,1401.00,3,0.9,1936,0,1
1,32.9905000,-106.9744656,3,1,2026,8,18,1,12,0,19,36,1,0.0000,1,90.00,1,1401.00,3,0.9,1937,0,1
1,32.9905000,-106.9744656,3,1,2026,8,18,1,12,0,19,37,1,0.0000,1,90.00,1,1401.00,3,0.9,1938,0,1
1,32.9905000,-106.9744656,3,1,2026,8,18,1,12,0,19,38,1,0.0000,1,90.00,1,1401.00,3,0.9,1939,0,1
1,32.9905000,-106.9744656,3,1,2026,8,18,1,12,0,19,39,1,0.0000,1,90.00,1,1401.00,3,0.9,1940,0,1
1,32.9905000,-106.9744656,3,1,2026,8,18,1,12,0,19,40,1,0.0000,1,90.00,1,1401.00,3,0.9,1941,0,1
1,32.9905000,-106.9744656,3,1,2026,8,18,1,12,0,19,41,1,0.0000,1,90.00,1,1401.00,3,0.9,1942,0,1
1,32.9905000,-106.9744656,3,1,2026,8,18,1,12,0,19,42,1,0.0000,1,90.00,1,1401.00,3,0.9,1943,0,1
1,32.9905000,-106.9744656,3,1,2026,8,18,1,12,0,19,43,1,0.0000,1,90.00,1,1401.00,3,0.9,1944,0,1
1,32.9905000,-106.9744656,3,1,2026,8,18,1,12,0,19,44,1,0.0000,1,90.00,1,1401.00,3,0.9,1945,0,1
1,32.9905000,-106.9744656,3,1,2026,8,18,1,12,0,19,45,1,0.0000,1,90.00,1,1401.00,3,0.9,1946,0,1
1,32.9905000,-106.9744656,3,1,2026,8,18,1,12,0,19,46,1,0.0000,1,90.00,1,1401.00,3,0.9,1947,0,1
1,32.9905000,-106.9744656,3,1,2026,8,18,1,12,0,19,47,1,0.0000,1,90.00,1,1401.00,3,0.9,1948,0,1
1,32.9905000,-106.9744656,3,1,2026,8,18,1,12,0,19,48,1,0.0000,1,90.00,1,1401.00,3,0.9,1949,0,1
1,32.9905000,-106.9744656,3,1,2026,8,18,1,12,0,19,49,1,0.0000,1,90.00,1,1401.00,3,0.9,1950,0,1
1,32.9905000,-106.9744656,3,1,2026,8,18,1,12,0,19,50,1,0.0000,1,90.00,1,1401.00,11,0.9,1951,0,1
1,32.9905000,-106.9744656,3,1,2026,8,18,1,12,0,19,51,1,0.0000,1,90.00,1,1401.00,11,0.9,1952,0,1
1,32.9905000,-106.9744656,3,1,2026,8,18,1,12,0,19,52,1,0.0000,1,90.00,1,1401.00,11,0.9,1953,0,1
1,32.9905000,-106.9744656,3,1,2026,8,18,1,12,0,19,53,1,0.0000,1,90.00,1,1401.00,11,0.9,1954,0,1
1,32.9905000,-106.9744656,3,1,2026,8,18,1,12,0,19,54,1,0.0000,1,90.00,1,1401.00,11,0.9,1955,0,1
1,32.9905000,-106.9744656,3,1,2026,8,18,1,12,0,19,55,1,0.0000,1,90.00,1,1401.00,11,0.9,1956,0,1
1,32.9905000,-106.9744656,3,1,2026,8,18,1,12,0,19,56,1,0.0000,1,90.00,1,1401.00,11,0.9,1957,0,1
1,32.9905000,-106.9744656,3,1,2026,8,18,1,12,0,19,57,1,0.0000,1,90.00,1,1401.00,11,0.9,1958,0,1
1,32.9905000,-106.9744656,3,1,2026,8,18,1,12,0,19,58,1,0.0000,1,90.00,1,1401.00,11,0.9,1959,0,1
1,32.9905000,-106.9744656,3,1,2026,8,18,1,12,0,19,59,1,0.0000,1,90.00,1,1401.00,11,0.9,1960,0,1
1,32.9905000,-106.9744656,3,1,2026,8,18,1,12,0,19,60,1,0.0000,1,90.00,1,1401.00,11,0.9,1961,0,1
1,32.9905000,-106.9744656,3,1,2026,8,18,1,12,0,19,61,1,0.0000,1,90.00,1,1401.00,11,0.9,1962,0,1
1,32.9905000,-106.9744656,3,1,2026,8,18,1,12,0,19,62,1,0.0000,1,90.00,1,1401.00,11,0.9,1963,0,1
1,32.9905000,-106.9744656,3,1,2026,8,18,1,12,0,19,63,1,0.0000,1,90.00,1,1401.00,11,0.9,1964,0,1
1,32.9905000,-106.9744656,3,1,2026,8,18,1,12,0,19,64,1,0.0000,1,90.00,1,1401.00,11,0.9,1965,0,1
1,32.9905000,-106.9744656,3,1,2026,8,18,1,12,0,19,65,1,0.0000,1,90.00,1,1401.00,11,0.9,1966,0,1
1,32.9905000,-106.9744656,3,1,2026,8,18,1,12,0,19,66,1,0.0000,1,90.00,1,1401.00,11,0.9,1967,0,1
1,32.9905000,-106.9744656,3,1,2026,8,18,1,12,0,19,67,1,0.0000,1,90.00,1,1401.00,11,0.9,1968,0,1
1,32.9905000,-106.9744656,3,1,2026,8,18,1,12,0,19,68,1,0.0000,1,90.00,1,1401.00,11,0.9,1969,0,1
1,32.9905000,-106.9744656,3,1,2026,8,18,1,12,0,19,69,1,0.0000,1,90.00,1,1401.00,11,0.9,1970,0,1
1,32.9905000,-106.9744656,3,1,2026,8,18,1,12,0,19,70,1,0.0000,1,90.00,1,1401.00,11,0.9,1971,0,1
1,32.9905000,-106.9744656,3,1,2026,8,18,1,12,0,19,71,1,0.0000,1,90.00,1,1401.00,11,0.9,1972,0,1
1,32.9905000,-106.9744656,3,1,2026,8,18,1,12,0,19,72,1,0.0000,1,90.00,1,1401.00,11,0.9,1973,0,1
1,32.9905000,-106.9744656,3,1,2026,8,18,1,12,0,19,73,1,0.0000,1,90.00,1,1401.00,11,0.9,1974,0,1
1,32.9905000,-106.9744656,3,1,2026,8,18,1,12,0,19,74,1,0.0000,1,90.00,1,1401.00,11,0.9,1975,0,1
1,32.9905000,-106.9744656,3,1,2026,8,18,1,12,0,19,75,1,0.0000,1,90.00,1,1401.00,11,0.9,1976,0,1
1,32.9905000,-106.9744656,3,1,2026,8,18,1,12,0,19,76,1,0.0000,1,90.00,1,1401.00,11,0.9,1977,0,1
1,32.9905000,-106.9744656,3,1,2026,8,18,1,12,0,19,77,1,0.0000,1,90.00,1,1401.00,11,0.9,1978,0,1
1,32.9905000,-106.9744656,3,1,2026,8,18,1,12,0,19,78,1,0.0000,1,90.00,1,1401.00,11,0.9,1979,0,1
1,32.9905000,-106.9744656,3,1,2026,8,18,1,12,0,19,79,1,0.0000,1,90.00,1,1401.00,11,0.9,1980,0,1
1,32.9905000,-106.9744656,3,1,2026,8,18,1,12,0,19,80,1,0.0000,1,90.00,1,1401.00,11,0.9,1981,0,1
1,32.9905000,-106.9744656,3,1,2026,8,18,1,12,0,19,81,1,0.0000,1,90.00,1,1401.00,11,0.9,1982,0,1
1,32.9905000,-106.9744656,3,1,2026,8,18,1,12,0,19,82,1,0.0000,1,90.00,1,1401.00,11,0.9,1983,0,1
1,32.9905000,-106.9744656,3,1,2026,8,18,1,12,0,19,83,1,0.0000,1,90.00,1,1401.00,11,0.9,1984,0,1
1,32.9905000,-106.9744656,3,1,2026,8,18,1,12,0,19,84,1,0.0000,1,90.00,1,1401.00,11,0.9,1985,0,1
1,32.9905000,-106.9744656,3,1,2026,8,18,1,12,0,19,85,1,0.0000,1,90.00,1,1401.00,11,0.9,1986,0,1
1,32.9905000,-106.9744656,3,1,2026,8,18,1,12,0,19,86,1,0.0000,1,90.00,1,1401.00,11,0.9,1987,0,1
1,32.9905000,-106.9744656,3,1,2026,8,18,1,12,0,19,87,1,0.0000,1,90.00,1,1401.00,11,0.9,1988,0,1
1,32.9905000,-106.9744656,3,1,2026,8,18,1,12,0,19,88,1,0.0000,1,90.00,1,1401.00,11,0.9,1989,0,1
1,32.9905000,-106.9744656,3,1,2026,8,18,1,12,0,19,89,1,0.0000,1,90.00,1,1401.00,11,0.9,1990,0,1
1,32.9905000,-106.9744656,3,1,2026,8,18,1,12,0,19,90,1,0.0000,1,90.00,1,1401.00,11,0.9,1991,0,1
1,32.9905000,-106.9744656,3,1,2026,8,18,1,12,0,19,91,1,0.0000,1,90.00,1,1401.00,11,0.9,1992,0,1
1,32.9905000,-106.9744656,3,1,2026,8,18,1,12,0,19,92,1,0.0000,1,90.00,1,1401.00,11,0.9,1993,0,1
1,32.9905000,-106.9744656,3,1,2026,8,18,1,12,0,19,93,1,0.0000,1,90.00,1,1401.00,11,0.9,1994,0,1
1,32.9905000,-106.9744656,3,1,2026,8,18,1,12,0,19,94,1,0.0000,1,90.00,1,1401.00,11,0.9,1995,0,1
1,32.9905000,-106.9744656,3,1,2026,8,18,1,12,0,19,95,1,0.0000,1,90.00,1,1401.00,11,0.9,1996,0,1
1,32.9905000,-106.9744656,3,1,2026,8,18,1,12,0,19,96,1,0.0000,1,90.00,1,1401.00,11,0.9,1997,0,1
1,32.9905000,-106.9744656,3,1,2026,8,18,1,12,0,19,97,1,0.0000,1,90.00,1,1401.00,11,0.9,1998,0,1
1,32.9905000,-106.9744656,3,1,2026,8,18,1,12,0,19,98,1,0.0000,1,90.00,1,1401.00,11,0.9,1999,0,1
1,32.9905000,-106.9744656,3,1,2026,8,18,1,12,0,19,99,1,0.0000,1,90.00,1,1401.00,11,0.9,2000,0,1
1,32.9905000,-106.9744656,3,1,2026,8,18,1,12,0,20,0,1,0.0000,1,90.00,1,1401.00,11,0.9,2001,0,1
1,32.9905000,-106.9744656,3,1,2026,8,18,1,12,0,20,1,1,0.0000,1,90.00,1,1401.00,11,0.9,2002,0,1
1,32.9905000,-106.9744656,3,1,2026,8,18,1,12,0,20,2,1,0.0000,1,90.00,1,1401.00,11,0.9,2003,0,1
1,32.9905000,-106.9744656,3,1,2026,8,18,1,12,0,20,3,1,0.0000,1,90.00,1,1401.00,11,0.9,2004,0,1
1,32.9905000,-106.9744656,3,1,2026,8,18,1,12,0,20,4,1,0.0000,1,90.00,1,1401.00,11,0.9,2005,0,1
1,32.9905000,-106.9744656,3,1,2026,8,18,1,12,0,20,5,1,0.0000,1,90.00,1,1401.00,11,0.9,2006,0,1
1,32.9905000,-106.9744656,3,1,2026,8,18,1,12,0,20,6,1,0.0000,1,90.00,1,1401.00,11,0.9,2007,0,1
1,32.9905000,-106.9744656,3,1,2026,8,18,1,12,0,20,7,1,0.0000,1,90.00,1,1401.00,11,0.9,2008,0,1
1,32.9905000,-106.9744656,3,1,2026,8,18,1,12,0,20,8,1,0.0000,1,90.00,1,1401.00,11,0.9,2009,0,1
1,32.9905000,-106.9744656,3,1,2026,8,18,1,12,0,20,9,1,0.0000,1,90.00,1,1401.00,11,0.9,2010,0,1
1,32.9905000,-106.9744656,3,1,2026,8,18,1,12,0,20,10,1,0.0000,1,90.00,1,1401.00,11,0.9,2011,0,1
1,32.9905000,-106.9744656,3,1,2026,8,18,1,12,0,20,11,1,0.0000,1,90.00,1,1401.00,11,0.9,2012,0,1
1,32.9905000,-106.9744656,3,1,2026,8,18,1,12,0,20,12,1,0.0000,1,90.00,1,1401.00,11,0.9,2013,0,1
1,32.9905000,-106.9744656,3,1,2026,8,18,1,12,0,20,13,1,0.0000,1,90.00,1,1401.00,11,0.9,2014,0,1
1,32.9905000,-106.9744656,3,1,2026,8,18,1,12,0,20,14,1,0.0000,1,90.00,1,1401.00,11,0.9,2015,0,1
1,32.9905000,-106.9744656,3,1,2026,8,18,1,12,0,20,15,1,0.0000,1,90.00,1,1401.00,11,0.9,2016,0,1
1,32.9905000,-106.9744656,3,1,2026,8,18,1,12,0,20,16,1,0.0000,1,90.00,1,1401.00,11,0.9,2017,0,1
1,32.9905000,-106.9744656,3,1,2026,8,18,1,12,0,20,17,1,0.0000,1,90.00,1,1401.00,11,0.9,2018,0,1
1,32.9905000,-106.9744656,3,1,2026,8,18,1,12,0,20,18,1,0.0000,1,90.00,1,1401.00,11,0.9,2019,0,1
1,32.9905000,-106.9744656,3,1,2026,8,18,1,12,0,20,19,1,0.0000,1,90.00,1,1401.00,11,0.9,2020,0,1
1,32.9905000,-106.9744656,3,1,2026,8,18,1,12,0,20,20,1,0.0000,1,90.00,1,1401.00,11,0.9,2021,0,1
1,32.9905000,-106.9744656,3,1,2026,8,18,1,12,0,20,21,1,0.0000,1,90.00,1,1401.00,11,0.9,2022,0,1
1,32.9905000,-106.9744656,3,1,2026,8,18,1,12,0,20,22,1,0.0000,1,90.00,1,1401.00,11,0.9,2023,0,1
1,32.9905000,-106.9744656,3,1,2026,8,18,1,12,0,20,23,1,0.0000,1,90.00,1,1401.00,11,0.9,2024,0,1
1,32.9905000,-106.9744656,3,1,2026,8,18,1,12,0,20,24,1,0.0000,1,90.00,1,1401.00,11,0.9,2025,0,1
1,32.9905000,-106.9744656,3,1,2026,8,18,1,12,0,20,25,1,0.0000,1,90.00,1,1401.00,11,0.9,2026,0,1
1,32.9905000,-106.9744656,3,1,2026,8,18,1,12,0,20,26,1,0.0000,1,90.00,1,1401.00,11,0.9,2027,0,1
1,32.9905000,-106.9744656,3,1,2026,8,18,1,12,0,20,27,1,0.0000,1,90.00,1,1401.00,11,0.9,2028,0,1
1,32.9905000,-106.9744656,3,1,2026,8,18,1,12,0,20,28,1,0.0000,1,90.00,1,1401.00,11,0.9,2029,0,1
1,32.9905000,-106.9744656,3,1,2026,8,18,1,12,0,20,29,1,0.0000,1,90.00,1,1401.00,11,0.9,2030,0,1
1,32.9905000,-106.9744656,3,1,2026,8,18,1,12,0,20,30,1,0.0000,1,90.00,1,1401.00,11,0.9,2031,0,1
1,32.9905000,-106.9744656,3,1,2026,8,18,1,12,0,20,31,1,0.0000,1,90.00,1,1401.00,11,0.9,2032,0,1
1,32.9905000,-106.9744656,3,1,2026,8,18,1,12,0,20,32,1,0.0000,1,90.00,1,1401.00,11,0.9,2033,0,1
1,32.9905000,-106.9744656,3,1,2026,8,18,1,12,0,20,33,1,0.0000,1,90.00,1,1401.00,11,0.9,2034,0,1
1,32.9905000,-106.9744656,3,1,2026,8,18,1,12,0,20,34,1,0.0000,1,90.00,1,1401.00,11,0.9,2035,0,1
1,32.9905000,-106.9744656,3,1,2026,8,18,1,12,0,20,35,1,0.0000,1,90.00,1,1401.00,11,0.9,2036,0,1
1,32.9905000,-106.9744656,3,1,2026,8,18,1,12,0,20,36,1,0.0000,1,90.00,1,1401.00,11,0.9,2037,0,1
1,32.9905000,-106.9744656,3,1,2026,8,18,1,12,0,20,37,1,0.0000,1,90.00,1,1401.00,11,0.9,2038,0,1
1,32.9905000,-106.9744656,3,1,2026,8,18,1,12,0,20,38,1,0.0000,1,90.00,1,1401.00,11,0.9,2039,0,1
1,32.9905000,-106.9744656,3,1,2026,8,18,1,12,0,20,39,1,0.0000,1,90.00,1,1401.00,11,0.9,2040,0,1
1,32.9905000,-106.9744656,3,1,2026,8,18,1,12,0,20,40,1,0.0000,1,90.00,1,1401.00,11,0.9,2041,0,1
1,32.9905000,-106.9744656,3,1,2026,8,18,1,12,0,20,41,1,0.0000,1,90.00,1,1401.00,11,0.9,2042,0,1
1,32.9905000,-106.9744656,3,1,2026,8,18,1,12,0,20,42,1,0.0000,1,90.00,1,1401.00,11,0.9,2043,0,1
1,32.9905000,-106.9744656,3,1,2026,8,18,1,12,0,20,43,1,0.0000,1,90.00,1,1401.00,11,0.9,2044,0,1
1,32.9905000,-106.9744656,3,1,2026,8,18,1,12,0,20,44,1,0.0000,1,90.00,1,1401.00,11,0.9,2045,0,1
1,32.9905000,-106.9744656,3,1,2026,8,18,1,12,0,20,45,1,0.0000,1,90.00,1,1401.00,11,0.9,2046,0,1
1,32.9905000,-106.9744656,3,1,2026,8,18,1,12,0,20,46,1,0.0000,1,90.00,1,1401.00,11,0.9,2047,0,1
1,32.9905000,-106.9744656,3,1,2026,8,18,1,12,0,20,47,1,0.0000,1,90.00,1,1401.00,11,0.9,2048,0,1
1,32.9905000,-106.9744656,3,1,2026,8,18,1,12,0,20,48,1,0.0000,1,90.00,1,1401.00,11,0.9,2049,0,1
1,32.9905000,-106.9744656,3,1,2026,8,18,1,12,0,20,49,1,0.0000,1,90.00,1,1401.00,11,0.9,2050,0,1
1,32.9905000,-106.9744656,3,1,2026,8,18,1,12,0,20,50,1,0.0000,1,90.00,1,1401.00,11,0.9,2051,0,1
1,32.9905000,-106.9744656,3,1,2026,8,18,1,12,0,20,51,1,0.0000,1,90.00,1,1401.00,11,0.9,2052,0,1
1,32.9905000,-106.9744656,3,1,2026,8,18,1,12,0,20,52,1,0.0000,1,90.00,1,1401.00,11,0.9,2053,0,1
1,32.9905000,-106.9744656,3,1,2026,8,18,1,12,0,20,53,1,0.0000,1,90.00,1,1401.00,11,0.9,2054,0,1
1,32.9905000,-106.9744656,3,1,2026,8,18,1,12,0,20,54,1,0.0000,1,90.00,1,1401.00,11,0.9,2055,0,1
1,32.9905000,-106.9744656,3,1,2026,8,18,1,12,0,20,55,1,0.0000,1,90.00,1,1401.00,11,0.9,2056,0,1
1,32.9905000,-106.9744656,3,1,2026,8,18,1,12,0,20,56,1,0.0000,1,90.00,1,1401.00,11,0.9,2057,0,1
1,32.9905000,-106.9744656,3,1,2026,8,18,1,12,0,20,57,1,0.0000,1,90.00,1,1401.00,11,0.9,2058,0,1
1,32.9905000,-106.9744656,3,1,2026,8,18,1,12,0,20,58,1,0.0000,1,90.00,1,1401.00,11,0.9,2059,0,1
1,32.9905000,-106.9744656,3,1,2026,8,18,1,12,0,20,59,1,0.0000,1,90.00,1,1401.00,11,0.9,2060,0,1
1,32.9905000,-106.9744656,3,1,2026,8,18,1,12,0,20,60,1,0.0000,1,90.00,1,1401.00,11,0.9,2061,0,1
1,32.9905000,-106.9744656,3,1,2026,8,18,1,12,0,20,61,1,0.0000,1,90.00,1,1401.00,11,0.9,2062,0,1
1,32.9905000,-106.9744656,3,1,2026,8,18,1,12,0,20,62,1,0.0000,1,90.00,1,1401.00,11,0.9,2063,0,1
1,32.9905000,-106.9744656,3,1,2026,8,18,1,12,0,20,63,1,0.0000,1,90.00,1,1401.00,11,0.9,2064,0,1
1,32.9905000,-106.9744656,3,1,2026,8,18,1,12,0,20,64,1,0.0000,1,90.00,1,1401.00,11,0.9,2065,0,1
1,32.9905000,-106.9744656,3,1,2026,8,18,1,12,0,20,65,1,0.0000,1,90.00,1,1401.00,11,0.9,2066,0,1
1,32.9905000,-106.9744656,3,1,2026,8,18,1,12,0,20,66,1,0.0000,1,90.00,1,1401.00,11,0.9,2067,0,1
1,32.9905000,-106.9744656,3,1,2026,8,18,1,12,0,20,67,1,0.0000,1,90.00,1,1401.00,11,0.9,2068,0,1
1,32.9905000,-106.9744656,3,1,2026,8,18,1,12,0,20,68,1,0.0000,1,90.00,1,1401.00,11,0.9,2069,0,1
1,32.9905000,-106.9744656,3,1,2026,8,18,1,12,0,20,69,1,0.0000,1,90.00,1,1401.00,11,0.9,2070,0,1
1,32.9905000,-106.9744656,3,1,2026,8,18,1,12,0,20,70,1,0.0000,1,90.00,1,1401.00,11,0.9,2071,0,1
1,32.9905000,-106.9744656,3,1,2026,8,18,1,12,0,20,71,1,0.0000,1,90.00,1,1401.00,11,0.9,2072,0,1
1,32.9905000,-106.9744656,3,1,2026,8,18,1,12,0,20,72,1,0.0000,1,90.00,1,1401.00,11,0.9,2073,0,1
1,32.9905000,-106.9744656,3,1,2026,8,18,1,12,0,20,73,1,0.0000,1,90.00,1,1401.00,11,0.9,2074,0,1
1,32.9905000,-106.9744656,3,1,2026,8,18,1,12,0,20,74,1,0.0000,1,90.00,1,1401.00,11,0.9,2075,0,1
1,32.9905000,-106.9744656,3,1,2026,8,18,1,12,0,20,75,1,0.0000,1,90.00,1,1401.00,11,0.9,2076,0,1
1,32.9905000,-106.9744656,3,1,2026,8,18,1,12,0,20,76,1,0.0000,1,90.00,1,1401.00,11,0.9,2077,0,1
1,32.9905000,-106.9744656,3,1,2026,8,18,1,12,0,20,77,1,0.0000,1,90.00,1,1401.00,11,0.9,2078,0,1
1,32.9905000,-106.9744656,3,1,2026,8,18,1,12,0,20,78,1,0.0000,1,90.00,1,1401.00,11,0.9,2079,0,1
1,32.9905000,-106.9744656,3,1,2026,8,18,1,12,0,20,79,1,0.0000,1,90.00,1,1401.00,11,0.9,2080,0,1
1,32.9905000,-106.9744656,3,1,2026,8,18,1,12,0,20,80,1,0.0000,1,90.00,1,1401.00,11,0.9,2081,0,1
1,32.9905000,-106.9744656,3,1,2026,8,18,1,12,0,20,81,1,0.0000,1,90.00,1,1401.00,11,0.9,2082,0,1
1,32.9905000,-106.9744656,3,1,2026,8,18,1,12,0,20,82,1,0.0000,1,90.00,1,1401.00,11,0.9,2083,0,1
1,32.9905000,-106.9744656,3,1,2026,8,18,1,12,0,20,83,1,0.0000,1,90.00,1,1401.00,11,0.9,2084,0,1
1,32.9905000,-106.9744656,3,1,2026,8,18,1,12,0,20,84,1,0.0000,1,90.00,1,1401.00,11,0.9,2085,0,1
1,32.9905000,-106.9744656,3,1,2026,8,18,1,12,0,20,85,1,0.0000,1,90.00,1,1401.00,11,0.9,2086,0,1
1,32.9905000,-106.9744656,3,1,2026,8,18,1,12,0,20,86,1,0.0000,1,90.00,1,1401.00,11,0.9,2087,0,1
1,32.9905000,-106.9744656,3,1,2026,8,18,1,12,0,20,87,1,0.0000,1,90.00,1,1401.00,11,0.9,2088,0,1
1,32.9905000,-106.9744656,3,1,2026,8,18,1,12,0,20,88,1,0.0000,1,90.00,1,1401.00,11,0.9,2089,0,1
1,32.9905000,-106.9744656,3,1,2026,8,18,1,12,0,20,89,1,0.0000,1,90.00,1,1401.00,11,0.9,2090,0,1
1,32.9905000,-106.9744656,3,1,2026,8,18,1,12,0,20,90,1,0.0000,1,90.00,1,1401.00,11,0.9,2091,0,1
1,32.9905000,-106.9744656,3,1,2026,8,18,1,12,0,20,91,1,0.0000,1,90.00,1,1401.00,11,0.9,2092,0,1
1,32.9905000,-106.9744656,3,1,2026,8,18,1,12,0,20,92,1,0.0000,1,90.00,1,1401.00,11,0.9,2093,0,1
1,32.9905000,-106.9744656,3,1,2026,8,18,1,12,0,20,93,1,0.0000,1,90.00,1,1401.00,11,0.9,2094,0,1
1,32.9905000,-106.9744656,3,1,2026,8,18,1,12,0,20,94,1,0.0000,1,90.00,1,1401.00,11,0.9,2095,0,1
1,32.9905000,-106.9744656,3,1,2026,8,18,1,12,0,20,95,1,0.0000,1,90.00,1,1401.00,11,0.9,2096,0,1
1,32.9905000,-106.9744656,3,1,2026,8,18,1,12,0,20,96,1,0.0000,1,90.00,1,1401.00,11,0.9,2097,0,1
1,32.9905000,-106.9744656,3,1,2026,8,18,1,12,0,20,97,1,0.0000,1,90.00,1,1401.00,11,0.9,2098,0,1
1,32.9905000,-106.9744656,3,1,2026,8,18,1,12,0,20,98,1,0.0000,1,90.00,1,1401.00,11,0.9,2099,0,1
1,32.9905000,-106.9744656,3,1,2026,8,18,1,12,0,20,99,1,0.0000,1,90.00,1,1401.00,11,0.9,2100,0,1
1,32.9905000,-106.9744656,3,1,2026,8,18,1,12,0,21,0,1,0.0000,1,90.00,1,1401.00,11,0.9,2101,0,1
1,32.9905000,-106.9744656,3,1,2026,8,18,1,12,0,21,1,1,0.0000,1,90.00,1,1401.00,11,0.9,2102,0,1
1,32.9905000,-106.9744656,3,1,2026,8,18,1,12,0,21,2,1,0.0000,1,90.00,1,1401.00,11,0.9,2103,0,1
1,32.9905000,-106.9744656,3,1,2026,8,18,1,12,0,21,3,1,0.0000,1,90.00,1,1401.00,11,0.9,2104,0,1
1,32.9905000,-106.9744656,3,1,2026,8,18,1,12,0,21,4,1,0.0000,1,90.00,1,1401.00,11,0.9,2105,0,1
1,32.9905000,-106.9744656,3,1,2026,8,18,1,12,0,21,5,1,0.0000,1,90.00,1,1401.00,11,0.9,2106,0,1
1,32.9905000,-106.9744656,3,1,2026,8,18,1,12,0,21,6,1,0.0000,1,90.00,1,1401.00,11,0.9,2107,0,1
1,32.9905000,-106.9744656,3,1,2026,8,18,1,12,0,21,7,1,0.0000,1,90.00,1,1401.00,11,0.9,2108,0,1
1,32.9905000,-106.9744656,3,1,2026,8,18,1,12,0,21,8,1,0.0000,1,90.00,1,1401.00,11,0.9,2109,0,1
1,32.9905000,-106.9744656,3,1,2026,8,18,1,12,0,21,9,1,0.0000,1,90.00,1,1401.00,11,0.9,2110,0,1
1,32.9905000,-106.9744656,3,1,2026,8,18,1,12,0,21,10,1,0.0000,1,90.00,1,1401.00,11,0.9,2111,0,1
1,32.9905000,-106.9744656,3,1,2026,8,18,1,12,0,21,11,1,0.0000,1,90.00,1,1401.00,11,0.9,2112,0,1
1,32.9905000,-106.9744656,3,1,2026,8,18,1,12,0,21,12,1,0.0000,1,90.00,1,1401.00,11,0.9,2113,0,1
1,32.9905000,-106.9744656,3,1,2026,8,18,1,12,0,21,13,1,0.0000,1,90.00,1,1401.00,11,0.9,2114,0,1
1,32.9905000,-106.9744656,3,1,2026,8,18,1,12,0,21,14,1,0.0000,1,90.00,1,1401.00,11,0.9,2115,0,1
1,32.9905000,-106.9744656,3,1,2026,8,18,1,12,0,21,15,1,0.0000,1,90.00,1,1401.00,11,0.9,2116,0,1
1,32.9905000,-106.9744656,3,1,2026,8,18,1,12,0,21,16,1,0.0000,1,90.00,1,1401.00,11,0.9,2117,0,1
1,32.9905000,-106.9744656,3,1,2026,8,18,1,12,0,21,17,1,0.0000,1,90.00,1,1401.00,11,0.9,2118,0,1
1,32.9905000,-106.9744656,3,1,2026,8,18,1,12,0,21,18,1,0.0000,1,90.00,1,1401.00,11,0.9,2119,0,1
1,32.9905000,-106.9744656,3,1,2026,8,18,1,12,0,21,19,1,0.0000,1,90.00,1,1401.00,11,0.9,2120,0,1
1,32.9905000,-106.9744656,3,1,2026,8,18,1,12,0,21,20,1,0.0000,1,90.00,1,1401.00,11,0.9,2121,0,1
1,32.9905000,-106.9744656,3,1,2026,8,18,1,12,0,21,21,1,0.0000,1,90.00,1,1401.00,11,0.9,2122,0,1
1,32.9905000,-106.9744656,3,1,2026,8,18,1,12,0,21,22,1,0.0000,1,90.00,1,1401.00,11,0.9,2123,0,1
1,32.9905000,-106.9744656,3,1,2026,8,18,1,12,0,21,23,1,0.0000,1,90.00,1,1401.00,11,0.9,2124,0,1
1,32.9905000,-106.9744656,3,1,2026,8,18,1,12,0,21,24,1,0.0000,1,90.00,1,1401.00,11,0.9,2125,0,1
1,32.9905000,-106.9744656,3,1,2026,8,18,1,12,0,21,25,1,0.0000,1,90.00,1,1401.00,11,0.9,2126,0,1
1,32.9905000,-106.9744656,3,1,2026,8,18,1,12,0,21,26,1,0.0000,1,90.00,1,1401.00,11,0.9,2127,0,1
1,32.9905000,-106.9744656,3,1,2026,8,18,1,12,0,21,27,1,0.0000,1,90.00,1,1401.00,11,0.9,2128,0,1
1,32.9905000,-106.9744656,3,1,2026,8,18,1,12,0,21,28,1,0.0000,1,90.00,1,1401.00,11,0.9,2129,0,1
1,32.9905000,-106.9744656,3,1,2026,8,18,1,12,0,21,29,1,0.0000,1,90.00,1,1401.00,11,0.9,2130,0,1
1,32.9905000,-106.9744656,3,1,2026,8,18,1,12,0,21,30,1,0.0000,1,90.00,1,1401.00,11,0.9,2131,0,1
1,32.9905000,-106.9744656,3,1,2026,8,18,1,12,0,21,31,1,0.0000,1,90.00,1,1401.00,11,0.9,2132,0,1
1,32.9905000,-106.9744656,3,1,2026,8,18,1,12,0,21,32,1,0.0000,1,90.00,1,1401.00,11,0.9,2133,0,1
1,32.9905000,-106.9744656,3,1,2026,8,18,1,12,0,21,33,1,0.0000,1,90.00,1,1401.00,11,0.9,2134,0,1
1,32.9905000,-106.9744656,3,1,2026,8,18,1,12,0,21,34,1,0.0000,1,90.00,1,1401.00,11,0.9,2135,0,1
1,32.9905000,-106.9744656,3,1,2026,8,18,1,12,0,21,35,1,0.0000,1,90.00,1,1401.00,11,0.9,2136,0,1
1,32.9905000,-106.9744656,3,1,2026,8,18,1,12,0,21,36,1,0.0000,1,90.00,1,1401.00,11,0.9,2137,0,1
1,32.9905000,-106.9744656,3,1,2026,8,18,1,12,0,21,37,1,0.0000,1,90.00,1,1401.00,11,0.9,2138,0,1
1,32.9905000,-106.9744656,3,1,2026,8,18,1,12,0,21,38,1,0.0000,1,90.00,1,1401.00,11,0.9,2139,0,1
1,32.9905000,-106.9744656,3,1,2026,8,18,1,12,0,21,39,1,0.0000,1,90.00,1,1401.00,11,0.9,2140,0,1
1,32.9905000,-106.9744656,3,1,2026,8,18,1,12,0,21,40,1,0.0000,1,90.00,1,1401.00,11,0.9,2141,0,1
1,32.9905000,-106.9744656,3,1,2026,8,18,1,12,0,21,41,1,0.0000,1,90.00,1,1401.00,11,0.9,2142,0,1
1,32.9905000,-106.9744656,3,1,2026,8,18,1,12,0,21,42,1,0.0000,1,90.00,1,1401.00,11,0.9,2143,0,1
1,32.9905000,-106.9744656,3,1,2026,8,18,1,12,0,21,43,1,0.0000,1,90.00,1,1401.00,11,0.9,2144,0,1
1,32.9905000,-106.9744656,3,1,2026,8,18,1,12,0,21,44,1,0.0000,1,90.00,1,1401.00,11,0.9,2145,0,1
1,32.9905000,-106.9744656,3,1,2026,8,18,1,12,0,21,45,1,0.0000,1,90.00,1,1401.00,11,0.9,2146,0,1
1,32.9905000,-106.9744656,3,1,2026,8,18,1,12,0,21,46,1,0.0000,1,90.00,1,1401.00,11,0.9,2147,0,1
1,32.9905000,-106.9744656,3,1,2026,8,18,1,12,0,21,47,1,0.0000,1,90.00,1,1401.00,11,0.9,2148,0,1
1,32.9905000,-106.9744656,3,1,2026,8,18,1,12,0,21,48,1,0.0000,1,90.00,1,1401.00,11,0.9,2149,0,1
1,32.9905000,-106.9744656,3,1,2026,8,18,1,12,0,21,49,1,0.0000,1,90.00,1,1401.00,11,0.9,2150,0,1
1,32.9905000,-106.9744656,3,1,2026,8,18,1,12,0,21,50,1,0.0000,1,90.00,1,1401.00,11,0.9,2151,0,1
1,32.9905000,-106.9744656,3,1,2026,8,18,1,12,0,21,51,1,0.0000,1,90.00,1,1401.00,11,0.9,2152,0,1
1,32.9905000,-106.9744656,3,1,2026,8,18,1,12,0,21,52,1,0.0000,1,90.00,1,1401.00,11,0.9,2153,0,1
1,32.9905000,-106.9744656,3,1,2026,8,18,1,12,0,21,53,1,0.0000,1,90.00,1,1401.00,11,0.9,2154,0,1
1,32.9905000,-106.9744656,3,1,2026,8,18,1,12,0,21,54,1,0.0000,1,90.00,1,1401.00,11,0.9,2155,0,1
1,32.9905000,-106.9744656,3,1,2026,8,18,1,12,0,21,55,1,0.0000,1,90.00,1,1401.00,11,0.9,2156,0,1
1,32.9905000,-106.9744656,3,1,2026,8,18,1,12,0,21,56,1,0.0000,1,90.00,1,1401.00,11,0.9,2157,0,1
1,32.9905000,-106.9744656,3,1,2026,8,18,1,12,0,21,57,1,0.0000,1,90.00,1,1401.00,11,0.9,2158,0,1
1,32.9905000,-106.9744656,3,1,2026,8,18,1,12,0,21,58,1,0.0000,1,90.00,1,1401.00,11,0.9,2159,0,1
1,32.9905000,-106.9744656,3,1,2026,8,18,1,12,0,21,59,1,0.0000,1,90.00,1,1401.00,11,0.9,2160,0,1
1,32.9905000,-106.9744656,3,1,2026,8,18,1,12,0,21,60,1,0.0000,1,90.00,1,1401.00,11,0.9,2161,0,1
1,32.9905000,-106.9744656,3,1,2026,8,18,1,12,0,21,61,1,0.0000,1,90.00,1,1401.00,11,0.9,2162,0,1
1,32.9905000,-106.9744656,3,1,2026,8,18,1,12,0,21,62,1,0.0000,1,90.00,1,1401.00,11,0.9,2163,0,1
1,32.9905000,-106.9744656,3,1,2026,8,18,1,12,0,21,63,1,0.0000,1,90.00,1,1401.00,11,0.9,2164,0,1
1,32.9905000,-106.9744656,3,1,2026,8,18,1,12,0,21,64,1,0.0000,1,90.00,1,1401.00,11,0.9,2165,0,1
1,32.9905000,-106.9744656,3,1,2026,8,18,1,12,0,21,65,1,0.0000,1,90.00,1,1401.00,11,0.9,2166,0,1
1,32.9905000,-106.9744656,3,1,2026,8,18,1,12,0,21,66,1,0.0000,1,90.00,1,1401.00,11,0.9,2167,0,1
1,32.9905000,-106.9744656,3,1,2026,8,18,1,12,0,21,67,1,0.0000,1,90.00,1,1401.00,11,0.9,2168,0,1
1,32.9905000,-106.9744656,3,1,2026,8,18,1,12,0,21,68,1,0.0000,1,90.00,1,1401.00,11,0.9,2169,0,1
1,32.9905000,-106.9744656,3,1,2026,8,18,1,12,0,21,69,1,0.0000,1,90.00,1,1401.00,11,0.9,2170,0,1
1,32.9905000,-106.9744656,3,1,2026,8,18,1,12,0,21,70,1,0.0000,1,90.00,1,1401.00,11,0.9,2171,0,1
1,32.9905000,-106.9744656,3,1,2026,8,18,1,12,0,21,71,1,0.0000,1,90.00,1,1401.00,11,0.9,2172,0,1
1,32.9905000,-106.9744656,3,1,2026,8,18,1,12,0,21,72,1,0.0000,1,90.00,1,1401.00,11,0.9,2173,0,1
1,32.9905000,-106.9744656,3,1,2026,8,18,1,12,0,21,73,1,0.0000,1,90.00,1,1401.00,11,0.9,2174,0,1
1,32.9905000,-106.9744656,3,1,2026,8,18,1,12,0,21,74,1,0.0000,1,90.00,1,1401.00,11,0.9,2175,0,1
1,32.9905000,-106.9744656,3,1,2026,8,18,1,12,0,21,75,1,0.0000,1,90.00,1,1401.00,11,0.9,2176,0,1
1,32.9905000,-106.9744656,3,1,2026,8,18,1,12,0,21,76,1,0.0000,1,90.00,1,1401.00,11,0.9,2177,0,1
1,32.9905000,-106.9744656,3,1,2026,8,18,1,12,0,21,77,1,0.0000,1,90.00,1,1401.00,11,0.9,2178,0,1
1,32.9905000,-106.9744656,3,1,2026,8,18,1,12,0,21,78,1,0.0000,1,90.00,1,1401.00,11,0.9,2179,0,1
1,32.9905000,-106.9744656,3,1,2026,8,18,1,12,0,21,79,1,0.0000,1,90.00,1,1401.00,11,0.9,2180,0,1
1,32.9905000,-106.9744656,3,1,2026,8,18,1,12,0,21,80,1,0.0000,1,90.00,1,1401.00,11,0.9,2181,0,1
1,32.9905000,-106.9744656,3,1,2026,8,18,1,12,0,21,81,1,0.0000,1,90.00,1,1401.00,11,0.9,2182,0,1
1,32.9905000,-106.9744656,3,1,2026,8,18,1,12,0,21,82,1,0.0000,1,90.00,1,1401.00,11,0.9,2183,0,1
1,32.9905000,-106.9744656,3,1,2026,8,18,1,12,0,21,83,1,0.0000,1,90.00,1,1401.00,11,0.9,2184,0,1
1,32.9905000,-106.9744656,3,1,2026,8,18,1,12,0,21,84,1,0.0000,1,90.00,1,1401.00,11,0.9,2185,0,1
1,32.9905000,-106.9744656,3,1,2026,8,18,1,12,0,21,85,1,0.0000,1,90.00,1,1401.00,11,0.9,2186,0,1
1,32.9905000,-106.9744656,3,1,2026,8,18,1,12,0,21,86,1,0.0000,1,90.00,1,1401.00,11,0.9,2187,0,1
1,32.9905000,-106.9744656,3,1,2026,8,18,1,12,0,21,87,1,0.0000,1,90.00,1,1401.00,11,0.9,2188,0,1
1,32.9905000,-106.9744656,3,1,2026,8,18,1,12,0,21,88,1,0.0000,1,90.00,1,1401.00,11,0.9,2189,0,1
1,32.9905000,-106.9744656,3,1,2026,8,18,1,12,0,21,89,1,0.0000,1,90.00,1,1401.00,11,0.9,2190,0,1
1,32.9905000,-106.9744656,3,1,2026,8,18,1,12,0,21,90,1,0.0000,1,90.00,1,1401.00,11,0.9,2191,0,1
1,32.9905000,-106.9744656,3,1,2026,8,18,1,12,0,21,91,1,0.0000,1,90.00,1,1401.00,11,0.9,2192,0,1
1,32.9905000,-106.9744656,3,1,2026,8,18,1,12,0,21,92,1,0.0000,1,90.00,1,1401.00,11,0.9,2193,0,1
1,32.9905000,-106.9744656,3,1,2026,8,18,1,12,0,21,93,1,0.0000,1,90.00,1,1401.00,11,0.9,2194,0,1
1,32.9905000,-106.9744656,3,1,2026,8,18,1,12,0,21,94,1,0.0000,1,90.00,1,1401.00,11,0.9,2195,0,1
1,32.9905000,-106.9744656,3,1,2026,8,18,1,12,0,21,95,1,0.0000,1,90.00,1,1401.00,11,0.9,2196,0,1
1,32.9905000,-106.9744656,3,1,2026,8,18,1,12,0,21,96,1,0.0000,1,90.00,1,1401.00,11,0.9,2197,0,1
1,32.9905000,-106.9744656,3,1,2026,8,18,1,12,0,21,97,1,0.0000,1,90.00,1,1401.00,11,0.9,2198,0,1
1,32.9905000,-106.9744656,3,1,2026,8,18,1,12,0,21,98,1,0.0000,1,90.00,1,1401.00,11,0.9,2199,0,1
1,32.9905000,-106.9744656,3,1,2026,8,18,1,12,0,21,99,1,0.0000,1,90.00,1,1401.00,11,0.9,2200,0,1
1,32.9905000,-106.9744656,3,1,2026,8,18,1,12,0,22,0,1,0.0000,1,90.00,1,1401.00,11,0.9,2201,0,1
1,32.9905000,-106.9744656,3,1,2026,8,18,1,12,0,22,1,1,0.0000,1,90.00,1,1401.00,11,0.9,2202,0,1
1,32.9905000,-106.9744656,3,1,2026,8,18,1,12,0,22,2,1,0.0000,1,90.00,1,1401.00,11,0.9,2203,0,1
1,32.9905000,-106.9744656,3,1,2026,8,18,1,12,0,22,3,1,0.0000,1,90.00,1,1401.00,11,0.9,2204,0,1
1,32.9905000,-106.9744656,3,1,2026,8,18,1,12,0,22,4,1,0.0000,1,90.00,1,1401.00,11,0.9,2205,0,1
1,32.9905000,-106.9744656,3,1,2026,8,18,1,12,0,22,5,1,0.0000,1,90.00,1,1401.00,11,0.9,2206,0,1
1,32.9905000,-106.9744656,3,1,2026,8,18,1,12,0,22,6,1,0.0000,1,90.00,1,1401.00,11,0.9,2207,0,1
1,32.9905000,-106.9744656,3,1,2026,8,18,1,12,0,22,7,1,0.0000,1,90.00,1,1401.00,11,0.9,2208,0,1
1,32.9905000,-106.9744656,3,1,2026,8,18,1,12,0,22,8,1,0.0000,1,90.00,1,1401.00,11,0.9,2209,0,1
1,32.9905000,-106.9744656,3,1,2026,8,18,1,12,0,22,9,1,0.0000,1,90.00,1,1401.00,11,0.9,2210,0,1
1,32.9905000,-106.9744656,3,1,2026,8,18,1,12,0,22,10,1,0.0000,1,90.00,1,1401.00,11,0.9,2211,0,1
1,32.9905000,-106.9744656,3,1,2026,8,18,1,12,0,22,11,1,0.0000,1,90.00,1,1401.00,11,0.9,2212,0,1
1,32.9905000,-106.9744656,3,1,2026,8,18,1,12,0,22,12,1,0.0000,1,90.00,1,1401.00,11,0.9,2213,0,1
1,32.9905000,-106.9744656,3,1,2026,8,18,1,12,0,22,13,1,0.0000,1,90.00,1,1401.00,11,0.9,2214,0,1
1,32.9905000,-106.9744656,3,1,2026,8,18,1,12,0,22,14,1,0.0000,1,90.00,1,1401.00,11,0.9,2215,0,1
1,32.9905000,-106.9744656,3,1,2026,8,18,1,12,0,22,15,1,0.0000,1,90.00,1,1401.00,11,0.9,2216,0,1
1,32.9905000,-106.9744656,3,1,2026,8,18,1,12,0,22,16,1,0.0000,1,90.00,1,1401.00,11,0.9,2217,0,1
1,32.9905000,-106.9744656,3,1,2026,8,18,1,12,0,22,17,1,0.0000,1,90.00,1,1401.00,11,0.9,2218,0,1
1,32.9905000,-106.9744656,3,1,2026,8,18,1,12,0,22,18,1,0.0000,1,90.00,1,1401.00,11,0.9,2219,0,1
1,32.9905000,-106.9744656,3,1,2026,8,18,1,12,0,22,19,1,0.0000,1,90.00,1,1401.00,11,0.9,2220,0,1
1,32.9905000,-106.9744656,3,1,2026,8,18,1,12,0,22,20,1,0.0000,1,90.00,1,1401.00,11,0.9,2221,0,1
1,32.9905000,-106.9744656,3,1,2026,8,18,1,12,0,22,21,1,0.0000,1,90.00,1,1401.00,11,0.9,2222,0,1
1,32.9905000,-106.9744656,3,1,2026,8,18,1,12,0,22,22,1,0.0000,1,90.00,1,1401.00,11,0.9,2223,0,1
1,32.9905000,-106.9744656,3,1,2026,8,18,1,12,0,22,23,1,0.0000,1,90.00,1,1401.00,11,0.9,2224,0,1
1,32.9905000,-106.9744656,3,1,2026,8,18,1,12,0,22,24,1,0.0000,1,90.00,1,1401.00,11,0.9,2225,0,1
1,32.9905000,-106.9744656,3,1,2026,8,18,1,12,0,22,25,1,0.0000,1,90.00,1,1401.00,11,0.9,2226,0,1
1,32.9905000,-106.9744656,3,1,2026,8,18,1,12,0,22,26,1,0.0000,1,90.00,1,1401.00,11,0.9,2227,0,1
1,32.9905000,-106.9744656,3,1,2026,8,18,1,12,0,22,27,1,0.0000,1,90.00,1,1401.00,11,0.9,2228,0,1
1,32.9905000,-106.9744656,3,1,2026,8,18,1,12,0,22,28,1,0.0000,1,90.00,1,1401.00,11,0.9,2229,0,1
1,32.9905000,-106.9744656,3,1,2026,8,18,1,12,0,22,29,1,0.0000,1,90.00,1,1401.00,11,0.9,2230,0,1
1,32.9905000,-106.9744656,3,1,2026,8,18,1,12,0,22,30,1,0.0000,1,90.00,1,1401.00,11,0.9,2231,0,1
1,32.9905000,-106.9744656,3,1,2026,8,18,1,12,0,22,31,1,0.0000,1,90.00,1,1401.00,11,0.9,2232,0,1
1,32.9905000,-106.9744656,3,1,2026,8,18,1,12,0,22,32,1,0.0000,1,90.00,1,1401.00,11,0.9,2233,0,1
1,32.9905000,-106.9744656,3,1,2026,8,18,1,12,0,22,33,1,0.0000,1,90.00,1,1401.00,11,0.9,2234,0,1
1,32.9905000,-106.9744656,3,1,2026,8,18,1,12,0,22,34,1,0.0000,1,90.00,1,1401.00,11,0.9,2235,0,1
1,32.9905000,-106.9744656,3,1,2026,8,18,1,12,0,22,35,1,0.0000,1,90.00,1,1401.00,11,0.9,2236,0,1
1,32.9905000,-106.9744656,3,1,2026,8,18,1,12,0,22,36,1,0.0000,1,90.00,1,1401.00,11,0.9,2237,0,1
1,32.9905000,-106.9744656,3,1,2026,8,18,1,12,0,22,37,1,0.0000,1,90.00,1,1401.00,11,0.9,2238,0,1
1,32.9905000,-106.9744656,3,1,2026,8,18,1,12,0,22,38,1,0.0000,1,90.00,1,1401.00,11,0.9,2239,0,1
1,32.9905000,-106.9744656,3,1,2026,8,18,1,12,0,22,39,1,0.0000,1,90.00,1,1401.00,11,0.9,2240,0,1
1,32.9905000,-106.9744656,3,1,2026,8,18,1,12,0,22,40,1,0.0000,1,90.00,1,1401.00,11,0.9,2241,0,1
1,32.9905000,-106.9744656,3,1,2026,8,18,1,12,0,22,41,1,0.0000,1,90.00,1,1401.00,11,0.9,2242,0,1
1,32.9905000,-106.9744656,3,1,2026,8,18,1,12,0,22,42,1,0.0000,1,90.00,1,1401.00,11,0.9,2243,0,1
1,32.9905000,-106.9744656,3,1,2026,8,18,1,12,0,22,43,1,0.0000,1,90.00,1,1401.00,11,0.9,2244,0,1
1,32.9905000,-106.9744656,3,1,2026,8,18,1,12,0,22,44,1,0.0000,1,90.00,1,1401.00,11,0.9,2245,0,1
1,32.9905000,-106.9744656,3,1,2026,8,18,1,12,0,22,45,1,0.0000,1,90.00,1,1401.00,11,0.9,2246,0,1
1,32.9905000,-106.9744656,3,1,2026,8,18,1,12,0,22,46,1,0.0000,1,90.00,1,1401.00,11,0.9,2247,0,1
1,32.9905000,-106.9744656,3,1,2026,8,18,1,12,0,22,47,1,0.0000,1,90.00,1,1401.00,11,0.9,2248,0,1
1,32.9905000,-106.9744656,3,1,2026,8,18,1,12,0,22,48,1,0.0000,1,90.00,1,1401.00,11,0.9,2249,0,1
1,32.9905000,-106.9744656,3,1,2026,8,18,1,12,0,22,49,1,0.0000,1,90.00,1,1401.00,11,0.9,2250,0,1
1,32.9905000,-106.9744656,3,1,2026,8,18,1,12,0,22,50,1,0.0000,1,90.00,1,1401.00,11,0.9,2251,0,1
1,32.9905000,-106.9744656,3,1,2026,8,18,1,12,0,22,51,1,0.0000,1,90.00,1,1401.00,11,0.9,2252,0,1
1,32.9905000,-106.9744656,3,1,2026,8,18,1,12,0,22,52,1,0.0000,1,90.00,1,1401.00,11,0.9,2253,0,1
1,32.9905000,-106.9744656,3,1,2026,8,18,1,12,0,22,53,1,0.0000,1,90.00,1,1401.00,11,0.9,2254,0,1
1,32.9905000,-106.9744656,3,1,2026,8,18,1,12,0,22,54,1,0.0000,1,90.00,1,1401.00,11,0.9,2255,0,1
1,32.9905000,-106.9744656,3,1,2026,8,18,1,12,0,22,55,1,0.0000,1,90.00,1,1401.00,11,0.9,2256,0,1
1,32.9905000,-106.9744656,3,1,2026,8,18,1,12,0,22,56,1,0.0000,1,90.00,1,1401.00,11,0.9,2257,0,1
1,32.9905000,-106.9744656,3,1,2026,8,18,1,12,0,22,57,1,0.0000,1,90.00,1,1401.00,11,0.9,2258,0,1
1,32.9905000,-106.9744656,3,1,2026,8,18,1,12,0,22,58,1,0.0000,1,90.00,1,1401.00,11,0.9,2259,0,1
1,32.9905000,-106.9744656,3,1,2026,8,18,1,12,0,22,59,1,0.0000,1,90.00,1,1401.00,11,0.9,2260,0,1
1,32.9905000,-106.9744656,3,1,2026,8,18,1,12,0,22,60,1,0.0000,1,90.00,1,1401.00,11,0.9,2261,0,1
1,32.9905000,-106.9744656,3,1,2026,8,18,1,12,0,22,61,1,0.0000,1,90.00,1,1401.00,11,0.9,2262,0,1
1,32.9905000,-106.9744656,3,1,2026,8,18,1,12,0,22,62,1,0.0000,1,90.00,1,1401.00,11,0.9,2263,0,1
1,32.9905000,-106.9744656,3,1,2026,8,18,1,12,0,22,63,1,0.0000,1,90.00,1,1401.00,11,0.9,2264,0,1
1,32.9905000,-106.9744656,3,1,2026,8,18,1,12,0,22,64,1,0.0000,1,90.00,1,1401.00,11,0.9,2265,0,1
1,32.9905000,-106.9744656,3,1,2026,8,18,1,12,0,22,65,1,0.0000,1,90.00,1,1401.00,11,0.9,2266,0,1
1,32.9905000,-106.9744656,3,1,2026,8,18,1,12,0,22,66,1,0.0000,1,90.00,1,1401.00,11,0.9,2267,0,1
1,32.9905000,-106.9744656,3,1,2026,8,18,1,12,0,22,67,1,0.0000,1,90.00,1,1401.00,11,0.9,2268,0,1
1,32.9905000,-106.9744656,3,1,2026,8,18,1,12,0,22,68,1,0.0000,1,90.00,1,1401.00,11,0.9,2269,0,1
1,32.9905000,-106.9744656,3,1,2026,8,18,1,12,0,22,69,1,0.0000,1,90.00,1,1401.00,11,0.9,2270,0,1
1,32.9905000,-106.9744656,3,1,2026,8,18,1,12,0,22,70,1,0.0000,1,90.00,1,1401.00,11,0.9,2271,0,1
1,32.9905000,-106.9744656,3,1,2026,8,18,1,12,0,22,71,1,0.0000,1,90.00,1,1401.00,11,0.9,2272,0,1
1,32.9905000,-106.9744656,3,1,2026,8,18,1,12,0,22,72,1,0.0000,1,90.00,1,1401.00,11,0.9,2273,0,1
1,32.9905000,-106.9744656,3,1,2026,8,18,1,12,0,22,73,1,0.0000,1,90.00,1,1401.00,11,0.9,2274,0,1
1,32.9905000,-106.9744656,3,1,2026,8,18,1,12,0,22,74,1,0.0000,1,90.00,1,1401.00,11,0.9,2275,0,1
1,32.9905000,-106.9744656,3,1,2026,8,18,1,12,0,22,75,1,0.0000,1,90.00,1,1401.00,11,0.9,2276,0,1
1,32.9905000,-106.9744656,3,1,2026,8,18,1,12,0,22,76,1,0.0000,1,90.00,1,1401.00,11,0.9,2277,0,1
1,32.9905000,-106.9744656,3,1,2026,8,18,1,12,0,22,77,1,0.0000,1,90.00,1,1401.00,11,0.9,2278,0,1
1,32.9905000,-106.9744656,3,1,2026,8,18,1,12,0,22,78,1,0.0000,1,90.00,1,1401.00,11,0.9,2279,0,1
1,32.9905000,-106.9744656,3,1,2026,8,18,1,12,0,22,79,1,0.0000,1,90.00,1,1401.00,11,0.9,2280,0,1
1,32.9905000,-106.9744656,3,1,2026,8,18,1,12,0,22,80,1,0.0000,1,90.00,1,1401.00,11,0.9,2281,0,1
1,32.9905000,-106.9744656,3,1,2026,8,18,1,12,0,22,81,1,0.0000,1,90.00,1,1401.00,11,0.9,2282,0,1
1,32.9905000,-106.9744656,3,1,2026,8,18,1,12,0,22,82,1,0.0000,1,90.00,1,1401.00,11,0.9,2283,0,1
1,32.9905000,-106.9744656,3,1,2026,8,18,1,12,0,22,83,1,0.0000,1,90.00,1,1401.00,11,0.9,2284,0,1
1,32.9905000,-106.9744656,3,1,2026,8,18,1,12,0,22,84,1,0.0000,1,90.00,1,1401.00,11,0.9,2285,0,1
1,32.9905000,-106.9744656,3,1,2026,8,18,1,12,0,22,85,1,0.0000,1,90.00,1,1401.00,11,0.9,2286,0,1
1,32.9905000,-106.9744656,3,1,2026,8,18,1,12,0,22,86,1,0.0000,1,90.00,1,1401.00,11,0.9,2287,0,1
1,32.9905000,-106.9744656,3,1,2026,8,18,1,12,0,22,87,1,0.0000,1,90.00,1,1401.00,11,0.9,2288,0,1
1,32.9905000,-106.9744656,3,1,2026,8,18,1,12,0,22,88,1,0.0000,1,90.00,1,1401.00,11,0.9,2289,0,1
1,32.9905000,-106.9744656,3,1,2026,8,18,1,12,0,22,89,1,0.0000,1,90.00,1,1401.00,11,0.9,2290,0,1
1,32.9905000,-106.9744656,3,1,2026,8,18,1,12,0,22,90,1,0.0000,1,90.00,1,1401.00,11,0.9,2291,0,1
1,32.9905000,-106.9744656,3,1,2026,8,18,1,12,0,22,91,1,0.0000,1,90.00,1,1401.00,11,0.9,2292,0,1
1,32.9905000,-106.9744656,3,1,2026,8,18,1,12,0,22,92,1,0.0000,1,90.00,1,1401.00,11,0.9,2293,0,1
1,32.9905000,-106.9744656,3,1,2026,8,18,1,12,0,22,93,1,0.0000,1,90.00,1,1401.00,11,0.9,2294,0,1
1,32.9905000,-106.9744656,3,1,2026,8,18,1,12,0,22,94,1,0.0000,1,90.00,1,1401.00,11,0.9,2295,0,1
1,32.9905000,-106.9744656,3,1,2026,8,18,1,12,0,22,95,1,0.0000,1,90.00,1,1401.00,11,0.9,2296,0,1
1,32.9905000,-106.9744656,3,1,2026,8,18,1,12,0,22,96,1,0.0000,1,90.00,1,1401.00,11,0.9,2297,0,1
1,32.9905000,-106.9744656,3,1,2026,8,18,1,12,0,22,97,1,0.0000,1,90.00,1,1401.00,11,0.9,2298,0,1
1,32.9905000,-106.9744656,3,1,2026,8,18,1,12,0,22,98,1,0.0000,1,90.00,1,1401.00,11,0.9,2299,0,1
1,32.9905000,-106.9744656,3,1,2026,8,18,1,12,0,22,99,1,0.0000,1,90.00,1,1401.00,11,0.9,2300,0,1
1,32.9905000,-106.9744656,3,1,2026,8,18,1,12,0,23,0,1,0.0000,1,90.00,1,1401.00,11,0.9,2301,0,1
1,32.9905000,-106.9744656,3,1,2026,8,18,1,12,0,23,1,1,0.0000,1,90.00,1,1401.00,11,0.9,2302,0,1
1,32.9905000,-106.9744656,3,1,2026,8,18,1,12,0,23,2,1,0.0000,1,90.00,1,1401.00,11,0.9,2303,0,1
1,32.9905000,-106.9744656,3,1,2026,8,18,1,12,0,23,3,1,0.0000,1,90.00,1,1401.00,11,0.9,2304,0,1
1,32.9905000,-106.9744656,3,1,2026,8,18,1,12,0,23,4,1,0.0000,1,90.00,1,1401.00,11,0.9,2305,0,1
1,32.9905000,-106.9744656,3,1,2026,8,18,1,12,0,23,5,1,0.0000,1,90.00,1,1401.00,11,0.9,2306,0,1
1,32.9905000,-106.9744656,3,1,2026,8,18,1,12,0,23,6,1,0.0000,1,90.00,1,1401.00,11,0.9,2307,0,1
1,32.9905000,-106.9744656,3,1,2026,8,18,1,12,0,23,7,1,0.0000,1,90.00,1,1401.00,11,0.9,2308,0,1
1,32.9905000,-106.9744656,3,1,2026,8,18,1,12,0,23,8,1,0.0000,1,90.00,1,1401.00,11,0.9,2309,0,1
1,32.9905000,-106.9744656,3,1,2026,8,18,1,12,0,23,9,1,0.0000,1,90.00,1,1401.00,11,0.9,2310,0,1
1,32.9905000,-106.9744656,3,1,2026,8,18,1,12,0,23,10,1,0.0000,1,90.00,1,1401.00,11,0.9,2311,0,1
1,32.9905000,-106.9744656,3,1,2026,8,18,1,12,0,23,11,1,0.0000,1,90.00,1,1401.00,11,0.9,2312,0,1
1,32.9905000,-106.9744656,3,1,2026,8,18,1,12,0,23,12,1,0.0000,1,90.00,1,1401.00,11,0.9,2313,0,1
1,32.9905000,-106.9744656,3,1,2026,8,18,1,12,0,23,13,1,0.0000,1,90.00,1,1401.00,11,0.9,2314,0,1
1,32.9905000,-106.9744656,3,1,2026,8,18,1,12,0,23,14,1,0.0000,1,90.00,1,1401.00,11,0.9,2315,0,1
1,32.9905000,-106.9744656,3,1,2026,8,18,1,12,0,23,15,1,0.0000,1,90.00,1,1401.00,11,0.9,2316,0,1
1,32.9905000,-106.9744656,3,1,2026,8,18,1,12,0,23,16,1,0.0000,1,90.00,1,1401.00,11,0.9,2317,0,1
1,32.9905000,-106.9744656,3,1,2026,8,18,1,12,0,23,17,1,0.0000,1,90.00,1,1401.00,11,0.9,2318,0,1
1,32.9905000,-106.9744656,3,1,2026,8,18,1,12,0,23,18,1,0.0000,1,90.00,1,1401.00,11,0.9,2319,0,1
1,32.9905000,-106.9744656,3,1,2026,8,18,1,12,0,23,19,1,0.0000,1,90.00,1,1401.00,11,0.9,2320,0,1
1,32.9905000,-106.9744656,3,1,2026,8,18,1,12,0,23,20,1,0.0000,1,90.00,1,1401.00,11,0.9,2321,0,1
1,32.9905000,-106.9744656,3,1,2026,8,18,1,12,0,23,21,1,0.0000,1,90.00,1,1401.00,11,0.9,2322,0,1
1,32.9905000,-106.9744656,3,1,2026,8,18,1,12,0,23,22,1,0.0000,1,90.00,1,1401.00,11,0.9,2323,0,1
1,32.9905000,-106.9744656,3,1,2026,8,18,1,12,0,23,23,1,0.0000,1,90.00,1,1401.00,11,0.9,2324,0,1
1,32.9905000,-106.9744656,3,1,2026,8,18,1,12,0,23,24,1,0.0000,1,90.00,1,1401.00,11,0.9,2325,0,1
1,32.9905000,-106.9744656,3,1,2026,8,18,1,12,0,23,25,1,0.0000,1,90.00,1,1401.00,11,0.9,2326,0,1
1,32.9905000,-106.9744656,3,1,2026,8,18,1,12,0,23,26,1,0.0000,1,90.00,1,1401.00,11,0.9,2327,0,1
1,32.9905000,-106.9744656,3,1,2026,8,18,1,12,0,23,27,1,0.0000,1,90.00,1,1401.00,11,0.9,2328,0,1
1,32.9905000,-106.9744656,3,1,2026,8,18,1,12,0,23,28,1,0.0000,1,90.00,1,1401.00,11,0.9,2329,0,1
1,32.9905000,-106.9744656,3,1,2026,8,18,1,12,0,23,29,1,0.0000,1,90.00,1,1401.00,11,0.9,2330,0,1
1,32.9905000,-106.9744656,3,1,2026,8,18,1,12,0,23,30,1,0.0000,1,90.00,1,1401.00,11,0.9,2331,0,1
1,32.9905000,-106.9744656,3,1,2026,8,18,1,12,0,23,31,1,0.0000,1,90.00,1,1401.00,11,0.9,2332,0,1
1,32.9905000,-106.9744656,3,1,2026,8,18,1,12,0,23,32,1,0.0000,1,90.00,1,1401.00,11,0.9,2333,0,1
1,32.9905000,-106.9744656,3,1,2026,8,18,1,12,0,23,33,1,0.0000,1,90.00,1,1401.00,11,0.9,2334,0,1
1,32.9905000,-106.9744656,3,1,2026,8,18,1,12,0,23,34,1,0.0000,1,90.00,1,1401.00,11,0.9,2335,0,1
1,32.9905000,-106.9744656,3,1,2026,8,18,1,12,0,23,35,1,0.0000,1,90.00,1,1401.00,11,0.9,2336,0,1
1,32.9905000,-106.9744656,3,1,2026,8,18,1,12,0,23,36,1,0.0000,1,90.00,1,1401.00,11,0.9,2337,0,1
1,32.9905000,-106.9744656,3,1,2026,8,18,1,12,0,23,37,1,0.0000,1,90.00,1,1401.00,11,0.9,2338,0,1
1,32.9905000,-106.9744656,3,1,2026,8,18,1,12,0,23,38,1,0.0000,1,90.00,1,1401.00,11,0.9,2339,0,1
1,32.9905000,-106.9744656,3,1,2026,8,18,1,12,0,23,39,1,0.0000,1,90.00,1,1401.00,11,0.9,2340,0,1
1,32.9905000,-106.9744656,3,1,2026,8,18,1,12,0,23,40,1,0.0000,1,90.00,1,1401.00,11,0.9,2341,0,1
1,32.9905000,-106.9744656,3,1,2026,8,18,1,12,0,23,41,1,0.0000,1,90.00,1,1401.00,11,0.9,2342,0,1
1,32.9905000,-106.9744656,3,1,2026,8,18,1,12,0,23,42,1,0.0000,1,90.00,1,1401.00,11,0.9,2343,0,1
1,32.9905000,-106.9744656,3,1,2026,8,18,1,12,0,23,43,1,0.0000,1,90.00,1,1401.00,11,0.9,2344,0,1
1,32.9905000,-106.9744656,3,1,2026,8,18,1,12,0,23,44,1,0.0000,1,90.00,1,1401.00,11,0.9,2345,0,1
1,32.9905000,-106.9744656,3,1,2026,8,18,1,12,0,23,45,1,0.0000,1,90.00,1,1401.00,11,0.9,2346,0,1
1,32.9905000,-106.9744656,3,1,2026,8,18,1,12,0,23,46,1,0.0000,1,90.00,1,1401.00,11,0.9,2347,0,1
1,32.9905000,-106.9744656,3,1,2026,8,18,1,12,0,23,47,1,0.0000,1,90.00,1,1401.00,11,0.9,2348,0,1
1,32.9905000,-106.9744656,3,1,2026,8,18,1,12,0,23,48,1,0.0000,1,90.00,1,1401.00,11,0.9,2349,0,1
1,32.9905000,-106.9744656,3,1,2026,8,18,1,12,0,23,49,1,0.0000,1,90.00,1,1401.00,11,0.9,2350,0,1
1,32.9905000,-106.9744656,3,1,2026,8,18,1,12,0,23,50,1,0.0000,1,90.00,1,1401.00,11,0.9,2351,0,1
1,32.9905000,-106.9744656,3,1,2026,8,18,1,12,0,23,51,1,0.0000,1,90.00,1,1401.00,11,0.9,2352,0,1
1,32.9905000,-106.9744656,3,1,2026,8,18,1,12,0,23,52,1,0.0000,1,90.00,1,1401.00,11,0.9,2353,0,1
1,32.9905000,-106.9744656,3,1,2026,8,18,1,12,0,23,53,1,0.0000,1,90.00,1,1401.00,11,0.9,2354,0,1
1,32.9905000,-106.9744656,3,1,2026,8,18,1,12,0,23,54,1,0.0000,1,90.00,1,1401.00,11,0.9,2355,0,1
1,32.9905000,-106.9744656,3,1,2026,8,18,1,12,0,23,55,1,0.0000,1,90.00,1,1401.00,11,0.9,2356,0,1
1,32.9905000,-106.9744656,3,1,2026,8,18,1,12,0,23,56,1,0.0000,1,90.00,1,1401.00,11,0.9,2357,0,1
1,32.9905000,-106.9744656,3,1,2026,8,18,1,12,0,23,57,1,0.0000,1,90.00,1,1401.00,11,0.9,2358,0,1
1,32.9905000,-106.9744656,3,1,2026,8,18,1,12,0,23,58,1,0.0000,1,90.00,1,1401.00,11,0.9,2359,0,1
1,32.9905000,-106.9744656,3,1,2026,8,18,1,12,0,23,59,1,0.0000,1,90.00,1,1401.00,11,0.9,2360,0,1
1,32.9905000,-106.9744656,3,1,2026,8,18,1,12,0,23,60,1,0.0000,1,90.00,1,1401.00,11,0.9,2361,0,1
1,32.9905000,-106.9744656,3,1,2026,8,18,1,12,0,23,61,1,0.0000,1,90.00,1,1401.00,11,0.9,2362,0,1
1,32.9905000,-106.9744656,3,1,2026,8,18,1,12,0,23,62,1,0.0000,1,90.00,1,1401.00,11,0.9,2363,0,1
1,32.9905000,-106.9744656,3,1,2026,8,18,1,12,0,23,63,1,0.0000,1,90.00,1,1401.00,11,0.9,2364,0,1
1,32.9905000,-106.9744656,3,1,2026,8,18,1,12,0,23,64,1,0.0000,1,90.00,1,1401.00,11,0.9,2365,0,1
1,32.9905000,-106.9744656,3,1,2026,8,18,1,12,0,23,65,1,0.0000,1,90.00,1,1401.00,11,0.9,2366,0,1
1,32.9905000,-106.9744656,3,1,2026,8,18,1,12,0,23,66,1,0.0000,1,90.00,1,1401.00,11,0.9,2367,0,1
1,32.9905000,-106.9744656,3,1,2026,8,18,1,12,0,23,67,1,0.0000,1,90.00,1,1401.00,11,0.9,2368,0,1
1,32.9905000,-106.9744656,3,1,2026,8,18,1,12,0,23,68,1,0.0000,1,90.00,1,1401.00,11,0.9,2369,0,1
1,32.9905000,-106.9744656,3,1,2026,8,18,1,12,0,23,69,1,0.0000,1,90.00,1,1401.00,11,0.9,2370,0,1
1,32.9905000,-106.9744656,3,1,2026,8,18,1,12,0,23,70,1,0.0000,1,90.00,1,1401.00,11,0.9,2371,0,1
1,32.9905000,-106.9744656,3,1,2026,8,18,1,12,0,23,71,1,0.0000,1,90.00,1,1401.00,11,0.9,2372,0,1
1,32.9905000,-106.9744656,3,1,2026,8,18,1,12,0,23,72,1,0.0000,1,90.00,1,1401.00,11,0.9,2373,0,1
1,32.9905000,-106.9744656,3,1,2026,8,18,1,12,0,23,73,1,0.0000,1,90.00,1,1401.00,11,0.9,2374,0,1
1,32.9905000,-106.9744656,3,1,2026,8,18,1,12,0,23,74,1,0.0000,1,90.00,1,1401.00,11,0.9,2375,0,1
1,32.9905000,-106.9744656,3,1,2026,8,18,1,12,0,23,75,1,0.0000,1,90.00,1,1401.00,11,0.9,2376,0,1
1,32.9905000,-106.9744656,3,1,2026,8,18,1,12,0,23,76,1,0.0000,1,90.00,1,1401.00,11,0.9,2377,0,1
1,32.9905000,-106.9744656,3,1,2026,8,18,1,12,0,23,77,1,0.0000,1,90.00,1,1401.00,11,0.9,2378,0,1
1,32.9905000,-106.9744656,3,1,2026,8,18,1,12,0,23,78,1,0.0000,1,90.00,1,1401.00,11,0.9,2379,0,1
1,32.9905000,-106.9744656,3,1,2026,8,18,1,12,0,23,79,1,0.0000,1,90.00,1,1401.00,11,0.9,2380,0,1
1,32.9905000,-106.9744656,3,1,2026,8,18,1,12,0,23,80,1,0.0000,1,90.00,1,1401.00,11,0.9,2381,0,1
1,32.9905000,-106.9744656,3,1,2026,8,18,1,12,0,23,81,1,0.0000,1,90.00,1,1401.00,11,0.9,2382,0,1
1,32.9905000,-106.9744656,3,1,2026,8,18,1,12,0,23,82,1,0.0000,1,90.00,1,1401.00,11,0.9,2383,0,1
1,32.9905000,-106.9744656,3,1,2026,8,18,1,12,0,23,83,1,0.0000,1,90.00,1,1401.00,11,0.9,2384,0,1
1,32.9905000,-106.9744656,3,1,2026,8,18,1,12,0,23,84,1,0.0000,1,90.00,1,1401.00,11,0.9,2385,0,1
1,32.9905000,-106.9744656,3,1,2026,8,18,1,12,0,23,85,1,0.0000,1,90.00,1,1401.00,11,0.9,2386,0,1
1,32.9905000,-106.9744656,3,1,2026,8,18,1,12,0,23,86,1,0.0000,1,90.00,1,1401.00,11,0.9,2387,0,1
1,32.9905000,-106.9744656,3,1,2026,8,18,1,12,0,23,87,1,0.0000,1,90.00,1,1401.00,11,0.9,2388,0,1
1,32.9905000,-106.9744656,3,1,2026,8,18,1,12,0,23,88,1,0.0000,1,90.00,1,1401.00,11,0.9,2389,0,1
1,32.9905000,-106.9744656,3,1,2026,8,18,1,12,0,23,89,1,0.0000,1,90.00,1,1401.00,11,0.9,2390,0,1
1,32.9905000,-106.9744656,3,1,2026,8,18,1,12,0,23,90,1,0.0000,1,90.00,1,1401.00,11,0.9,2391,0,1
1,32.9905000,-106.9744656,3,1,2026,8,18,1,12,0,23,91,1,0.0000,1,90.00,1,1401.00,11,0.9,2392,0,1
1,32.9905000,-106.9744656,3,1,2026,8,18,1,12,0,23,92,1,0.0000,1,90.00,1,1401.00,11,0.9,2393,0,1
1,32.9905000,-106.9744656,3,1,2026,8,18,1,12,0,23,93,1,0.0000,1,90.00,1,1401.00,11,0.9,2394,0,1
1,32.9905000,-106.9744656,3,1,2026,8,18,1,12,0,23,94,1,0.0000,1,90.00,1,1401.00,11,0.9,2395,0,1
1,32.9905000,-106.9744656,3,1,2026,8,18,1,12,0,23,95,1,0.0000,1,90.00,1,1401.00,11,0.9,2396,0,1
1,32.9905000,-106.9744656,3,1,2026,8,18,1,12,0,23,96,1,0.0000,1,90.00,1,1401.00,11,0.9,2397,0,1
1,32.9905000,-106.9744656,3,1,2026,8,18,1,12,0,23,97,1,0.0000,1,90.00,1,1401.00,11,0.9,2398,0,1
1,32.9905000,-106.9744656,3,1,2026,8,18,1,12,0,23,98,1,0.0000,1,90.00,1,1401.00,11,0.9,2399,0,1
1,32.9905000,-106.9744656,3,1,2026,8,18,1,12,0,23,99,1,0.0000,1,90.00,1,1401.00,11,0.9,2400,0,1
1,32.9905000,-106.9744656,3,1,2026,8,18,1,12,0,24,0,1,0.0000,1,90.00,1,1401.00,11,0.9,2401,0,1
1,32.9905000,-106.9744656,3,1,2026,8,18,1,12,0,24,1,1,0.0000,1,90.00,1,1401.00,11,0.9,2402,0,1
1,32.9905000,-106.9744656,3,1,2026,8,18,1,12,0,24,2,1,0.0000,1,90.00,1,1401.00,11,0.9,2403,0,1
1,32.9905000,-106.9744656,3,1,2026,8,18,1,12,0,24,3,1,0.0000,1,90.00,1,1401.00,11,0.9,2404,0,1
1,32.9905000,-106.9744656,3,1,2026,8,18,1,12,0,24,4,1,0.0000,1,90.00,1,1401.00,11,0.9,2405,0,1
1,32.9905000,-106.9744656,3,1,2026,8,18,1,12,0,24,5,1,0.0000,1,90.00,1,1401.00,11,0.9,2406,0,1
1,32.9905000,-106.9744656,3,1,2026,8,18,1,12,0,24,6,1,0.0000,1,90.00,1,1401.00,11,0.9,2407,0,1
1,32.9905000,-106.9744656,3,1,2026,8,18,1,12,0,24,7,1,0.0000,1,90.00,1,1401.00,11,0.9,2408,0,1
1,32.9905000,-106.9744656,3,1,2026,8,18,1,12,0,24,8,1,0.0000,1,90.00,1,1401.00,11,0.9,2409,0,1
1,32.9905000,-106.9744656,3,1,2026,8,18,1,12,0,24,9,1,0.0000,1,90.00,1,1401.00,11,0.9,2410,0,1
1,32.9905000,-106.9744656,3,1,2026,8,18,1,12,0,24,10,1,0.0000,1,90.00,1,1401.00,11,0.9,2411,0,1
1,32.9905000,-106.9744656,3,1,2026,8,18,1,12,0,24,11,1,0.0000,1,90.00,1,1401.00,11,0.9,2412,0,1
1,32.9905000,-106.9744656,3,1,2026,8,18,1,12,0,24,12,1,0.0000,1,90.00,1,1401.00,11,0.9,2413,0,1
1,32.9905000,-106.9744656,3,1,2026,8,18,1,12,0,24,13,1,0.0000,1,90.00,1,1401.00,11,0.9,2414,0,1
1,32.9905000,-106.9744656,3,1,2026,8,18,1,12,0,24,14,1,0.0000,1,90.00,1,1401.00,11,0.9,2415,0,1
1,32.9905000,-106.9744656,3,1,2026,8,18,1,12,0,24,15,1,0.0000,1,90.00,1,1401.00,11,0.9,2416,0,1
1,32.9905000,-106.9744656,3,1,2026,8,18,1,12,0,24,16,1,0.0000,1,90.00,1,1401.00,11,0.9,2417,0,1
1,32.9905000,-106.9744656,3,1,2026,8,18,1,12,0,24,17,1,0.0000,1,90.00,1,1401.00,11,0.9,2418,0,1
1,32.9905000,-106.9744656,3,1,2026,8,18,1,12,0,24,18,1,0.0000,1,90.00,1,1401.00,11,0.9,2419,0,1
1,32.9905000,-106.9744656,3,1,2026,8,18,1,12,0,24,19,1,0.0000,1,90.00,1,1401.00,11,0.9,2420,0,1
1,32.9905000,-106.9744656,3,1,2026,8,18,1,12,0,24,20,1,0.0000,1,90.00,1,1401.00,11,0.9,2421,0,1
1,32.9905000,-106.9744656,3,1,2026,8,18,1,12,0,24,21,1,0.0000,1,90.00,1,1401.00,11,0.9,2422,0,1
1,32.9905000,-106.9744656,3,1,2026,8,18,1,12,0,24,22,1,0.0000,1,90.00,1,1401.00,11,0.9,2423,0,1
1,32.9905000,-106.9744656,3,1,2026,8,18,1,12,0,24,23,1,0.0000,1,90.00,1,1401.00,11,0.9,2424,0,1
1,32.9905000,-106.9744656,3,1,2026,8,18,1,12,0,24,24,1,0.0000,1,90.00,1,1401.00,11,0.9,2425,0,1
1,32.9905000,-106.9744656,3,1,2026,8,18,1,12,0,24,25,1,0.0000,1,90.00,1,1401.00,11,0.9,2426,0,1
1,32.9905000,-106.9744656,3,1,2026,8,18,1,12,0,24,26,1,0.0000,1,90.00,1,1401.00,11,0.9,2427,0,1
1,32.9905000,-106.9744656,3,1,2026,8,18,1,12,0,24,27,1,0.0000,1,90.00,1,1401.00,11,0.9,2428,0,1
1,32.9905000,-106.9744656,3,1,2026,8,18,1,12,0,24,28,1,0.0000,1,90.00,1,1401.00,11,0.9,2429,0,1
1,32.9905000,-106.9744656,3,1,2026,8,18,1,12,0,24,29,1,0.0000,1,90.00,1,1401.00,11,0.9,2430,0,1
1,32.9905000,-106.9744656,3,1,2026,8,18,1,12,0,24,30,1,0.0000,1,90.00,1,1401.00,11,0.9,2431,0,1
1,32.9905000,-106.9744656,3,1,2026,8,18,1,12,0,24,31,1,0.0000,1,90.00,1,1401.00,11,0.9,2432,0,1
1,32.9905000,-106.9744656,3,1,2026,8,18,1,12,0,24,32,1,0.0000,1,90.00,1,1401.00,11,0.9,2433,0,1
1,32.9905000,-106.9744656,3,1,2026,8,18,1,12,0,24,33,1,0.0000,1,90.00,1,1401.00,11,0.9,2434,0,1
1,32.9905000,-106.9744656,3,1,2026,8,18,1,12,0,24,34,1,0.0000,1,90.00,1,1401.00,11,0.9,2435,0,1
1,32.9905000,-106.9744656,3,1,2026,8,18,1,12,0,24,35,1,0.0000,1,90.00,1,1401.00,11,0.9,2436,0,1
1,32.9905000,-106.9744656,3,1,2026,8,18,1,12,0,24,36,1,0.0000,1,90.00,1,1401.00,11,0.9,2437,0,1
1,32.9905000,-106.9744656,3,1,2026,8,18,1,12,0,24,37,1,0.0000,1,90.00,1,1401.00,11,0.9,2438,0,1
1,32.9905000,-106.9744656,3,1,2026,8,18,1,12,0,24,38,1,0.0000,1,90.00,1,1401.00,11,0.9,2439,0,1
1,32.9905000,-106.9744656,3,1,2026,8,18,1,12,0,24,39,1,0.0000,1,90.00,1,1401.00,11,0.9,2440,0,1
1,32.9905000,-106.9744656,3,1,2026,8,18,1,12,0,24,40,1,0.0000,1,90.00,1,1401.00,11,0.9,2441,0,1
1,32.9905000,-106.9744656,3,1,2026,8,18,1,12,0,24,41,1,0.0000,1,90.00,1,1401.00,11,0.9,2442,0,1
1,32.9905000,-106.9744656,3,1,2026,8,18,1,12,0,24,42,1,0.0000,1,90.00,1,1401.00,11,0.9,2443,0,1
1,32.9905000,-106.9744656,3,1,2026,8,18,1,12,0,24,43,1,0.0000,1,90.00,1,1401.00,11,0.9,2444,0,1
1,32.9905000,-106.9744656,3,1,2026,8,18,1,12,0,24,44,1,0.0000,1,90.00,1,1401.00,11,0.9,2445,0,1
1,32.9905000,-106.9744656,3,1,2026,8,18,1,12,0,24,45,1,0.0000,1,90.00,1,1401.00,11,0.9,2446,0,1
1,32.9905000,-106.9744656,3,1,2026,8,18,1,12,0,24,46,1,0.0000,1,90.00,1,1401.00,11,0.9,2447,0,1
1,32.9905000,-106.9744656,3,1,2026,8,18,1,12,0,24,47,1,0.0000,1,90.00,1,1401.00,11,0.9,2448,0,1
1,32.9905000,-106.9744656,3,1,2026,8,18,1,12,0,24,48,1,0.0000,1,90.00,1,1401.00,11,0.9,2449,0,1
1,32.9905000,-106.9744656,3,1,2026,8,18,1,12,0,24,49,1,0.0000,1,90.00,1,1401.00,11,0.9,2450,0,1
1,32.9905000,-106.9744656,3,1,2026,8,18,1,12,0,24,50,1,0.0000,1,90.00,1,1401.00,11,0.9,2451,0,1
1,32.9905000,-106.9744656,3,1,2026,8,18,1,12,0,24,51,1,0.0000,1,90.00,1,1401.00,11,0.9,2452,0,1
1,32.9905000,-106.9744656,3,1,2026,8,18,1,12,0,24,52,1,0.0000,1,90.00,1,1401.00,11,0.9,2453,0,1
1,32.9905000,-106.9744656,3,1,2026,8,18,1,12,0,24,53,1,0.0000,1,90.00,1,1401.00,11,0.9,2454,0,1
1,32.9905000,-106.9744656,3,1,2026,8,18,1,12,0,24,54,1,0.0000,1,90.00,1,1401.00,11,0.9,2455,0,1
1,32.9905000,-106.9744656,3,1,2026,8,18,1,12,0,24,55,1,0.0000,1,90.00,1,1401.00,11,0.9,2456,0,1
1,32.9905000,-106.9744656,3,1,2026,8,18,1,12,0,24,56,1,0.0000,1,90.00,1,1401.00,11,0.9,2457,0,1
1,32.9905000,-106.9744656,3,1,2026,8,18,1,12,0,24,57,1,0.0000,1,90.00,1,1401.00,11,0.9,2458,0,1
1,32.9905000,-106.9744656,3,1,2026,8,18,1,12,0,24,58,1,0.0000,1,90.00,1,1401.00,11,0.9,2459,0,1
1,32.9905000,-106.9744656,3,1,2026,8,18,1,12,0,24,59,1,0.0000,1,90.00,1,1401.00,11,0.9,2460,0,1
1,32.9905000,-106.9744656,3,1,2026,8,18,1,12,0,24,60,1,0.0000,1,90.00,1,1401.00,11,0.9,2461,0,1
1,32.9905000,-106.9744656,3,1,2026,8,18,1,12,0,24,61,1,0.0000,1,90.00,1,1401.00,11,0.9,2462,0,1
1,32.9905000,-106.9744656,3,1,2026,8,18,1,12,0,24,62,1,0.0000,1,90.00,1,1401.00,11,0.9,2463,0,1
1,32.9905000,-106.9744656,3,1,2026,8,18,1,12,0,24,63,1,0.0000,1,90.00,1,1401.00,11,0.9,2464,0,1
1,32.9905000,-106.9744656,3,1,2026,8,18,1,12,0,24,64,1,0.0000,1,90.00,1,1401.00,11,0.9,2465,0,1
1,32.9905000,-106.9744656,3,1,2026,8,18,1,12,0,24,65,1,0.0000,1,90.00,1,1401.00,11,0.9,2466,0,1
1,32.9905000,-106.9744656,3,1,2026,8,18,1,12,0,24,66,1,0.0000,1,90.00,1,1401.00,11,0.9,2467,0,1
1,32.9905000,-106.9744656,3,1,2026,8,18,1,12,0,24,67,1,0.0000,1,90.00,1,1401.00,11,0.9,2468,0,1
1,32.9905000,-106.9744656,3,1,2026,8,18,1,12,0,24,68,1,0.0000,1,90.00,1,1401.00,11,0.9,2469,0,1
1,32.9905000,-106.9744656,3,1,2026,8,18,1,12,0,24,69,1,0.0000,1,90.00,1,1401.00,11,0.9,2470,0,1
1,32.9905000,-106.9744656,3,1,2026,8,18,1,12,0,24,70,1,0.0000,1,90.00,1,1401.00,11,0.9,2471,0,1
1,32.9905000,-106.9744656,3,1,2026,8,18,1,12,0,24,71,1,0.0000,1,90.00,1,1401.00,11,0.9,2472,0,1
1,32.9905000,-106.9744656,3,1,2026,8,18,1,12,0,24,72,1,0.0000,1,90.00,1,1401.00,11,0.9,2473,0,1
1,32.9905000,-106.9744656,3,1,2026,8,18,1,12,0,24,73,1,0.0000,1,90.00,1,1401.00,11,0.9,2474,0,1
1,32.9905000,-106.9744656,3,1,2026,8,18,1,12,0,24,74,1,0.0000,1,90.00,1,1401.00,11,0.9,2475,0,1
1,32.9905000,-106.9744656,3,1,2026,8,18,1,12,0,24,75,1,0.0000,1,90.00,1,1401.00,11,0.9,2476,0,1
1,32.9905000,-106.9744656,3,1,2026,8,18,1,12,0,24,76,1,0.0000,1,90.00,1,1401.00,11,0.9,2477,0,1
1,32.9905000,-106.9744656,3,1,2026,8,18,1,12,0,24,77,1,0.0000,1,90.00,1,1401.00,11,0.9,2478,0,1
1,32.9905000,-106.9744656,3,1,2026,8,18,1,12,0,24,78,1,0.0000,1,90.00,1,1401.00,11,0.9,2479,0,1
1,32.9905000,-106.9744656,3,1,2026,8,18,1,12,0,24,79,1,0.0000,1,90.00,1,1401.00,11,0.9,2480,0,1
1,32.9905000,-106.9744656,3,1,2026,8,18,1,12,0,24,80,1,0.0000,1,90.00,1,1401.00,11,0.9,2481,0,1
1,32.9905000,-106.9744656,3,1,2026,8,18,1,12,0,24,81,1,0.0000,1,90.00,1,1401.00,11,0.9,2482,0,1
1,32.9905000,-106.9744656,3,1,2026,8,18,1,12,0,24,82,1,0.0000,1,90.00,1,1401.00,11,0.9,2483,0,1
1,32.9905000,-106.9744656,3,1,2026,8,18,1,12,0,24,83,1,0.0000,1,90.00,1,1401.00,11,0.9,2484,0,1
1,32.9905000,-106.9744656,3,1,2026,8,18,1,12,0,24,84,1,0.0000,1,90.00,1,1401.00,11,0.9,2485,0,1
1,32.9905000,-106.9744656,3,1,2026,8,18,1,12,0,24,85,1,0.0000,1,90.00,1,1401.00,11,0.9,2486,0,1
1,32.9905000,-106.9744656,3,1,2026,8,18,1,12,0,24,86,1,0.0000,1,90.00,1,1401.00,11,0.9,2487,0,1
1,32.9905000,-106.9744656,3,1,2026,8,18,1,12,0,24,87,1,0.0000,1,90.00,1,1401.00,11,0.9,2488,0,1
1,32.9905000,-106.9744656,3,1,2026,8,18,1,12,0,24,88,1,0.0000,1,90.00,1,1401.00,11,0.9,2489,0,1
1,32.9905000,-106.9744656,3,1,2026,8,18,1,12,0,24,89,1,0.0000,1,90.00,1,1401.00,11,0.9,2490,0,1
1,32.9905000,-106.9744656,3,1,2026,8,18,1,12,0,24,90,1,0.0000,1,90.00,1,1401.00,11,0.9,2491,0,1
1,32.9905000,-106.9744656,3,1,2026,8,18,1,12,0,24,91,1,0.0000,1,90.00,1,1401.00,11,0.9,2492,0,1
1,32.9905000,-106.9744656,3,1,2026,8,18,1,12,0,24,92,1,0.0000,1,90.00,1,1401.00,11,0.9,2493,0,1
1,32.9905000,-106.9744656,3,1,2026,8,18,1,12,0,24,93,1,0.0000,1,90.00,1,1401.00,11,0.9,2494,0,1
1,32.9905000,-106.9744656,3,1,2026,8,18,1,12,0,24,94,1,0.0000,1,90.00,1,1401.00,11,0.9,2495,0,1
1,32.9905000,-106.9744656,3,1,2026,8,18,1,12,0,24,95,1,0.0000,1,90.00,1,1401.00,11,0.9,2496,0,1
1,32.9905000,-106.9744656,3,1,2026,8,18,1,12,0,24,96,1,0.0000,1,90.00,1,1401.00,11,0.9,2497,0,1
1,32.9905000,-106.9744656,3,1,2026,8,18,1,12,0,24,97,1,0.0000,1,90.00,1,1401.00,11,0.9,2498,0,1
1,32.9905000,-106.9744656,3,1,2026,8,18,1,12,0,24,98,1,0.0000,1,90.00,1,1401.00,11,0.9,2499,0,1
1,32.9905000,-106.9744656,3,1,2026,8,18,1,12,0,24,99,1,0.0000,1,90.00,1,1401.00,11,0.9,2500,0,1
1,32.9905000,-106.9744656,3,1,2026,8,18,1,12,0,25,0,1,0.0000,1,90.00,1,1401.00,11,0.9,2501,0,1
1,32.9905000,-106.9744656,3,1,2026,8,18,1,12,0,25,1,1,0.0000,1,90.00,1,1401.00,11,0.9,2502,0,1
1,32.9905000,-106.9744656,3,1,2026,8,18,1,12,0,25,2,1,0.0000,1,90.00,1,1401.00,11,0.9,2503,0,1
1,32.9905000,-106.9744656,3,1,2026,8,18,1,12,0,25,3,1,0.0000,1,90.00,1,1401.00,11,0.9,2504,0,1
1,32.9905000,-106.9744656,3,1,2026,8,18,1,12,0,25,4,1,0.0000,1,90.00,1,1401.00,11,0.9,2505,0,1
1,32.9905000,-106.9744656,3,1,2026,8,18,1,12,0,25,5,1,0.0000,1,90.00,1,1401.00,11,0.9,2506,0,1
1,32.9905000,-106.9744656,3,1,2026,8,18,1,12,0,25,6,1,0.0000,1,90.00,1,1401.00,11,0.9,2507,0,1
1,32.9905000,-106.9744656,3,1,2026,8,18,1,12,0,25,7,1,0.0000,1,90.00,1,1401.00,11,0.9,2508,0,1
1,32.9905000,-106.9744656,3,1,2026,8,18,1,12,0,25,8,1,0.0000,1,90.00,1,1401.00,11,0.9,2509,0,1
1,32.9905000,-106.9744656,3,1,2026,8,18,1,12,0,25,9,1,0.0000,1,90.00,1,1401.00,11,0.9,2510,0,1
1,32.9905000,-106.9744656,3,1,2026,8,18,1,12,0,25,10,1,0.0000,1,90.00,1,1401.00,11,0.9,2511,0,1
1,32.9905000,-106.9744656,3,1,2026,8,18,1,12,0,25,11,1,0.0000,1,90.00,1,1401.00,11,0.9,2512,0,1
1,32.9905000,-106.9744656,3,1,2026,8,18,1,12,0,25,12,1,0.0000,1,90.00,1,1401.00,11,0.9,2513,0,1
1,32.9905000,-106.9744656,3,1,2026,8,18,1,12,0,25,13,1,0.0000,1,90.00,1,1401.00,11,0.9,2514,0,1
1,32.9905000,-106.9744656,3,1,2026,8,18,1,12,0,25,14,1,0.0000,1,90.00,1,1401.00,11,0.9,2515,0,1
1,32.9905000,-106.9744656,3,1,2026,8,18,1,12,0,25,15,1,0.0000,1,90.00,1,1401.00,11,0.9,2516,0,1
1,32.9905000,-106.9744656,3,1,2026,8,18,1,12,0,25,16,1,0.0000,1,90.00,1,1401.00,11,0.9,2517,0,1
1,32.9905000,-106.9744656,3,1,2026,8,18,1,12,0,25,17,1,0.0000,1,90.00,1,1401.00,11,0.9,2518,0,1
1,32.9905000,-106.9744656,3,1,2026,8,18,1,12,0,25,18,1,0.0000,1,90.00,1,1401.00,11,0.9,2519,0,1
1,32.9905000,-106.9744656,3,1,2026,8,18,1,12,0,25,19,1,0.0000,1,90.00,1,1401.00,11,0.9,2520,0,1
1,32.9905000,-106.9744656,3,1,2026,8,18,1,12,0,25,20,1,0.0000,1,90.00,1,1401.00,11,0.9,2521,0,1
1,32.9905000,-106.9744656,3,1,2026,8,18,1,12,0,25,21,1,0.0000,1,90.00,1,1401.00,11,0.9,2522,0,1
1,32.9905000,-106.9744656,3,1,2026,8,18,1,12,0,25,22,1,0.0000,1,90.00,1,1401.00,11,0.9,2523,0,1
1,32.9905000,-106.9744656,3,1,2026,8,18,1,12,0,25,23,1,0.0000,1,90.00,1,1401.00,11,0.9,2524,0,1
1,32.9905000,-106.9744656,3,1,2026,8,18,1,12,0,25,24,1,0.0000,1,90.00,1,1401.00,11,0.9,2525,0,1
1,32.9905000,-106.9744656,3,1,2026,8,18,1,12,0,25,25,1,0.0000,1,90.00,1,1401.00,11,0.9,2526,0,1
1,32.9905000,-106.9744656,3,1,2026,8,18,1,12,0,25,26,1,0.0000,1,90.00,1,1401.00,11,0.9,2527,0,1
1,32.9905000,-106.9744656,3,1,2026,8,18,1,12,0,25,27,1,0.0000,1,90.00,1,1401.00,11,0.9,2528,0,1
1,32.9905000,-106.9744656,3,1,2026,8,18,1,12,0,25,28,1,0.0000,1,90.00,1,1401.00,11,0.9,2529,0,1
1,32.9905000,-106.9744656,3,1,2026,8,18,1,12,0,25,29,1,0.0000,1,90.00,1,1401.00,11,0.9,2530,0,1
1,32.9905000,-106.9744656,3,1,2026,8,18,1,12,0,25,30,1,0.0000,1,90.00,1,1401.00,11,0.9,2531,0,1
1,32.9905000,-106.9744656,3,1,2026,8,18,1,12,0,25,31,1,0.0000,1,90.00,1,1401.00,11,0.9,2532,0,1
1,32.9905000,-106.9744656,3,1,2026,8,18,1,12,0,25,32,1,0.0000,1,90.00,1,1401.00,11,0.9,2533,0,1
1,32.9905000,-106.9744656,3,1,2026,8,18,1,12,0,25,33,1,0.0000,1,90.00,1,1401.00,11,0.9,2534,0,1
1,32.9905000,-106.9744656,3,1,2026,8,18,1,12,0,25,34,1,0.0000,1,90.00,1,1401.00,11,0.9,2535,0,1
1,32.9905000,-106.9744656,3,1,2026,8,18,1,12,0,25,35,1,0.0000,1,90.00,1,1401.00,11,0.9,2536,0,1
1,32.9905000,-106.9744656,3,1,2026,8,18,1,12,0,25,36,1,0.0000,1,90.00,1,1401.00,11,0.9,2537,0,1
1,32.9905000,-106.9744656,3,1,2026,8,18,1,12,0,25,37,1,0.0000,1,90.00,1,1401.00,11,0.9,2538,0,1
1,32.9905000,-106.9744656,3,1,2026,8,18,1,12,0,25,38,1,0.0000,1,90.00,1,1401.00,11,0.9,2539,0,1
1,32.9905000,-106.9744656,3,1,2026,8,18,1,12,0,25,39,1,0.0000,1,90.00,1,1401.00,11,0.9,2540,0,1
1,32.9905000,-106.9744656,3,1,2026,8,18,1,12,0,25,40,1,0.0000,1,90.00,1,1401.00,11,0.9,2541,0,1
1,32.9905000,-106.9744656,3,1,2026,8,18,1,12,0,25,41,1,0.0000,1,90.00,1,1401.00,11,0.9,2542,0,1
1,32.9905000,-106.9744656,3,1,2026,8,18,1,12,0,25,42,1,0.0000,1,90.00,1,1401.00,11,0.9,2543,0,1
1,32.9905000,-106.9744656,3,1,2026,8,18,1,12,0,25,43,1,0.0000,1,90.00,1,1401.00,11,0.9,2544,0,1
1,32.9905000,-106.9744656,3,1,2026,8,18,1,12,0,25,44,1,0.0000,1,90.00,1,1401.00,11,0.9,2545,0,1
1,32.9905000,-106.9744656,3,1,2026,8,18,1,12,0,25,45,1,0.0000,1,90.00,1,1401.00,11,0.9,2546,0,1
1,32.9905000,-106.9744656,3,1,2026,8,18,1,12,0,25,46,1,0.0000,1,90.00,1,1401.00,11,0.9,2547,0,1
1,32.9905000,-106.9744656,3,1,2026,8,18,1,12,0,25,47,1,0.0000,1,90.00,1,1401.00,11,0.9,2548,0,1
1,32.9905000,-106.9744656,3,1,2026,8,18,1,12,0,25,48,1,0.0000,1,90.00,1,1401.00,11,0.9,2549,0,1
1,32.9905000,-106.9744656,3,1,2026,8,18,1,12,0,25,49,1,0.0000,1,90.00,1,1401.00,11,0.9,2550,0,1
1,32.9905000,-106.9744656,3,1,2026,8,18,1,12,0,25,50,1,0.0000,1,90.00,1,1401.00,11,0.9,2551,0,1
1,32.9905000,-106.9744656,3,1,2026,8,18,1,12,0,25,51,1,0.0000,1,90.00,1,1401.00,11,0.9,2552,0,1
1,32.9905000,-106.9744656,3,1,2026,8,18,1,12,0,25,52,1,0.0000,1,90.00,1,1401.00,11,0.9,2553,0,1
1,32.9905000,-106.9744656,3,1,2026,8,18,1,12,0,25,53,1,0.0000,1,90.00,1,1401.00,11,0.9,2554,0,1
1,32.9905000,-106.9744656,3,1,2026,8,18,1,12,0,25,54,1,0.0000,1,90.00,1,1401.00,11,0.9,2555,0,1
1,32.9905000,-106.9744656,3,1,2026,8,18,1,12,0,25,55,1,0.0000,1,90.00,1,1401.00,11,0.9,2556,0,1
1,32.9905000,-106.9744656,3,1,2026,8,18,1,12,0,25,56,1,0.0000,1,90.00,1,1401.00,11,0.9,2557,0,1
1,32.9905000,-106.9744656,3,1,2026,8,18,1,12,0,25,57,1,0.0000,1,90.00,1,1401.00,11,0.9,2558,0,1
1,32.9905000,-106.9744656,3,1,2026,8,18,1,12,0,25,58,1,0.0000,1,90.00,1,1401.00,11,0.9,2559,0,1
1,32.9905000,-106.9744656,3,1,2026,8,18,1,12,0,25,59,1,0.0000,1,90.00,1,1401.00,11,0.9,2560,0,1
1,32.9905000,-106.9744656,3,1,2026,8,18,1,12,0,25,60,1,0.0000,1,90.00,1,1401.00,11,0.9,2561,0,1
1,32.9905000,-106.9744656,3,1,2026,8,18,1,12,0,25,61,1,0.0000,1,90.00,1,1401.00,11,0.9,2562,0,1
1,32.9905000,-106.9744656,3,1,2026,8,18,1,12,0,25,62,1,0.0000,1,90.00,1,1401.00,11,0.9,2563,0,1
1,32.9905000,-106.9744656,3,1,2026,8,18,1,12,0,25,63,1,0.0000,1,90.00,1,1401.00,11,0.9,2564,0,1
1,32.9905000,-106.9744656,3,1,2026,8,18,1,12,0,25,64,1,0.0000,1,90.00,1,1401.00,11,0.9,2565,0,1
1,32.9905000,-106.9744656,3,1,2026,8,18,1,12,0,25,65,1,0.0000,1,90.00,1,1401.00,11,0.9,2566,0,1
1,32.9905000,-106.9744656,3,1,2026,8,18,1,12,0,25,66,1,0.0000,1,90.00,1,1401.00,11,0.9,2567,0,1
1,32.9905000,-106.9744656,3,1,2026,8,18,1,12,0,25,67,1,0.0000,1,90.00,1,1401.00,11,0.9,2568,0,1
1,32.9905000,-106.9744656,3,1,2026,8,18,1,12,0,25,68,1,0.0000,1,90.00,1,1401.00,11,0.9,2569,0,1
1,32.9905000,-106.9744656,3,1,2026,8,18,1,12,0,25,69,1,0.0000,1,90.00,1,1401.00,11,0.9,2570,0,1
1,32.9905000,-106.9744656,3,1,2026,8,18,1,12,0,25,70,1,0.0000,1,90.00,1,1401.00,11,0.9,2571,0,1
1,32.9905000,-106.9744656,3,1,2026,8,18,1,12,0,25,71,1,0.0000,1,90.00,1,1401.00,11,0.9,2572,0,1
1,32.9905000,-106.9744656,3,1,2026,8,18,1,12,0,25,72,1,0.0000,1,90.00,1,1401.00,11,0.9,2573,0,1
1,32.9905000,-106.9744656,3,1,2026,8,18,1,12,0,25,73,1,0.0000,1,90.00,1,1401.00,11,0.9,2574,0,1
1,32.9905000,-106.9744656,3,1,2026,8,18,1,12,0,25,74,1,0.0000,1,90.00,1,1401.00,11,0.9,2575,0,1
1,32.9905000,-106.9744656,3,1,2026,8,18,1,12,0,25,75,1,0.0000,1,90.00,1,1401.00,11,0.9,2576,0,1
1,32.9905000,-106.9744656,3,1,2026,8,18,1,12,0,25,76,1,0.0000,1,90.00,1,1401.00,11,0.9,2577,0,1
1,32.9905000,-106.9744656,3,1,2026,8,18,1,12,0,25,77,1,0.0000,1,90.00,1,1401.00,11,0.9,2578,0,1
1,32.9905000,-106.9744656,3,1,2026,8,18,1,12,0,25,78,1,0.0000,1,90.00,1,1401.00,11,0.9,2579,0,1
1,32.9905000,-106.9744656,3,1,2026,8,18,1,12,0,25,79,1,0.0000,1,90.00,1,1401.00,11,0.9,2580,0,1
1,32.9905000,-106.9744656,3,1,2026,8,18,1,12,0,25,80,1,0.0000,1,90.00,1,1401.00,11,0.9,2581,0,1
1,32.9905000,-106.9744656,3,1,2026,8,18,1,12,0,25,81,1,0.0000,1,90.00,1,1401.00,11,0.9,2582,0,1
1,32.9905000,-106.9744656,3,1,2026,8,18,1,12,0,25,82,1,0.0000,1,90.00,1,1401.00,11,0.9,2583,0,1
1,32.9905000,-106.9744656,3,1,2026,8,18,1,12,0,25,83,1,0.0000,1,90.00,1,1401.00,11,0.9,2584,0,1
1,32.9905000,-106.9744656,3,1,2026,8,18,1,12,0,25,84,1,0.0000,1,90.00,1,1401.00,11,0.9,2585,0,1
1,32.9905000,-106.9744656,3,1,2026,8,18,1,12,0,25,85,1,0.0000,1,90.00,1,1401.00,11,0.9,2586,0,1
1,32.9905000,-106.9744656,3,1,2026,8,18,1,12,0,25,86,1,0.0000,1,90.00,1,1401.00,11,0.9,2587,0,1
1,32.9905000,-106.9744656,3,1,2026,8,18,1,12,0,25,87,1,0.0000,1,90.00,1,1401.00,11,0.9,2588,0,1
1,32.9905000,-106.9744656,3,1,2026,8,18,1,12,0,25,88,1,0.0000,1,90.00,1,1401.00,11,0.9,2589,0,1
1,32.9905000,-106.9744656,3,1,2026,8,18,1,12,0,25,89,1,0.0000,1,90.00,1,1401.00,11,0.9,2590,0,1
1,32.9905000,-106.9744656,3,1,2026,8,18,1,12,0,25,90,1,0.0000,1,90.00,1,1401.00,11,0.9,2591,0,1
1,32.9905000,-106.9744656,3,1,2026,8,18,1,12,0,25,91,1,0.0000,1,90.00,1,1401.00,11,0.9,2592,0,1
1,32.9905000,-106.9744656,3,1,2026,8,18,1,12,0,25,92,1,0.0000,1,90.00,1,1401.00,11,0.9,2593,0,1
1,32.9905000,-106.9744656,3,1,2026,8,18,1,12,0,25,93,1,0.0000,1,90.00,1,1401.00,11,0.9,2594,0,1
1,32.9905000,-106.9744656,3,1,2026,8,18,1,12,0,25,94,1,0.0000,1,90.00,1,1401.00,11,0.9,2595,0,1
1,32.9905000,-106.9744656,3,1,2026,8,18,1,12,0,25,95,1,0.0000,1,90.00,1,1401.00,11,0.9,2596,0,1
1,32.9905000,-106.9744656,3,1,2026,8,18,1,12,0,25,96,1,0.0000,1,90.00,1,1401.00,11,0.9,2597,0,1
1,32.9905000,-106.9744656,3,1,2026,8,18,1,12,0,25,97,1,0.0000,1,90.00,1,1401.00,11,0.9,2598,0,1
1,32.9905000,-106.9744656,3,1,2026,8,18,1,12,0,25,98,1,0.0000,1,90.00,1,1401.00,11,0.9,2599,0,1
1,32.9905000,-106.9744656,3,1,2026,8,18,1,12,0,25,99,1,0.0000,1,90.00,1,1401.00,11,0.9,2600,0,1
1,32.9905000,-106.9744656,3,1,2026,8,18,1,12,0,26,0,1,0.0000,1,90.00,1,1401.00,11,0.9,2601,0,1
1,32.9905000,-106.9744656,3,1,2026,8,18,1,12,0,26,1,1,0.0000,1,90.00,1,1401.00,11,0.9,2602,0,1
1,32.9905000,-106.9744656,3,1,2026,8,18,1,12,0,26,2,1,0.0000,1,90.00,1,1401.00,11,0.9,2603,0,1
1,32.9905000,-106.9744656,3,1,2026,8,18,1,12,0,26,3,1,0.0000,1,90.00,1,1401.00,11,0.9,2604,0,1
1,32.9905000,-106.9744656,3,1,2026,8,18,1,12,0,26,4,1,0.0000,1,90.00,1,1401.00,11,0.9,2605,0,1
1,32.9905000,-106.9744656,3,1,2026,8,18,1,12,0,26,5,1,0.0000,1,90.00,1,1401.00,11,0.9,2606,0,1
1,32.9905000,-106.9744656,3,1,2026,8,18,1,12,0,26,6,1,0.0000,1,90.00,1,1401.00,11,0.9,2607,0,1
1,32.9905000,-106.9744656,3,1,2026,8,18,1,12,0,26,7,1,0.0000,1,90.00,1,1401.00,11,0.9,2608,0,1
1,32.9905000,-106.9744656,3,1,2026,8,18,1,12,0,26,8,1,0.0000,1,90.00,1,1401.00,11,0.9,2609,0,1
1,32.9905000,-106.9744656,3,1,2026,8,18,1,12,0,26,9,1,0.0000,1,90.00,1,1401.00,11,0.9,2610,0,1
1,32.9905000,-106.9744656,3,1,2026,8,18,1,12,0,26,10,1,0.0000,1,90.00,1,1401.00,11,0.9,2611,0,1
1,32.9905000,-106.9744656,3,1,2026,8,18,1,12,0,26,11,1,0.0000,1,90.00,1,1401.00,11,0.9,2612,0,1
1,32.9905000,-106.9744656,3,1,2026,8,18,1,12,0,26,12,1,0.0000,1,90.00,1,1401.00,11,0.9,2613,0,1
1,32.9905000,-106.9744656,3,1,2026,8,18,1,12,0,26,13,1,0.0000,1,90.00,1,1401.00,11,0.9,2614,0,1
1,32.9905000,-106.9744656,3,1,2026,8,18,1,12,0,26,14,1,0.0000,1,90.00,1,1401.00,11,0.9,2615,0,1
1,32.9905000,-106.9744656,3,1,2026,8,18,1,12,0,26,15,1,0.0000,1,90.00,1,1401.00,11,0.9,2616,0,1
1,32.9905000,-106.9744656,3,1,2026,8,18,1,12,0,26,16,1,0.0000,1,90.00,1,1401.00,11,0.9,2617,0,1
1,32.9905000,-106.9744656,3,1,2026,8,18,1,12,0,26,17,1,0.0000,1,90.00,1,1401.00,11,0.9,2618,0,1
1,32.9905000,-106.9744656,3,1,2026,8,18,1,12,0,26,18,1,0.0000,1,90.00,1,1401.00,11,0.9,2619,0,1
1,32.9905000,-106.9744656,3,1,2026,8,18,1,12,0,26,19,1,0.0000,1,90.00,1,1401.00,11,0.9,2620,0,1
1,32.9905000,-106.9744656,3,1,2026,8,18,1,12,0,26,20,1,0.0000,1,90.00,1,1401.00,11,0.9,2621,0,1
1,32.9905000,-106.9744656,3,1,2026,8,18,1,12,0,26,21,1,0.0000,1,90.00,1,1401.00,11,0.9,2622,0,1
1,32.9905000,-106.9744656,3,1,2026,8,18,1,12,0,26,22,1,0.0000,1,90.00,1,1401.00,11,0.9,2623,0,1
1,32.9905000,-106.9744656,3,1,2026,8,18,1,12,0,26,23,1,0.0000,1,90.00,1,1401.00,11,0.9,2624,0,1
1,32.9905000,-106.9744656,3,1,2026,8,18,1,12,0,26,24,1,0.0000,1,90.00,1,1401.00,11,0.9,2625,0,1
1,32.9905000,-106.9744656,3,1,2026,8,18,1,12,0,26,25,1,0.0000,1,90.00,1,1401.00,11,0.9,2626,0,1
1,32.9905000,-106.9744656,3,1,2026,8,18,1,12,0,26,26,1,0.0000,1,90.00,1,1401.00,11,0.9,2627,0,1
1,32.9905000,-106.9744656,3,1,2026,8,18,1,12,0,26,27,1,0.0000,1,90.00,1,1401.00,11,0.9,2628,0,1
1,32.9905000,-106.9744656,3,1,2026,8,18,1,12,0,26,28,1,0.0000,1,90.00,1,1401.00,11,0.9,2629,0,1
1,32.9905000,-106.9744656,3,1,2026,8,18,1,12,0,26,29,1,0.0000,1,90.00,1,1401.00,11,0.9,2630,0,1
1,32.9905000,-106.9744656,3,1,2026,8,18,1,12,0,26,30,1,0.0000,1,90.00,1,1401.00,11,0.9,2631,0,1
1,32.9905000,-106.9744656,3,1,2026,8,18,1,12,0,26,31,1,0.0000,1,90.00,1,1401.00,11,0.9,2632,0,1
1,32.9905000,-106.9744656,3,1,2026,8,18,1,12,0,26,32,1,0.0000,1,90.00,1,1401.00,11,0.9,2633,0,1
1,32.9905000,-106.9744656,3,1,2026,8,18,1,12,0,26,33,1,0.0000,1,90.00,1,1401.00,11,0.9,2634,0,1
1,32.9905000,-106.9744656,3,1,2026,8,18,1,12,0,26,34,1,0.0000,1,90.00,1,1401.00,11,0.9,2635,0,1
1,32.9905000,-106.9744656,3,1,2026,8,18,1,12,0,26,35,1,0.0000,1,90.00,1,1401.00,11,0.9,2636,0,1
1,32.9905000,-106.9744656,3,1,2026,8,18,1,12,0,26,36,1,0.0000,1,90.00,1,1401.00,11,0.9,2637,0,1
1,32.9905000,-106.9744656,3,1,2026,8,18,1,12,0,26,37,1,0.0000,1,90.00,1,1401.00,11,0.9,2638,0,1
1,32.9905000,-106.9744656,3,1,2026,8,18,1,12,0,26,38,1,0.0000,1,90.00,1,1401.00,11,0.9,2639,0,1
1,32.9905000,-106.9744656,3,1,2026,8,18,1,12,0,26,39,1,0.0000,1,90.00,1,1401.00,11,0.9,2640,0,1
1,32.9905000,-106.9744656,3,1,2026,8,18,1,12,0,26,40,1,0.0000,1,90.00,1,1401.00,11,0.9,2641,0,1
1,32.9905000,-106.9744656,3,1,2026,8,18,1,12,0,26,41,1,0.0000,1,90.00,1,1401.00,11,0.9,2642,0,1
1,32.9905000,-106.9744656,3,1,2026,8,18,1,12,0,26,42,1,0.0000,1,90.00,1,1401.00,11,0.9,2643,0,1
1,32.9905000,-106.9744656,3,1,2026,8,18,1,12,0,26,43,1,0.0000,1,90.00,1,1401.00,11,0.9,2644,0,1
1,32.9905000,-106.9744656,3,1,2026,8,18,1,12,0,26,44,1,0.0000,1,90.00,1,1401.00,11,0.9,2645,0,1
1,32.9905000,-106.9744656,3,1,2026,8,18,1,12,0,26,45,1,0.0000,1,90.00,1,1401.00,11,0.9,2646,0,1
1,32.9905000,-106.9744656,3,1,2026,8,18,1,12,0,26,46,1,0.0000,1,90.00,1,1401.00,11,0.9,2647,0,1
1,32.9905000,-106.9744656,3,1,2026,8,18,1,12,0,26,47,1,0.0000,1,90.00,1,1401.00,11,0.9,2648,0,1
1,32.9905000,-106.9744656,3,1,2026,8,18,1,12,0,26,48,1,0.0000,1,90.00,1,1401.00,11,0.9,2649,0,1
1,32.9905000,-106.9744656,3,1,2026,8,18,1,12,0,26,49,1,0.0000,1,90.00,1,1401.00,11,0.9,2650,0,1
1,32.9905000,-106.9744656,3,1,2026,8,18,1,12,0,26,50,1,0.0000,1,90.00,1,1401.00,11,0.9,2651,0,1
1,32.9905000,-106.9744656,3,1,2026,8,18,1,12,0,26,51,1,0.0000,1,90.00,1,1401.00,11,0.9,2652,0,1
1,32.9905000,-106.9744656,3,1,2026,8,18,1,12,0,26,52,1,0.0000,1,90.00,1,1401.00,11,0.9,2653,0,1
1,32.9905000,-106.9744656,3,1,2026,8,18,1,12,0,26,53,1,0.0000,1,90.00,1,1401.00,11,0.9,2654,0,1
1,32.9905000,-106.9744656,3,1,2026,8,18,1,12,0,26,54,1,0.0000,1,90.00,1,1401.00,11,0.9,2655,0,1
1,32.9905000,-106.9744656,3,1,2026,8,18,1,12,0,26,55,1,0.0000,1,90.00,1,1401.00,11,0.9,2656,0,1
1,32.9905000,-106.9744656,3,1,2026,8,18,1,12,0,26,56,1,0.0000,1,90.00,1,1401.00,11,0.9,2657,0,1
1,32.9905000,-106.9744656,3,1,2026,8,18,1,12,0,26,57,1,0.0000,1,90.00,1,1401.00,11,0.9,2658,0,1
1,32.9905000,-106.9744656,3,1,2026,8,18,1,12,0,26,58,1,0.0000,1,90.00,1,1401.00,11,0.9,2659,0,1
1,32.9905000,-106.9744656,3,1,2026,8,18,1,12,0,26,59,1,0.0000,1,90.00,1,1401.00,11,0.9,2660,0,1
1,32.9905000,-106.9744656,3,1,2026,8,18,1,12,0,26,60,1,0.0000,1,90.00,1,1401.00,11,0.9,2661,0,1
1,32.9905000,-106.9744656,3,1,2026,8,18,1,12,0,26,61,1,0.0000,1,90.00,1,1401.00,11,0.9,2662,0,1
1,32.9905000,-106.9744656,3,1,2026,8,18,1,12,0,26,62,1,0.0000,1,90.00,1,1401.00,11,0.9,2663,0,1
1,32.9905000,-106.9744656,3,1,2026,8,18,1,12,0,26,63,1,0.0000,1,90.00,1,1401.00,11,0.9,2664,0,1
1,32.9905000,-106.9744656,3,1,2026,8,18,1,12,0,26,64,1,0.0000,1,90.00,1,1401.00,11,0.9,2665,0,1
1,32.9905000,-106.9744656,3,1,2026,8,18,1,12,0,26,65,1,0.0000,1,90.00,1,1401.00,11,0.9,2666,0,1
1,32.9905000,-106.9744656,3,1,2026,8,18,1,12,0,26,66,1,0.0000,1,90.00,1,1401.00,11,0.9,2667,0,1
1,32.9905000,-106.9744656,3,1,2026,8,18,1,12,0,26,67,1,0.0000,1,90.00,1,1401.00,11,0.9,2668,0,1
1,32.9905000,-106.9744656,3,1,2026,8,18,1,12,0,26,68,1,0.0000,1,90.00,1,1401.00,11,0.9,2669,0,1
1,32.9905000,-106.9744656,3,1,2026,8,18,1,12,0,26,69,1,0.0000,1,90.00,1,1401.00,11,0.9,2670,0,1
1,32.9905000,-106.9744656,3,1,2026,8,18,1,12,0,26,70,1,0.0000,1,90.00,1,1401.00,11,0.9,2671,0,1
1,32.9905000,-106.9744656,3,1,2026,8,18,1,12,0,26,71,1,0.0000,1,90.00,1,1401.00,11,0.9,2672,0,1
1,32.9905000,-106.9744656,3,1,2026,8,18,1,12,0,26,72,1,0.0000,1,90.00,1,1401.00,11,0.9,2673,0,1
1,32.9905000,-106.9744656,3,1,2026,8,18,1,12,0,26,73,1,0.0000,1,90.00,1,1401.00,11,0.9,2674,0,1
1,32.9905000,-106.9744656,3,1,2026,8,18,1,12,0,26,74,1,0.0000,1,90.00,1,1401.00,11,0.9,2675,0,1
1,32.9905000,-106.9744656,3,1,2026,8,18,1,12,0,26,75,1,0.0000,1,90.00,1,1401.00,11,0.9,2676,0,1
1,32.9905000,-106.9744656,3,1,2026,8,18,1,12,0,26,76,1,0.0000,1,90.00,1,1401.00,11,0.9,2677,0,1
1,32.9905000,-106.9744656,3,1,2026,8,18,1,12,0,26,77,1,0.0000,1,90.00,1,1401.00,11,0.9,2678,0,1
1,32.9905000,-106.9744656,3,1,2026,8,18,1,12,0,26,78,1,0.0000,1,90.00,1,1401.00,11,0.9,2679,0,1
1,32.9905000,-106.9744656,3,1,2026,8,18,1,12,0,26,79,1,0.0000,1,90.00,1,1401.00,11,0.9,2680,0,1
1,32.9905000,-106.9744656,3,1,2026,8,18,1,12,0,26,80,1,0.0000,1,90.00,1,1401.00,11,0.9,2681,0,1
1,32.9905000,-106.9744656,3,1,2026,8,18,1,12,0,26,81,1,0.0000,1,90.00,1,1401.00,11,0.9,2682,0,1
1,32.9905000,-106.9744656,3,1,2026,8,18,1,12,0,26,82,1,0.0000,1,90.00,1,1401.00,11,0.9,2683,0,1
1,32.9905000,-106.9744656,3,1,2026,8,18,1,12,0,26,83,1,0.0000,1,90.00,1,1401.00,11,0.9,2684,0,1
1,32.9905000,-106.9744656,3,1,2026,8,18,1,12,0,26,84,1,0.0000,1,90.00,1,1401.00,11,0.9,2685,0,1
1,32.9905000,-106.9744656,3,1,2026,8,18,1,12,0,26,85,1,0.0000,1,90.00,1,1401.00,11,0.9,2686,0,1
1,32.9905000,-106.9744656,3,1,2026,8,18,1,12,0,26,86,1,0.0000,1,90.00,1,1401.00,11,0.9,2687,0,1
1,32.9905000,-106.9744656,3,1,2026,8,18,1,12,0,26,87,1,0.0000,1,90.00,1,1401.00,11,0.9,2688,0,1
1,32.9905000,-106.9744656,3,1,2026,8,18,1,12,0,26,88,1,0.0000,1,90.00,1,1401.00,11,0.9,2689,0,1
1,32.9905000,-106.9744656,3,1,2026,8,18,1,12,0,26,89,1,0.0000,1,90.00,1,1401.00,11,0.9,2690,0,1
1,32.9905000,-106.9744656,3,1,2026,8,18,1,12,0,26,90,1,0.0000,1,90.00,1,1401.00,11,0.9,2691,0,1
1,32.9905000,-106.9744656,3,1,2026,8,18,1,12,0,26,91,1,0.0000,1,90.00,1,1401.00,11,0.9,2692,0,1
1,32.9905000,-106.9744656,3,1,2026,8,18,1,12,0,26,92,1,0.0000,1,90.00,1,1401.00,11,0.9,2693,0,1
1,32.9905000,-106.9744656,3,1,2026,8,18,1,12,0,26,93,1,0.0000,1,90.00,1,1401.00,11,0.9,2694,0,1
1,32.9905000,-106.9744656,3,1,2026,8,18,1,12,0,26,94,1,0.0000,1,90.00,1,1401.00,11,0.9,2695,0,1
1,32.9905000,-106.9744656,3,1,2026,8,18,1,12,0,26,95,1,0.0000,1,90.00,1,1401.00,11,0.9,2696,0,1
1,32.9905000,-106.9744656,3,1,2026,8,18,1,12,0,26,96,1,0.0000,1,90.00,1,1401.00,11,0.9,2697,0,1
1,32.9905000,-106.9744656,3,1,2026,8,18,1,12,0,26,97,1,0.0000,1,90.00,1,1401.00,11,0.9,2698,0,1
1,32.9905000,-106.9744656,3,1,2026,8,18,1,12,0,26,98,1,0.0000,1,90.00,1,1401.00,11,0.9,2699,0,1
1,32.9905000,-106.9744656,3,1,2026,8,18,1,12,0,26,99,1,0.0000,1,90.00,1,1401.00,11,0.9,2700,0,1
1,32.9905000,-106.9744656,3,1,2026,8,18,1,12,0,27,0,1,0.0000,1,90.00,1,1401.00,11,0.9,2701,0,1
1,32.9905000,-106.9744656,3,1,2026,8,18,1,12,0,27,1,1,0.0000,1,90.00,1,1401.00,11,0.9,2702,0,1
1,32.9905000,-106.9744656,3,1,2026,8,18,1,12,0,27,2,1,0.0000,1,90.00,1,1401.00,11,0.9,2703,0,1
1,32.9905000,-106.9744656,3,1,2026,8,18,1,12,0,27,3,1,0.0000,1,90.00,1,1401.00,11,0.9,2704,0,1
1,32.9905000,-106.9744656,3,1,2026,8,18,1,12,0,27,4,1,0.0000,1,90.00,1,1401.00,11,0.9,2705,0,1
1,32.9905000,-106.9744656,3,1,2026,8,18,1,12,0,27,5,1,0.0000,1,90.00,1,1401.00,11,0.9,2706,0,1
1,32.9905000,-106.9744656,3,1,2026,8,18,1,12,0,27,6,1,0.0000,1,90.00,1,1401.00,11,0.9,2707,0,1
1,32.9905000,-106.9744656,3,1,2026,8,18,1,12,0,27,7,1,0.0000,1,90.00,1,1401.00,11,0.9,2708,0,1
1,32.9905000,-106.9744656,3,1,2026,8,18,1,12,0,27,8,1,0.0000,1,90.00,1,1401.00,11,0.9,2709,0,1
1,32.9905000,-106.9744656,3,1,2026,8,18,1,12,0,27,9,1,0.0000,1,90.00,1,1401.00,11,0.9,2710,0,1
1,32.9905000,-106.9744656,3,1,2026,8,18,1,12,0,27,10,1,0.0000,1,90.00,1,1401.00,11,0.9,2711,0,1
1,32.9905000,-106.9744656,3,1,2026,8,18,1,12,0,27,11,1,0.0000,1,90.00,1,1401.00,11,0.9,2712,0,1
1,32.9905000,-106.9744656,3,1,2026,8,18,1,12,0,27,12,1,0.0000,1,90.00,1,1401.00,11,0.9,2713,0,1
1,32.9905000,-106.9744656,3,1,2026,8,18,1,12,0,27,13,1,0.0000,1,90.00,1,1401.00,11,0.9,2714,0,1
1,32.9905000,-106.9744656,3,1,2026,8,18,1,12,0,27,14,1,0.0000,1,90.00,1,1401.00,11,0.9,2715,0,1
1,32.9905000,-106.9744656,3,1,2026,8,18,1,12,0,27,15,1,0.0000,1,90.00,1,1401.00,11,0.9,2716,0,1
1,32.9905000,-106.9744656,3,1,2026,8,18,1,12,0,27,16,1,0.0000,1,90.00,1,1401.00,11,0.9,2717,0,1
1,32.9905000,-106.9744656,3,1,2026,8,18,1,12,0,27,17,1,0.0000,1,90.00,1,1401.00,11,0.9,2718,0,1
1,32.9905000,-106.9744656,3,1,2026,8,18,1,12,0,27,18,1,0.0000,1,90.00,1,1401.00,11,0.9,2719,0,1
1,32.9905000,-106.9744656,3,1,2026,8,18,1,12,0,27,19,1,0.0000,1,90.00,1,1401.00,11,0.9,2720,0,1
1,32.9905000,-106.9744656,3,1,2026,8,18,1,12,0,27,20,1,0.0000,1,90.00,1,1401.00,11,0.9,2721,0,1
1,32.9905000,-106.9744656,3,1,2026,8,18,1,12,0,27,21,1,0.0000,1,90.00,1,1401.00,11,0.9,2722,0,1
1,32.9905000,-106.9744656,3,1,2026,8,18,1,12,0,27,22,1,0.0000,1,90.00,1,1401.00,11,0.9,2723,0,1
1,32.9905000,-106.9744656,3,1,2026,8,18,1,12,0,27,23,1,0.0000,1,90.00,1,1401.00,11,0.9,2724,0,1
1,32.9905000,-106.9744656,3,1,2026,8,18,1,12,0,27,24,1,0.0000,1,90.00,1,1401.00,11,0.9,2725,0,1
1,32.9905000,-106.9744656,3,1,2026,8,18,1,12,0,27,25,1,0.0000,1,90.00,1,1401.00,11,0.9,2726,0,1
1,32.9905000,-106.9744656,3,1,2026,8,18,1,12,0,27,26,1,0.0000,1,90.00,1,1401.00,11,0.9,2727,0,1
1,32.9905000,-106.9744656,3,1,2026,8,18,1,12,0,27,27,1,0.0000,1,90.00,1,1401.00,11,0.9,2728,0,1
1,32.9905000,-106.9744656,3,1,2026,8,18,1,12,0,27,28,1,0.0000,1,90.00,1,1401.00,11,0.9,2729,0,1
1,32.9905000,-106.9744656,3,1,2026,8,18,1,12,0,27,29,1,0.0000,1,90.00,1,1401.00,11,0.9,2730,0,1
1,32.9905000,-106.9744656,3,1,2026,8,18,1,12,0,27,30,1,0.0000,1,90.00,1,1401.00,11,0.9,2731,0,1
1,32.9905000,-106.9744656,3,1,2026,8,18,1,12,0,27,31,1,0.0000,1,90.00,1,1401.00,11,0.9,2732,0,1
1,32.9905000,-106.9744656,3,1,2026,8,18,1,12,0,27,32,1,0.0000,1,90.00,1,1401.00,11,0.9,2733,0,1
1,32.9905000,-106.9744656,3,1,2026,8,18,1,12,0,27,33,1,0.0000,1,90.00,1,1401.00,11,0.9,2734,0,1
1,32.9905000,-106.9744656,3,1,2026,8,18,1,12,0,27,34,1,0.0000,1,90.00,1,1401.00,11,0.9,2735,0,1
1,32.9905000,-106.9744656,3,1,2026,8,18,1,12,0,27,35,1,0.0000,1,90.00,1,1401.00,11,0.9,2736,0,1
1,32.9905000,-106.9744656,3,1,2026,8,18,1,12,0,27,36,1,0.0000,1,90.00,1,1401.00,11,0.9,2737,0,1
1,32.9905000,-106.9744656,3,1,2026,8,18,1,12,0,27,37,1,0.0000,1,90.00,1,1401.00,11,0.9,2738,0,1
1,32.9905000,-106.9744656,3,1,2026,8,18,1,12,0,27,38,1,0.0000,1,90.00,1,1401.00,11,0.9,2739,0,1
1,32.9905000,-106.9744656,3,1,2026,8,18,1,12,0,27,39,1,0.0000,1,90.00,1,1401.00,11,0.9,2740,0,1
1,32.9905000,-106.9744656,3,1,2026,8,18,1,12,0,27,40,1,0.0000,1,90.00,1,1401.00,11,0.9,2741,0,1
1,32.9905000,-106.9744656,3,1,2026,8,18,1,12,0,27,41,1,0.0000,1,90.00,1,1401.00,11,0.9,2742,0,1
1,32.9905000,-106.9744656,3,1,2026,8,18,1,12,0,27,42,1,0.0000,1,90.00,1,1401.00,11,0.9,2743,0,1
1,32.9905000,-106.9744656,3,1,2026,8,18,1,12,0,27,43,1,0.0000,1,90.00,1,1401.00,11,0.9,2744,0,1
1,32.9905000,-106.9744656,3,1,2026,8,18,1,12,0,27,44,1,0.0000,1,90.00,1,1401.00,11,0.9,2745,0,1
1,32.9905000,-106.9744656,3,1,2026,8,18,1,12,0,27,45,1,0.0000,1,90.00,1,1401.00,11,0.9,2746,0,1
1,32.9905000,-106.9744656,3,1,2026,8,18,1,12,0,27,46,1,0.0000,1,90.00,1,1401.00,11,0.9,2747,0,1
1,32.9905000,-106.9744656,3,1,2026,8,18,1,12,0,27,47,1,0.0000,1,90.00,1,1401.00,11,0.9,2748,0,1
1,32.9905000,-106.9744656,3,1,2026,8,18,1,12,0,27,48,1,0.0000,1,90.00,1,1401.00,11,0.9,2749,0,1
1,32.9905000,-106.9744656,3,1,2026,8,18,1,12,0,27,49,1,0.0000,1,90.00,1,1401.00,11,0.9,2750,0,1
1,32.9905000,-106.9744656,3,1,2026,8,18,1,12,0,27,50,1,0.0000,1,90.00,1,1401.00,11,0.9,2751,0,1
1,32.9905000,-106.9744656,3,1,2026,8,18,1,12,0,27,51,1,0.0000,1,90.00,1,1401.00,11,0.9,2752,0,1
1,32.9905000,-106.9744656,3,1,2026,8,18,1,12,0,27,52,1,0.0000,1,90.00,1,1401.00,11,0.9,2753,0,1
1,32.9905000,-106.9744656,3,1,2026,8,18,1,12,0,27,53,1,0.0000,1,90.00,1,1401.00,11,0.9,2754,0,1
1,32.9905000,-106.9744656,3,1,2026,8,18,1,12,0,27,54,1,0.0000,1,90.00,1,1401.00,11,0.9,2755,0,1
1,32.9905000,-106.9744656,3,1,2026,8,18,1,12,0,27,55,1,0.0000,1,90.00,1,1401.00,11,0.9,2756,0,1
1,32.9905000,-106.9744656,3,1,2026,8,18,1,12,0,27,56,1,0.0000,1,90.00,1,1401.00,11,0.9,2757,0,1
1,32.9905000,-106.9744656,3,1,2026,8,18,1,12,0,27,57,1,0.0000,1,90.00,1,1401.00,11,0.9,2758,0,1
1,32.9905000,-106.9744656,3,1,2026,8,18,1,12,0,27,58,1,0.0000,1,90.00,1,1401.00,11,0.9,2759,0,1
1,32.9905000,-106.9744656,3,1,2026,8,18,1,12,0,27,59,1,0.0000,1,90.00,1,1401.00,11,0.9,2760,0,1
1,32.9905000,-106.9744656,3,1,2026,8,18,1,12,0,27,60,1,0.0000,1,90.00,1,1401.00,11,0.9,2761,0,1
1,32.9905000,-106.9744656,3,1,2026,8,18,1,12,0,27,61,1,0.0000,1,90.00,1,1401.00,11,0.9,2762,0,1
1,32.9905000,-106.9744656,3,1,2026,8,18,1,12,0,27,62,1,0.0000,1,90.00,1,1401.00,11,0.9,2763,0,1
1,32.9905000,-106.9744656,3,1,2026,8,18,1,12,0,27,63,1,0.0000,1,90.00,1,1401.00,11,0.9,2764,0,1
1,32.9905000,-106.9744656,3,1,2026,8,18,1,12,0,27,64,1,0.0000,1,90.00,1,1401.00,11,0.9,2765,0,1
1,32.9905000,-106.9744656,3,1,2026,8,18,1,12,0,27,65,1,0.0000,1,90.00,1,1401.00,11,0.9,2766,0,1
1,32.9905000,-106.9744656,3,1,2026,8,18,1,12,0,27,66,1,0.0000,1,90.00,1,1401.00,11,0.9,2767,0,1
1,32.9905000,-106.9744656,3,1,2026,8,18,1,12,0,27,67,1,0.0000,1,90.00,1,1401.00,11,0.9,2768,0,1
1,32.9905000,-106.9744656,3,1,2026,8,18,1,12,0,27,68,1,0.0000,1,90.00,1,1401.00,11,0.9,2769,0,1
1,32.9905000,-106.9744656,3,1,2026,8,18,1,12,0,27,69,1,0.0000,1,90.00,1,1401.00,11,0.9,2770,0,1
1,32.9905000,-106.9744656,3,1,2026,8,18,1,12,0,27,70,1,0.0000,1,90.00,1,1401.00,11,0.9,2771,0,1
1,32.9905000,-106.9744656,3,1,2026,8,18,1,12,0,27,71,1,0.0000,1,90.00,1,1401.00,11,0.9,2772,0,1
1,32.9905000,-106.9744656,3,1,2026,8,18,1,12,0,27,72,1,0.0000,1,90.00,1,1401.00,11,0.9,2773,0,1
1,32.9905000,-106.9744656,3,1,2026,8,18,1,12,0,27,73,1,0.0000,1,90.00,1,1401.00,11,0.9,2774,0,1
1,32.9905000,-106.9744656,3,1,2026,8,18,1,12,0,27,74,1,0.0000,1,90.00,1,1401.00,11,0.9,2775,0,1
1,32.9905000,-106.9744656,3,1,2026,8,18,1,12,0,27,75,1,0.0000,1,90.00,1,1401.00,11,0.9,2776,0,1
1,32.9905000,-106.9744656,3,1,2026,8,18,1,12,0,27,76,1,0.0000,1,90.00,1,1401.00,11,0.9,2777,0,1
1,32.9905000,-106.9744656,3,1,2026,8,18,1,12,0,27,77,1,0.0000,1,90.00,1,1401.00,11,0.9,2778,0,1
1,32.9905000,-106.9744656,3,1,2026,8,18,1,12,0,27,78,1,0.0000,1,90.00,1,1401.00,11,0.9,2779,0,1
1,32.9905000,-106.9744656,3,1,2026,8,18,1,12,0,27,79,1,0.0000,1,90.00,1,1401.00,11,0.9,2780,0,1
1,32.9905000,-106.9744656,3,1,2026,8,18,1,12,0,27,80,1,0.0000,1,90.00,1,1401.00,11,0.9,2781,0,1
1,32.9905000,-106.9744656,3,1,2026,8,18,1,12,0,27,81,1,0.0000,1,90.00,1,1401.00,11,0.9,2782,0,1
1,32.9905000,-106.9744656,3,1,2026,8,18,1,12,0,27,82,1,0.0000,1,90.00,1,1401.00,11,0.9,2783,0,1
1,32.9905000,-106.9744656,3,1,2026,8,18,1,12,0,27,83,1,0.0000,1,90.00,1,1401.00,11,0.9,2784,0,1
1,32.9905000,-106.9744656,3,1,2026,8,18,1,12,0,27,84,1,0.0000,1,90.00,1,1401.00,11,0.9,2785,0,1
1,32.9905000,-106.9744656,3,1,2026,8,18,1,12,0,27,85,1,0.0000,1,90.00,1,1401.00,11,0.9,2786,0,1
1,32.9905000,-106.9744656,3,1,2026,8,18,1,12,0,27,86,1,0.0000,1,90.00,1,1401.00,11,0.9,2787,0,1
1,32.9905000,-106.9744656,3,1,2026,8,18,1,12,0,27,87,1,0.0000,1,90.00,1,1401.00,11,0.9,2788,0,1
1,32.9905000,-106.9744656,3,1,2026,8,18,1,12,0,27,88,1,0.0000,1,90.00,1,1401.00,11,0.9,2789,0,1
1,32.9905000,-106.9744656,3,1,2026,8,18,1,12,0,27,89,1,0.0000,1,90.00,1,1401.00,11,0.9,2790,0,1
1,32.9905000,-106.9744656,3,1,2026,8,18,1,12,0,27,90,1,0.0000,1,90.00,1,1401.00,11,0.9,2791,0,1
1,32.9905000,-106.9744656,3,1,2026,8,18,1,12,0,27,91,1,0.0000,1,90.00,1,1401.00,11,0.9,2792,0,1
1,32.9905000,-106.9744656,3,1,2026,8,18,1,12,0,27,92,1,0.0000,1,90.00,1,1401.00,11,0.9,2793,0,1
1,32.9905000,-106.9744656,3,1,2026,8,18,1,12,0,27,93,1,0.0000,1,90.00,1,1401.00,11,0.9,2794,0,1
1,32.9905000,-106.9744656,3,1,2026,8,18,1,12,0,27,94,1,0.0000,1,90.00,1,1401.00,11,0.9,2795,0,1
1,32.9905000,-106.9744656,3,1,2026,8,18,1,12,0,27,95,1,0.0000,1,90.00,1,1401.00,11,0.9,2796,0,1
1,32.9905000,-106.9744656,3,1,2026,8,18,1,12,0,27,96,1,0.0000,1,90.00,1,1401.00,11,0.9,2797,0,1
1,32.9905000,-106.9744656,3,1,2026,8,18,1,12,0,27,97,1,0.0000,1,90.00,1,1401.00,11,0.9,2798,0,1
1,32.9905000,-106.9744656,3,1,2026,8,18,1,12,0,27,98,1,0.0000,1,90.00,1,1401.00,11,0.9,2799,0,1
1,32.9905000,-106.9744656,3,1,2026,8,18,1,12,0,27,99,1,0.0000,1,90.00,1,1401.00,11,0.9,2800,0,1
1,32.9905000,-106.9744656,3,1,2026,8,18,1,12,0,28,0,1,0.0000,1,90.00,1,1401.00,11,0.9,2801,0,1
1,32.9905000,-106.9744656,3,1,2026,8,18,1,12,0,28,1,1,0.0000,1,90.00,1,1401.00,11,0.9,2802,0,1
1,32.9905000,-106.9744656,3,1,2026,8,18,1,12,0,28,2,1,0.0000,1,90.00,1,1401.00,11,0.9,2803,0,1
1,32.9905000,-106.9744656,3,1,2026,8,18,1,12,0,28,3,1,0.0000,1,90.00,1,1401.00,11,0.9,2804,0,1
1,32.9905000,-106.9744656,3,1,2026,8,18,1,12,0,28,4,1,0.0000,1,90.00,1,1401.00,11,0.9,2805,0,1
1,32.9905000,-106.9744656,3,1,2026,8,18,1,12,0,28,5,1,0.0000,1,90.00,1,1401.00,11,0.9,2806,0,1
1,32.9905000,-106.9744656,3,1,2026,8,18,1,12,0,28,6,1,0.0000,1,90.00,1,1401.00,11,0.9,2807,0,1
1,32.9905000,-106.9744656,3,1,2026,8,18,1,12,0,28,7,1,0.0000,1,90.00,1,1401.00,11,0.9,2808,0,1
1,32.9905000,-106.9744656,3,1,2026,8,18,1,12,0,28,8,1,0.0000,1,90.00,1,1401.00,11,0.9,2809,0,1
1,32.9905000,-106.9744656,3,1,2026,8,18,1,12,0,28,9,1,0.0000,1,90.00,1,1401.00,11,0.9,2810,0,1
1,32.9905000,-106.9744656,3,1,2026,8,18,1,12,0,28,10,1,0.0000,1,90.00,1,1401.00,11,0.9,2811,0,1
1,32.9905000,-106.9744656,3,1,2026,8,18,1,12,0,28,11,1,0.0000,1,90.00,1,1401.00,11,0.9,2812,0,1
1,32.9905000,-106.9744656,3,1,2026,8,18,1,12,0,28,12,1,0.0000,1,90.00,1,1401.00,11,0.9,2813,0,1
1,32.9905000,-106.9744656,3,1,2026,8,18,1,12,0,28,13,1,0.0000,1,90.00,1,1401.00,11,0.9,2814,0,1
1,32.9905000,-106.9744656,3,1,2026,8,18,1,12,0,28,14,1,0.0000,1,90.00,1,1401.00,11,0.9,2815,0,1
1,32.9905000,-106.9744656,3,1,2026,8,18,1,12,0,28,15,1,0.0000,1,90.00,1,1401.00,11,0.9,2816,0,1
1,32.9905000,-106.9744656,3,1,2026,8,18,1,12,0,28,16,1,0.0000,1,90.00,1,1401.00,11,0.9,2817,0,1
1,32.9905000,-106.9744656,3,1,2026,8,18,1,12,0,28,17,1,0.0000,1,90.00,1,1401.00,11,0.9,2818,0,1
1,32.9905000,-106.9744656,3,1,2026,8,18,1,12,0,28,18,1,0.0000,1,90.00,1,1401.00,11,0.9,2819,0,1
1,32.9905000,-106.9744656,3,1,2026,8,18,1,12,0,28,19,1,0.0000,1,90.00,1,1401.00,11,0.9,2820,0,1
1,32.9905000,-106.9744656,3,1,2026,8,18,1,12,0,28,20,1,0.0000,1,90.00,1,1401.00,11,0.9,2821,0,1
1,32.9905000,-106.9744656,3,1,2026,8,18,1,12,0,28,21,1,0.0000,1,90.00,1,1401.00,11,0.9,2822,0,1
1,32.9905000,-106.9744656,3,1,2026,8,18,1,12,0,28,22,1,0.0000,1,90.00,1,1401.00,11,0.9,2823,0,1
1,32.9905000,-106.9744656,3,1,2026,8,18,1,12,0,28,23,1,0.0000,1,90.00,1,1401.00,11,0.9,2824,0,1
1,32.9905000,-106.9744656,3,1,2026,8,18,1,12,0,28,24,1,0.0000,1,90.00,1,1401.00,11,0.9,2825,0,1
1,32.9905000,-106.9744656,3,1,2026,8,18,1,12,0,28,25,1,0.0000,1,90.00,1,1401.00,11,0.9,2826,0,1
1,32.9905000,-106.9744656,3,1,2026,8,18,1,12,0,28,26,1,0.0000,1,90.00,1,1401.00,11,0.9,2827,0,1
1,32.9905000,-106.9744656,3,1,2026,8,18,1,12,0,28,27,1,0.0000,1,90.00,1,1401.00,11,0.9,2828,0,1
1,32.9905000,-106.9744656,3,1,2026,8,18,1,12,0,28,28,1,0.0000,1,90.00,1,1401.00,11,0.9,2829,0,1
1,32.9905000,-106.9744656,3,1,2026,8,18,1,12,0,28,29,1,0.0000,1,90.00,1,1401.00,11,0.9,2830,0,1
1,32.9905000,-106.9744656,3,1,2026,8,18,1,12,0,28,30,1,0.0000,1,90.00,1,1401.00,11,0.9,2831,0,1
1,32.9905000,-106.9744656,3,1,2026,8,18,1,12,0,28,31,1,0.0000,1,90.00,1,1401.00,11,0.9,2832,0,1
1,32.9905000,-106.9744656,3,1,2026,8,18,1,12,0,28,32,1,0.0000,1,90.00,1,1401.00,11,0.9,2833,0,1
1,32.9905000,-106.9744656,3,1,2026,8,18,1,12,0,28,33,1,0.0000,1,90.00,1,1401.00,11,0.9,2834,0,1
1,32.9905000,-106.9744656,3,1,2026,8,18,1,12,0,28,34,1,0.0000,1,90.00,1,1401.00,11,0.9,2835,0,1
1,32.9905000,-106.9744656,3,1,2026,8,18,1,12,0,28,35,1,0.0000,1,90.00,1,1401.00,11,0.9,2836,0,1
1,32.9905000,-106.9744656,3,1,2026,8,18,1,12,0,28,36,1,0.0000,1,90.00,1,1401.00,11,0.9,2837,0,1
1,32.9905000,-106.9744656,3,1,2026,8,18,1,12,0,28,37,1,0.0000,1,90.00,1,1401.00,11,0.9,2838,0,1
1,32.9905000,-106.9744656,3,1,2026,8,18,1,12,0,28,38,1,0.0000,1,90.00,1,1401.00,11,0.9,2839,0,1
1,32.9905000,-106.9744656,3,1,2026,8,18,1,12,0,28,39,1,0.0000,1,90.00,1,1401.00,11,0.9,2840,0,1
1,32.9905000,-106.9744656,3,1,2026,8,18,1,12,0,28,40,1,0.0000,1,90.00,1,1401.00,11,0.9,2841,0,1
1,32.9905000,-106.9744656,3,1,2026,8,18,1,12,0,28,41,1,0.0000,1,90.00,1,1401.00,11,0.9,2842,0,1
1,32.9905000,-106.9744656,3,1,2026,8,18,1,12,0,28,42,1,0.0000,1,90.00,1,1401.00,11,0.9,2843,0,1
1,32.9905000,-106.9744656,3,1,2026,8,18,1,12,0,28,43,1,0.0000,1,90.00,1,1401.00,11,0.9,2844,0,1
1,32.9905000,-106.9744656,3,1,2026,8,18,1,12,0,28,44,1,0.0000,1,90.00,1,1401.00,11,0.9,2845,0,1
1,32.9905000,-106.9744656,3,1,2026,8,18,1,12,0,28,45,1,0.0000,1,90.00,1,1401.00,11,0.9,2846,0,1
1,32.9905000,-106.9744656,3,1,2026,8,18,1,12,0,28,46,1,0.0000,1,90.00,1,1401.00,11,0.9,2847,0,1
1,32.9905000,-106.9744656,3,1,2026,8,18,1,12,0,28,47,1,0.0000,1,90.00,1,1401.00,11,0.9,2848,0,1
1,32.9905000,-106.9744656,3,1,2026,8,18,1,12,0,28,48,1,0.0000,1,90.00,1,1401.00,11,0.9,2849,0,1
1,32.9905000,-106.9744656,3,1,2026,8,18,1,12,0,28,49,1,0.0000,1,90.00,1,1401.00,11,0.9,2850,0,1
1,32.9905000,-106.9744656,3,1,2026,8,18,1,12,0,28,50,1,0.0000,1,90.00,1,1401.00,11,0.9,2851,0,1
1,32.9905000,-106.9744656,3,1,2026,8,18,1,12,0,28,51,1,0.0000,1,90.00,1,1401.00,11,0.9,2852,0,1
1,32.9905000,-106.9744656,3,1,2026,8,18,1,12,0,28,52,1,0.0000,1,90.00,1,1401.00,11,0.9,2853,0,1
1,32.9905000,-106.9744656,3,1,2026,8,18,1,12,0,28,53,1,0.0000,1,90.00,1,1401.00,11,0.9,2854,0,1
1,32.9905000,-106.9744656,3,1,2026,8,18,1,12,0,28,54,1,0.0000,1,90.00,1,1401.00,11,0.9,2855,0,1
1,32.9905000,-106.9744656,3,1,2026,8,18,1,12,0,28,55,1,0.0000,1,90.00,1,1401.00,11,0.9,2856,0,1
1,32.9905000,-106.9744656,3,1,2026,8,18,1,12,0,28,56,1,0.0000,1,90.00,1,1401.00,11,0.9,2857,0,1
1,32.9905000,-106.9744656,3,1,2026,8,18,1,12,0,28,57,1,0.0000,1,90.00,1,1401.00,11,0.9,2858,0,1
1,32.9905000,-106.9744656,3,1,2026,8,18,1,12,0,28,58,1,0.0000,1,90.00,1,1401.00,11,0.9,2859,0,1
1,32.9905000,-106.9744656,3,1,2026,8,18,1,12,0,28,59,1,0.0000,1,90.00,1,1401.00,11,0.9,2860,0,1
1,32.9905000,-106.9744656,3,1,2026,8,18,1,12,0,28,60,1,0.0000,1,90.00,1,1401.00,11,0.9,2861,0,1
1,32.9905000,-106.9744656,3,1,2026,8,18,1,12,0,28,61,1,0.0000,1,90.00,1,1401.00,11,0.9,2862,0,1
1,32.9905000,-106.9744656,3,1,2026,8,18,1,12,0,28,62,1,0.0000,1,90.00,1,1401.00,11,0.9,2863,0,1
1,32.9905000,-106.9744656,3,1,2026,8,18,1,12,0,28,63,1,0.0000,1,90.00,1,1401.00,11,0.9,2864,0,1
1,32.9905000,-106.9744656,3,1,2026,8,18,1,12,0,28,64,1,0.0000,1,90.00,1,1401.00,11,0.9,2865,0,1
1,32.9905000,-106.9744656,3,1,2026,8,18,1,12,0,28,65,1,0.0000,1,90.00,1,1401.00,11,0.9,2866,0,1
1,32.9905000,-106.9744656,3,1,2026,8,18,1,12,0,28,66,1,0.0000,1,90.00,1,1401.00,11,0.9,2867,0,1
1,32.9905000,-106.9744656,3,1,2026,8,18,1,12,0,28,67,1,0.0000,1,90.00,1,1401.00,11,0.9,2868,0,1
1,32.9905000,-106.9744656,3,1,2026,8,18,1,12,0,28,68,1,0.0000,1,90.00,1,1401.00,11,0.9,2869,0,1
1,32.9905000,-106.9744656,3,1,2026,8,18,1,12,0,28,69,1,0.0000,1,90.00,1,1401.00,11,0.9,2870,0,1
1,32.9905000,-106.9744656,3,1,2026,8,18,1,12,0,28,70,1,0.0000,1,90.00,1,1401.00,11,0.9,2871,0,1
1,32.9905000,-106.9744656,3,1,2026,8,18,1,12,0,28,71,1,0.0000,1,90.00,1,1401.00,11,0.9,2872,0,1
1,32.9905000,-106.9744656,3,1,2026,8,18,1,12,0,28,72,1,0.0000,1,90.00,1,1401.00,11,0.9,2873,0,1
1,32.9905000,-106.9744656,3,1,2026,8,18,1,12,0,28,73,1,0.0000,1,90.00,1,1401.00,11,0.9,2874,0,1
1,32.9905000,-106.9744656,3,1,2026,8,18,1,12,0,28,74,1,0.0000,1,90.00,1,1401.00,11,0.9,2875,0,1
1,32.9905000,-106.9744656,3,1,2026,8,18,1,12,0,28,75,1,0.0000,1,90.00,1,1401.00,11,0.9,2876,0,1
1,32.9905000,-106.9744656,3,1,2026,8,18,1,12,0,28,76,1,0.0000,1,90.00,1,1401.00,11,0.9,2877,0,1
1,32.9905000,-106.9744656,3,1,2026,8,18,1,12,0,28,77,1,0.0000,1,90.00,1,1401.00,11,0.9,2878,0,1
1,32.9905000,-106.9744656,3,1,2026,8,18,1,12,0,28,78,1,0.0000,1,90.00,1,1401.00,11,0.9,2879,0,1
1,32.9905000,-106.9744656,3,1,2026,8,18,1,12,0,28,79,1,0.0000,1,90.00,1,1401.00,11,0.9,2880,0,1
1,32.9905000,-106.9744656,3,1,2026,8,18,1,12,0,28,80,1,0.0000,1,90.00,1,1401.00,11,0.9,2881,0,1
1,32.9905000,-106.9744656,3,1,2026,8,18,1,12,0,28,81,1,0.0000,1,90.00,1,1401.00,11,0.9,2882,0,1
1,32.9905000,-106.9744656,3,1,2026,8,18,1,12,0,28,82,1,0.0000,1,90.00,1,1401.00,11,0.9,2883,0,1
1,32.9905000,-106.9744656,3,1,2026,8,18,1,12,0,28,83,1,0.0000,1,90.00,1,1401.00,11,0.9,2884,0,1
1,32.9905000,-106.9744656,3,1,2026,8,18,1,12,0,28,84,1,0.0000,1,90.00,1,1401.00,11,0.9,2885,0,1
1,32.9905000,-106.9744656,3,1,2026,8,18,1,12,0,28,85,1,0.0000,1,90.00,1,1401.00,11,0.9,2886,0,1
1,32.9905000,-106.9744656,3,1,2026,8,18,1,12,0,28,86,1,0.0000,1,90.00,1,1401.00,11,0.9,2887,0,1
1,32.9905000,-106.9744656,3,1,2026,8,18,1,12,0,28,87,1,0.0000,1,90.00,1,1401.00,11,0.9,2888,0,1
1,32.9905000,-106.9744656,3,1,2026,8,18,1,12,0,28,88,1,0.0000,1,90.00,1,1401.00,11,0.9,2889,0,1
1,32.9905000,-106.9744656,3,1,2026,8,18,1,12,0,28,89,1,0.0000,1,90.00,1,1401.00,11,0.9,2890,0,1
1,32.9905000,-106.9744656,3,1,2026,8,18,1,12,0,28,90,1,0.0000,1,90.00,1,1401.00,11,0.9,2891,0,1
1,32.9905000,-106.9744656,3,1,2026,8,18,1,12,0,28,91,1,0.0000,1,90.00,1,1401.00,11,0.9,2892,0,1
1,32.9905000,-106.9744656,3,1,2026,8,18,1,12,0,28,92,1,0.0000,1,90.00,1,1401.00,11,0.9,2893,0,1
1,32.9905000,-106.9744656,3,1,2026,8,18,1,12,0,28,93,1,0.0000,1,90.00,1,1401.00,11,0.9,2894,0,1
1,32.9905000,-106.9744656,3,1,2026,8,18,1,12,0,28,94,1,0.0000,1,90.00,1,1401.00,11,0.9,2895,0,1
1,32.9905000,-106.9744656,3,1,2026,8,18,1,12,0,28,95,1,0.0000,1,90.00,1,1401.00,11,0.9,2896,0,1
1,32.9905000,-106.9744656,3,1,2026,8,18,1,12,0,28,96,1,0.0000,1,90.00,1,1401.00,11,0.9,2897,0,1
1,32.9905000,-106.9744656,3,1,2026,8,18,1,12,0,28,97,1,0.0000,1,90.00,1,1401.00,11,0.9,2898,0,1
1,32.9905000,-106.9744656,3,1,2026,8,18,1,12,0,28,98,1,0.0000,1,90.00,1,1401.00,11,0.9,2899,0,1
1,32.9905000,-106.9744656,3,1,2026,8,18,1,12,0,28,99,1,0.0000,1,90.00,1,1401.00,11,0.9,2900,0,1
1,32.9905000,-106.9744656,3,1,2026,8,18,1,12,0,29,0,1,0.0000,1,90.00,1,1401.00,11,0.9,2901,0,1
1,32.9905000,-106.9744656,3,1,2026,8,18,1,12,0,29,1,1,0.0000,1,90.00,1,1401.00,11,0.9,2902,0,1
1,32.9905000,-106.9744656,3,1,2026,8,18,1,12,0,29,2,1,0.0000,1,90.00,1,1401.00,11,0.9,2903,0,1
1,32.9905000,-106.9744656,3,1,2026,8,18,1,12,0,29,3,1,0.0000,1,90.00,1,1401.00,11,0.9,2904,0,1
1,32.9905000,-106.9744656,3,1,2026,8,18,1,12,0,29,4,1,0.0000,1,90.00,1,1401.00,11,0.9,2905,0,1
1,32.9905000,-106.9744656,3,1,2026,8,18,1,12,0,29,5,1,0.0000,1,90.00,1,1401.00,11,0.9,2906,0,1
1,32.9905000,-106.9744656,3,1,2026,8,18,1,12,0,29,6,1,0.0000,1,90.00,1,1401.00,11,0.9,2907,0,1
1,32.9905000,-106.9744656,3,1,2026,8,18,1,12,0,29,7,1,0.0000,1,90.00,1,1401.00,11,0.9,2908,0,1
1,32.9905000,-106.9744656,3,1,2026,8,18,1,12,0,29,8,1,0.0000,1,90.00,1,1401.00,11,0.9,2909,0,1
1,32.9905000,-106.9744656,3,1,2026,8,18,1,12,0,29,9,1,0.0000,1,90.00,1,1401.00,11,0.9,2910,0,1
1,32.9905000,-106.9744656,3,1,2026,8,18,1,12,0,29,10,1,0.0000,1,90.00,1,1401.00,11,0.9,2911,0,1
1,32.9905000,-106.9744656,3,1,2026,8,18,1,12,0,29,11,1,0.0000,1,90.00,1,1401.00,11,0.9,2912,0,1
1,32.9905000,-106.9744656,3,1,2026,8,18,1,12,0,29,12,1,0.0000,1,90.00,1,1401.00,11,0.9,2913,0,1
1,32.9905000,-106.9744656,3,1,2026,8,18,1,12,0,29,13,1,0.0000,1,90.00,1,1401.00,11,0.9,2914,0,1
1,32.9905000,-106.9744656,3,1,2026,8,18,1,12,0,29,14,1,0.0000,1,90.00,1,1401.00,11,0.9,2915,0,1
1,32.9905000,-106.9744656,3,1,2026,8,18,1,12,0,29,15,1,0.0000,1,90.00,1,1401.00,11,0.9,2916,0,1
1,32.9905000,-106.9744656,3,1,2026,8,18,1,12,0,29,16,1,0.0000,1,90.00,1,1401.00,11,0.9,2917,0,1
1,32.9905000,-106.9744656,3,1,2026,8,18,1,12,0,29,17,1,0.0000,1,90.00,1,1401.00,11,0.9,2918,0,1
1,32.9905000,-106.9744656,3,1,2026,8,18,1,12,0,29,18,1,0.0000,1,90.00,1,1401.00,11,0.9,2919,0,1
1,32.9905000,-106.9744656,3,1,2026,8,18,1,12,0,29,19,1,0.0000,1,90.00,1,1401.00,11,0.9,2920,0,1
1,32.9905000,-106.9744656,3,1,2026,8,18,1,12,0,29,20,1,0.0000,1,90.00,1,1401.00,11,0.9,2921,0,1
1,32.9905000,-106.9744656,3,1,2026,8,18,1,12,0,29,21,1,0.0000,1,90.00,1,1401.00,11,0.9,2922,0,1
1,32.9905000,-106.9744656,3,1,2026,8,18,1,12,0,29,22,1,0.0000,1,90.00,1,1401.00,11,0.9,2923,0,1
1,32.9905000,-106.9744656,3,1,2026,8,18,1,12,0,29,23,1,0.0000,1,90.00,1,1401.00,11,0.9,2924,0,1
1,32.9905000,-106.9744656,3,1,2026,8,18,1,12,0,29,24,1,0.0000,1,90.00,1,1401.00,11,0.9,2925,0,1
1,32.9905000,-106.9744656,3,1,2026,8,18,1,12,0,29,25,1,0.0000,1,90.00,1,1401.00,11,0.9,2926,0,1
1,32.9905000,-106.9744656,3,1,2026,8,18,1,12,0,29,26,1,0.0000,1,90.00,1,1401.00,11,0.9,2927,0,1
1,32.9905000,-106.9744656,3,1,2026,8,18,1,12,0,29,27,1,0.0000,1,90.00,1,1401.00,11,0.9,2928,0,1
1,32.9905000,-106.9744656,3,1,2026,8,18,1,12,0,29,28,1,0.0000,1,90.00,1,1401.00,11,0.9,2929,0,1
1,32.9905000,-106.9744656,3,1,2026,8,18,1,12,0,29,29,1,0.0000,1,90.00,1,1401.00,11,0.9,2930,0,1
1,32.9905000,-106.9744656,3,1,2026,8,18,1,12,0,29,30,1,0.0000,1,90.00,1,1401.00,11,0.9,2931,0,1
1,32.9905000,-106.9744656,3,1,2026,8,18,1,12,0,29,31,1,0.0000,1,90.00,1,1401.00,11,0.9,2932,0,1
1,32.9905000,-106.9744656,3,1,2026,8,18,1,12,0,29,32,1,0.0000,1,90.00,1,1401.00,11,0.9,2933,0,1
1,32.9905000,-106.9744656,3,1,2026,8,18,1,12,0,29,33,1,0.0000,1,90.00,1,1401.00,11,0.9,2934,0,1
1,32.9905000,-106.9744656,3,1,2026,8,18,1,12,0,29,34,1,0.0000,1,90.00,1,1401.00,11,0.9,2935,0,1
1,32.9905000,-106.9744656,3,1,2026,8,18,1,12,0,29,35,1,0.0000,1,90.00,1,1401.00,11,0.9,2936,0,1
1,32.9905000,-106.9744656,3,1,2026,8,18,1,12,0,29,36,1,0.0000,1,90.00,1,1401.00,11,0.9,2937,0,1
1,32.9905000,-106.9744656,3,1,2026,8,18,1,12,0,29,37,1,0.0000,1,90.00,1,1401.00,11,0.9,2938,0,1
1,32.9905000,-106.9744656,3,1,2026,8,18,1,12,0,29,38,1,0.0000,1,90.00,1,1401.00,11,0.9,2939,0,1
1,32.9905000,-106.9744656,3,1,2026,8,18,1,12,0,29,39,1,0.0000,1,90.00,1,1401.00,11,0.9,2940,0,1
1,32.9905000,-106.9744656,3,1,2026,8,18,1,12,0,29,40,1,0.0000,1,90.00,1,1401.00,11,0.9,2941,0,1
1,32.9905000,-106.9744656,3,1,2026,8,18,1,12,0,29,41,1,0.0000,1,90.00,1,1401.00,11,0.9,2942,0,1
1,32.9905000,-106.9744656,3,1,2026,8,18,1,12,0,29,42,1,0.0000,1,90.00,1,1401.00,11,0.9,2943,0,1
1,32.9905000,-106.9744656,3,1,2026,8,18,1,12,0,29,43,1,0.0000,1,90.00,1,1401.00,11,0.9,2944,0,1
1,32.9905000,-106.9744656,3,1,2026,8,18,1,12,0,29,44,1,0.0000,1,90.00,1,1401.00,11,0.9,2945,0,1
1,32.9905000,-106.9744656,3,1,2026,8,18,1,12,0,29,45,1,0.0000,1,90.00,1,1401.00,11,0.9,2946,0,1
1,32.9905000,-106.9744656,3,1,2026,8,18,1,12,0,29,46,1,0.0000,1,90.00,1,1401.00,11,0.9,2947,0,1
1,32.9905000,-106.9744656,3,1,2026,8,18,1,12,0,29,47,1,0.0000,1,90.00,1,1401.00,11,0.9,2948,0,1
1,32.9905000,-106.9744656,3,1,2026,8,18,1,12,0,29,48,1,0.0000,1,90.00,1,1401.00,11,0.9,2949,0,1
1,32.9905000,-106.9744656,3,1,2026,8,18,1,12,0,29,49,1,0.0000,1,90.00,1,1401.00,11,0.9,2950,0,1
1,32.9905000,-106.9744656,3,1,2026,8,18,1,12,0,29,50,1,0.0000,1,90.00,1,1401.00,11,0.9,2951,0,1
1,32.9905000,-106.9744656,3,1,2026,8,18,1,12,0,29,51,1,0.0000,1,90.00,1,1401.00,11,0.9,2952,0,1
1,32.9905000,-106.9744656,3,1,2026,8,18,1,12,0,29,52,1,0.0000,1,90.00,1,1401.00,11,0.9,2953,0,1
1,32.9905000,-106.9744656,3,1,2026,8,18,1,12,0,29,53,1,0.0000,1,90.00,1,1401.00,11,0.9,2954,0,1
1,32.9905000,-106.9744656,3,1,2026,8,18,1,12,0,29,54,1,0.0000,1,90.00,1,1401.00,11,0.9,2955,0,1
1,32.9905000,-106.9744656,3,1,2026,8,18,1,12,0,29,55,1,0.0000,1,90.00,1,1401.00,11,0.9,2956,0,1
1,32.9905000,-106.9744656,3,1,2026,8,18,1,12,0,29,56,1,0.0000,1,90.00,1,1401.00,11,0.9,2957,0,1
1,32.9905000,-106.9744656,3,1,2026,8,18,1,12,0,29,57,1,0.0000,1,90.00,1,1401.00,11,0.9,2958,0,1
1,32.9905000,-106.9744656,3,1,2026,8,18,1,12,0,29,58,1,0.0000,1,90.00,1,1401.00,11,0.9,2959,0,1
1,32.9905000,-106.9744656,3,1,2026,8,18,1,12,0,29,59,1,0.0000,1,90.00,1,1401.00,11,0.9,2960,0,1
1,32.9905000,-106.9744656,3,1,2026,8,18,1,12,0,29,60,1,0.0000,1,90.00,1,1401.00,11,0.9,2961,0,1
1,32.9905000,-106.9744656,3,1,2026,8,18,1,12,0,29,61,1,0.0000,1,90.00,1,1401.00,11,0.9,2962,0,1
1,32.9905000,-106.9744656,3,1,2026,8,18,1,12,0,29,62,1,0.0000,1,90.00,1,1401.00,11,0.9,2963,0,1
1,32.9905000,-106.9744656,3,1,2026,8,18,1,12,0,29,63,1,0.0000,1,90.00,1,1401.00,11,0.9,2964,0,1
1,32.9905000,-106.9744656,3,1,2026,8,18,1,12,0,29,64,1,0.0000,1,90.00,1,1401.00,11,0.9,2965,0,1
1,32.9905000,-106.9744656,3,1,2026,8,18,1,12,0,29,65,1,0.0000,1,90.00,1,1401.00,11,0.9,2966,0,1
1,32.9905000,-106.9744656,3,1,2026,8,18,1,12,0,29,66,1,0.0000,1,90.00,1,1401.00,11,0.9,2967,0,1
1,32.9905000,-106.9744656,3,1,2026,8,18,1,12,0,29,67,1,0.0000,1,90.00,1,1401.00,11,0.9,2968,0,1
1,32.9905000,-106.9744656,3,1,2026,8,18,1,12,0,29,68,1,0.0000,1,90.00,1,1401.00,11,0.9,2969,0,1
1,32.9905000,-106.9744656,3,1,2026,8,18,1,12,0,29,69,1,0.0000,1,90.00,1,1401.00,11,0.9,2970,0,1
1,32.9905000,-106.9744656,3,1,2026,8,18,1,12,0,29,70,1,0.0000,1,90.00,1,1401.00,11,0.9,2971,0,1
1,32.9905000,-106.9744656,3,1,2026,8,18,1,12,0,29,71,1,0.0000,1,90.00,1,1401.00,11,0.9,2972,0,1
1,32.9905000,-106.9744656,3,1,2026,8,18,1,12,0,29,72,1,0.0000,1,90.00,1,1401.00,11,0.9,2973,0,1
1,32.9905000,-106.9744656,3,1,2026,8,18,1,12,0,29,73,1,0.0000,1,90.00,1,1401.00,11,0.9,2974,0,1
1,32.9905000,-106.9744656,3,1,2026,8,18,1,12,0,29,74,1,0.0000,1,90.00,1,1401.00,11,0.9,2975,0,1
1,32.9905000,-106.9744656,3,1,2026,8,18,1,12,0,29,75,1,0.0000,1,90.00,1,1401.00,11,0.9,2976,0,1
1,32.9905000,-106.9744656,3,1,2026,8,18,1,12,0,29,76,1,0.0000,1,90.00,1,1401.00,11,0.9,2977,0,1
1,32.9905000,-106.9744656,3,1,2026,8,18,1,12,0,29,77,1,0.0000,1,90.00,1,1401.00,11,0.9,2978,0,1
1,32.9905000,-106.9744656,3,1,2026,8,18,1,12,0,29,78,1,0.0000,1,90.00,1,1401.00,11,0.9,2979,0,1
1,32.9905000,-106.9744656,3,1,2026,8,18,1,12,0,29,79,1,0.0000,1,90.00,1,1401.00,11,0.9,2980,0,1
1,32.9905000,-106.9744656,3,1,2026,8,18,1,12,0,29,80,1,0.0000,1,90.00,1,1401.00,11,0.9,2981,0,1
1,32.9905000,-106.9744656,3,1,2026,8,18,1,12,0,29,81,1,0.0000,1,90.00,1,1401.00,11,0.9,2982,0,1
1,32.9905000,-106.9744656,3,1,2026,8,18,1,12,0,29,82,1,0.0000,1,90.00,1,1401.00,11,0.9,2983,0,1
1,32.9905000,-106.9744656,3,1,2026,8,18,1,12,0,29,83,1,0.0000,1,90.00,1,1401.00,11,0.9,2984,0,1
1,32.9905000,-106.9744656,3,1,2026,8,18,1,12,0,29,84,1,0.0000,1,90.00,1,1401.00,11,0.9,2985,0,1
1,32.9905000,-106.9744656,3,1,2026,8,18,1,12,0,29,85,1,0.0000,1,90.00,1,1401.00,11,0.9,2986,0,1
1,32.9905000,-106.9744656,3,1,2026,8,18,1,12,0,29,86,1,0.0000,1,90.00,1,1401.00,11,0.9,2987,0,1
1,32.9905000,-106.9744656,3,1,2026,8,18,1,12,0,29,87,1,0.0000,1,90.00,1,1401.00,11,0.9,2988,0,1
1,32.9905000,-106.9744656,3,1,2026,8,18,1,12,0,29,88,1,0.0000,1,90.00,1,1401.00,11,0.9,2989,0,1
1,32.9905000,-106.9744656,3,1,2026,8,18,1,12,0,29,89,1,0.0000,1,90.00,1,1401.00,11,0.9,2990,0,1
1,32.9905000,-106.9744656,3,1,2026,8,18,1,12,0,29,90,1,0.0000,1,90.00,1,1401.00,11,0.9,2991,0,1
1,32.9905000,-106.9744656,3,1,2026,8,18,1,12,0,29,91,1,0.0000,1,90.00,1,1401.00,11,0.9,2992,0,1
1,32.9905000,-106.9744656,3,1,2026,8,18,1,12,0,29,92,1,0.0000,1,90.00,1,1401.00,11,0.9,2993,0,1
1,32.9905000,-106.9744656,3,1,2026,8,18,1,12,0,29,93,1,0.0000,1,90.00,1,1401.00,11,0.9,2994,0,1
1,32.9905000,-106.9744656,3,1,2026,8,18,1,12,0,29,94,1,0.0000,1,90.00,1,1401.00,11,0.9,2995,0,1
1,32.9905000,-106.9744656,3,1,2026,8,18,1,12,0,29,95,1,0.0000,1,90.00,1,1401.00,11,0.9,2996,0,1
1,32.9905000,-106.9744656,3,1,2026,8,18,1,12,0,29,96,1,0.0000,1,90.00,1,1401.00,11,0.9,2997,0,1
1,32.9905000,-106.9744656,3,1,2026,8,18,1,12,0,29,97,1,0.0000,1,90.00,1,1401.00,11,0.9,2998,0,1
1,32.9905000,-106.9744656,3,1,2026,8,18,1,12,0,29,98,1,0.0000,1,90.00,1,1401.00,11,0.9,2999,0,1
1,32.9905000,-106.9744656,3,1,2026,8,18,1,12,0,29,99,1,0.0000,1,90.00,1,1401.00,11,0.9,3000,0,1
